family,size,seed,label,status,N,E,mean_degree,s,t,terminal_fallback,L,k,wsum,B,Etilde,margin_c1,alphabar,min_edge_weight,max_edge_weight,path_status,scatter_status,n_path_edge,n_path_micro,path_min_weight,scatter_N0,scatter_N1,scatter_N2,scatter_edge_noaux,scatter_edge_aux,scatter_micro_noaux,scatter_micro_aux,ln_ratio_edge,ln_ratio_micro,c_req_edge,c_req_micro,ln_ratio_edge_noaux,ln_ratio_micro_noaux,c_req_edge_noaux,c_req_micro_noaux,frontier,dp_states,dig,max_coeff_bits,coeff_bound_bits,legacy_dig96_exact,n_matching_calls,path_wall_s,scatter_wall_s,peak_rss_mib_after_path,peak_rss_mib_final,censor_note
sparse,20,1,sparse_N20_seed1,ok,20,42,4.2,0,19,0,4,6,1.1047071162611246,1.9257291555404663,0.5736565358024517,3.8526869283950966,0.7705373856790193,0.022617729380726814,0.9628645777702332,ok,ok,13,416,1.1047071162611246,159512,85272,9283,159512,254067,653361152,837504000,9.880403933282993,14.51525133751023,2.5645488763860826,3.7675657553511126,9.414925076025199,14.266955339944817,2.4437295972935824,3.7031182665776488,7,127,24,18,23,1,4,9.287428110837936e-05,0.006051680073142052,35.75,35.75,
sparse,20,2,sparse_N20_seed2,ok,20,47,4.7,0,19,0,6,8,0.9533780571073294,1.977965235710144,0.48199940013861786,6.036001199722764,0.8622858856746807,0.01176380179822445,0.988982617855072,ok,ok,106,13568,0.9533780571073294,115977,201754,53198,115977,370929,7600668672,15083339776,8.160326854499964,13.921387287530582,1.3519425501232125,2.306392399022385,6.997708080455108,13.236032705494615,1.1593284773993278,2.192847924898118,7,128,30,19,29,1,4,0.0005685985088348389,0.007140295580029488,35.7578125,35.7578125,
sparse,20,3,sparse_N20_seed3,ok,20,42,4.2,0,19,0,3,5,0.5259551480412483,1.9248887300491333,0.27323924745916256,3.453521505081675,0.8633803762704187,0.01226256787776947,0.9624443650245667,ok,ok,4,64,0.5259551480412483,90428,37304,2956,90428,130688,92598272,112454656,10.394273720964392,14.37917755722168,3.009760821141483,4.163627629381627,10.02601487181582,14.18489795517549,2.9031279686728655,4.107372122716815,6,63,21,17,20,1,4,5.648098886013031e-05,0.004126233048737049,35.06640625,35.06640625,
sparse,20,4,sparse_N20_seed4,ok,20,39,3.9,0,19,0,3,5,1.4198055565357208,1.9872325658798218,0.7144637124578924,2.571072575084215,0.6427681437710537,0.10577206313610077,0.9936162829399109,ok,ok,2,32,1.4198055565357208,61153,27101,2353,61153,90607,62620672,77098752,10.721139571179673,14.694861748832396,4.169909350314043,5.715459723400095,10.327987019041274,14.486870102400944,4.016995521296392,5.634562883518148,6,63,21,16,20,1,4,6.22384250164032e-05,0.0059282779693603516,35.67578125,35.67578125,
sparse,20,5,sparse_N20_seed5,ok,20,45,4.5,0,4,1,3,5,0.42801838170271367,1.9620612859725952,0.218147304960734,3.563705390078532,0.890926347519633,0.0010000000474974513,0.9810306429862976,ok,ok,5,80,0.42801838170271367,110333,43359,3303,110333,156995,112980992,136026368,10.354531324255456,14.34633267258663,2.9055520001969852,4.02567864126122,10.00182043210439,14.16070351546406,2.8065789220258703,3.973589835705248,6,63,22,17,21,1,4,7.193442434072495e-05,0.006138407625257969,35.5234375,35.5234375,
sparse,20,6,sparse_N20_seed6,ok,20,45,4.5,0,1,1,3,5,0.8361988589167595,1.9720524549484253,0.42402465351188057,3.151950692976239,0.7879876732440597,0.05757014825940132,0.9860262274742126,ok,ok,5,80,0.8361988589167595,139470,49835,3407,139470,192712,142817280,169204992,10.559514212992633,14.564594873573395,3.3501520935981968,4.620819388459638,10.236166890918641,14.395049974278312,3.2475656785268776,4.567028921599577,8,175,22,18,21,1,4,4.84781339764595e-05,0.00493372417986393,35.46875,35.46875,
sparse,20,7,sparse_N20_seed7,ok,20,46,4.6,0,10,1,3,5,0.8624389916658401,1.9201418161392212,0.44915379917089854,3.101692401658203,0.7754231004145508,0.02670235000550747,0.9600709080696106,ok,ok,5,80,0.8624389916658401,137519,60188,4667,137519,202374,140819456,172830464,10.608434837211824,14.585795060418278,3.420208538906187,4.702527901419409,10.222079455926616,14.380962539286287,3.2956457740496017,4.6364889476461455,6,63,22,18,21,1,4,4.4034793972969055e-05,0.004590427502989769,35.53125,35.53125,
sparse,20,8,sparse_N20_seed8,ok,20,45,4.5,0,19,0,3,5,0.6121490746736526,1.9223408699035645,0.3184394007626553,3.3631211984746896,0.8407802996186724,0.014002230949699879,0.9611704349517822,ok,ok,4,64,0.6121490746736526,125556,52294,4097,125556,181947,128569344,156392704,10.72517635373832,14.708997652011316,3.189054369673807,4.373615098582364,10.354212792049157,14.51309587540883,3.0787510116332437,4.315365108456722,7,120,22,17,21,1,4,5.1992014050483704e-05,0.004696997813880444,35.29296875,35.51171875,
sparse,20,9,sparse_N20_seed9,ok,20,43,4.3,0,7,1,3,5,0.8067222386598587,1.9826520681381226,0.40689047343412044,3.186219053131759,0.7965547632829397,0.021887149661779404,0.9913260340690613,ok,ok,4,64,0.8067222386598587,105553,44334,3418,105553,153305,108086272,131660288,10.553890318994172,14.536852504094469,3.3123555358256596,4.562414655642112,10.180674114301219,14.339557197660891,3.1952210267196026,4.50049320481165,7,86,21,17,20,1,4,4.95007261633873e-05,0.004555162973701954,35.50390625,35.50390625,
sparse,20,10,sparse_N20_seed10,ok,20,41,4.1,0,2,1,3,5,1.031369898468256,1.961572289466858,0.5257873513030588,2.9484252973938823,0.7371063243484706,0.029557574540376663,0.980786144733429,ok,ok,5,80,1.031369898468256,80605,32521,2541,80605,115667,82539520,99840768,10.049032739667014,14.037060520189616,3.408271102730454,4.7608669389036224,9.687878048876,13.84676113223567,3.2857803985873852,4.696324219058507,7,116,21,17,20,1,4,4.3109990656375885e-05,0.004368241876363754,35.76953125,35.76953125,
sparse,20,11,sparse_N20_seed11,ok,20,58,5.8,0,19,0,3,5,0.600567638874054,1.9818589687347412,0.3030324802866616,3.393935039426677,0.8484837598566692,0.011468891985714436,0.9909294843673706,ok,ok,12,192,0.600567638874054,416303,120609,6743,416303,543655,426294272,489772288,10.72116348368932,14.751955750658771,3.158918293704408,4.346563967573981,10.454261989710682,14.613145073070354,3.0802775740447514,4.305664340452106,8,219,24,19,23,1,4,7.372815161943436e-05,0.0062196869403123856,35.00390625,35.00390625,
sparse,20,12,sparse_N20_seed12,ok,20,54,5.4,0,19,0,4,6,1.2203858643770218,1.991233468055725,0.6128793453680887,3.7742413092638225,0.7548482618527645,0.012636243365705013,0.9956167340278625,ok,ok,36,1152,1.2203858643770218,713401,304184,25505,713401,1043090,2922090496,3571176448,10.274179081353449,14.946906074451547,2.7221839409514224,3.9602412378256195,9.894280015187991,14.746310279107607,2.6215281971777,3.907092597103687,9,450,26,20,25,1,4,0.00011634733527898788,0.00676342099905014,35.39453125,35.39453125,
sparse,20,13,sparse_N20_seed13,ok,20,42,4.2,0,19,0,5,7,0.9676827490329742,1.998965859413147,0.4840916839455502,5.0318166321088995,0.8386361053514833,0.04635094478726387,0.9994829297065735,ok,ok,47,3008,0.9676827490329742,81240,75234,13252,81240,169726,1331036160,2001633280,8.19179304932636,13.40819863916761,1.6279991200500235,2.6646834770582766,7.455015413984262,13.000192858463825,1.481575335319755,2.5835982924153726,5,32,26,17,25,1,4,0.0001226663589477539,0.0038586370646953583,35.57421875,35.57421875,
sparse,20,14,sparse_N20_seed14,ok,20,49,4.9,0,19,0,5,7,0.8444869760423899,1.9972363710403442,0.4228277575390355,5.154344484921929,0.8590574141536549,0.002763535128906369,0.9986181855201721,ok,ok,78,4992,0.8444869760423899,261954,238130,36621,261954,536705,4291854336,6392614912,8.836495047623472,14.062817330984487,1.7143780501037496,2.728342541349851,8.1192153681199,13.664392812599463,1.5752178365010614,2.651043765617934,8,228,28,19,27,1,4,0.00015662889927625656,0.00551975704729557,35.140625,35.140625,
sparse,20,15,sparse_N20_seed15,ok,20,34,3.4,0,5,1,3,5,1.7517553865909576,1.9017857313156128,0.9211108053582526,2.1577783892834947,0.5394445973208737,0.008429798297584057,0.9508928656578064,ok,ok,2,32,1.7517553865909576,35224,17602,1602,35224,54428,36069376,45491712,10.211486825750804,14.167304810683271,4.732407589428866,6.565690379069753,9.776335766875645,13.935218850235318,4.530741347410539,6.458132549405411,6,63,20,16,19,1,4,3.8514845073223114e-05,0.0036696186289191246,35.23046875,35.23046875,
sparse,20,16,sparse_N20_seed16,ok,20,51,5.1,0,19,0,3,5,0.633087046444416,1.9374867677688599,0.32675683621491586,3.3464863275701684,0.8366215818925421,0.008412538096308708,0.9687433838844299,ok,ok,5,80,0.633087046444416,247492,92065,6227,247492,345784,253431808,302163200,11.144131669206807,15.144451192054191,3.3300992678187296,4.525478280692795,10.809695624802051,14.968578708161722,3.230162793657909,4.472923909726586,7,120,23,18,22,1,4,5.262158811092377e-05,0.005388800986111164,35.49609375,35.49609375,
sparse,20,17,sparse_N20_seed17,ok,20,43,4.3,0,6,1,3,5,0.44196829199790955,1.8905961513519287,0.23377191986869675,3.5324561602626066,0.8831140400656516,0.018606241792440414,0.9452980756759644,ok,ok,5,80,0.44196829199790955,98584,35604,2609,98584,136797,100950016,119847168,10.216815441671464,14.219701254354682,2.892269564900116,4.025443093764418,9.889226343183859,14.04810942654353,2.799532646556237,3.9768673096566265,7,120,21,17,20,1,4,4.541967064142227e-05,0.004444246180355549,35.73828125,35.73828125,
sparse,20,18,sparse_N20_seed18,ok,20,51,5.1,0,1,1,3,5,1.1768634542822838,1.9982143640518188,0.5889575590358256,2.822084881928349,0.7055212204820872,0.015580945648252964,0.9991071820259094,ok,ok,1,16,1.1768634542822838,223142,83867,5868,223142,312877,228497408,272939520,12.653565421042849,16.652172067904644,4.483765000150026,5.900663078754069,12.315563619089884,16.474446702449555,4.3639947536498545,5.8376864593783795,7,119,23,18,22,1,4,4.84781339764595e-05,0.005215735174715519,35.83984375,35.83984375,
sparse,20,19,sparse_N20_seed19,ok,20,55,5.5,0,19,0,4,6,0.7420447319746017,1.9802204370498657,0.3747283474561553,4.25054330508769,0.8501086610175379,0.010749914683401585,0.9901102185249329,ok,ok,14,448,0.7420447319746017,720247,443431,48337,720247,1212015,2950131712,3907775488,11.368737492157177,15.98144088772699,2.674655138450033,3.759858385302885,10.848292158102431,15.700322422022051,2.5522130653550956,3.693721318691082,8,247,26,20,25,1,4,8.696131408214569e-05,0.00682915560901165,34.96484375,34.96484375,
sparse,20,20,sparse_N20_seed20,ok,20,46,4.6,0,19,0,5,7,0.4727617319440469,1.9421769380569458,0.24341846650543703,5.513163066989126,0.9188605111648543,0.0010000000474974513,0.9710884690284729,ok,ok,51,3264,0.4727617319440469,260642,224877,34374,260642,519893,4270358528,6253346816,9.229552667429122,14.465673931846817,1.6740939013199927,2.6238429293815315,8.53907746450138,14.084254908980943,1.54885269322621,2.554659591571396,8,136,27,19,26,1,4,0.00015913136303424835,0.005447204224765301,35.046875,35.046875,
sparse,20,21,sparse_N20_seed21,ok,20,41,4.1,0,19,0,4,6,0.5081664435565472,1.9809839725494385,0.25652223874510177,4.486955522509796,0.8973911045019592,0.010696613229811192,0.9904919862747192,ok,ok,11,352,0.5081664435565472,112095,73406,9111,112095,194612,459141120,618806272,9.780867838988216,14.379671636760328,2.1798450619624705,3.204772493202028,9.229206732234129,14.081236996153745,2.0568973073019756,3.1382608821309086,6,64,24,17,23,1,4,5.9818848967552185e-05,0.004160301759839058,34.9609375,34.9609375,
sparse,20,22,sparse_N20_seed22,ok,20,46,4.6,0,19,0,3,5,0.7132065929472446,1.6471631526947021,0.43299086176160706,3.1340182764767857,0.7835045691191964,0.02670632116496563,0.8235815763473511,ok,ok,2,32,0.7132065929472446,151793,60713,4554,151793,217060,155436032,187686912,11.59478191144006,15.584549868036055,3.699653572050873,4.972705483248158,11.237125849013488,15.396008932373158,3.585532966848582,4.912545995003294,7,116,22,18,21,1,4,7.413327693939209e-05,0.0070760296657681465,35.06640625,35.06640625,
sparse,20,23,sparse_N20_seed23,ok,20,45,4.5,0,5,1,3,5,0.7847799509763718,1.988038182258606,0.3947509449163521,3.210498110167296,0.802624527541824,0.04978625103831291,0.994019091129303,ok,ok,6,96,0.7847799509763718,124500,44828,3199,124500,172527,127488000,151258880,10.266549555716377,14.270155172427781,3.1978058243371454,4.44484148027864,9.940301525658844,14.099184609018515,3.096186692706343,4.391587886118961,8,214,22,17,21,1,4,9.235832840204239e-05,0.007078094407916069,35.3359375,35.3359375,
sparse,20,24,sparse_N20_seed24,ok,20,46,4.6,0,2,1,3,5,0.8329998031258583,1.9927396774291992,0.41801737204354644,3.163965255912907,0.7909913139782268,0.044785384088754654,0.9963698387145996,ok,ok,7,112,0.8329998031258583,142028,54121,3897,142028,200046,145436672,174144256,10.260392470028915,14.256895699876658,3.242890373354766,4.50602157316139,9.917869351188644,14.076752434548318,3.1346328258990366,4.449085655489196,7,120,22,18,21,1,4,9.315274655818939e-05,0.006830185651779175,35.2578125,35.2578125,
sparse,20,25,sparse_N20_seed25,ok,20,50,5.0,0,19,0,3,5,0.9570715576410294,1.9381171464920044,0.49381512328773863,3.012369753424523,0.7530924383561307,0.0225972980260849,0.9690585732460022,ok,ok,8,128,0.9570715576410294,240005,75977,4700,240005,320682,245765120,285868544,10.598763715204516,14.6190123628357,3.5184139341313023,4.852994007862584,10.308973493760615,14.467856577120287,3.422213850753602,4.802815643953713,8,214,23,18,22,1,4,6.248801946640015e-05,0.005323575809597969,35.53125,35.53125,
sparse,20,26,sparse_N20_seed26,ok,20,37,3.7,0,5,1,3,5,0.5019415840506554,1.9947402477264404,0.25163255447558,3.49673489104884,0.87418372276221,0.0152960866689682,0.9973701238632202,ok,ok,3,48,0.5019415840506554,52672,24533,2163,52672,79368,53936128,67050752,10.18323825466163,14.149759372231989,2.9122134139277525,4.046563383587765,9.773226995368633,13.932110078728305,2.7949579536002997,3.9843198048535475,6,63,20,16,19,1,4,6.142351776361465e-05,0.005423440597951412,35.8203125,35.8203125,
sparse,20,27,sparse_N20_seed27,ok,20,43,4.3,0,2,1,3,5,1.3652187585830688,1.986432433128357,0.6872716815406793,2.625456636918641,0.6563641592296603,0.010936771519482136,0.9932162165641785,ok,ok,3,48,1.3652187585830688,108651,46446,3675,108651,158772,111258624,135979776,10.876612201162303,14.856815715852266,4.142750654578551,5.658754940736298,10.497283900839735,14.656166984199407,3.9982697688581283,5.582330623217061,7,120,21,17,20,1,4,4.355795681476593e-05,0.004726872779428959,35.61328125,35.61328125,
sparse,20,28,sparse_N20_seed28,ok,20,48,4.8,0,19,0,4,6,0.8533618301153183,1.941937804222107,0.4394382911028164,4.121123417794367,0.8242246835588735,0.002358771860599518,0.9709689021110535,ok,ok,17,544,0.8533618301153183,352795,185904,18979,352795,557678,1445048320,1845214208,10.398323669811592,15.036911962740676,2.5231769630856613,3.6487409956745385,9.940429086622526,14.792459350542144,2.412067797751775,3.5894240115864076,7,127,25,19,24,1,4,7.04452395439148e-05,0.005027038976550102,35.6484375,35.6484375,
sparse,20,29,sparse_N20_seed29,ok,20,42,4.2,0,2,1,3,5,0.7754707763670012,1.9731574058532715,0.39301009339985066,3.213979813200299,0.8034949533000747,0.0010000000474974513,0.9865787029266357,ok,ok,4,64,0.7754707763670012,97444,35932,2536,97444,135912,99782656,118829056,10.43346853534186,14.434313430753129,3.2462769344381175,4.491102704338475,10.100738771884387,14.25962185524406,3.14275115556082,4.436749041384033,7,120,21,17,20,1,4,4.4172629714012146e-05,0.004445238970220089,35.3515625,35.3515625,
sparse,20,30,sparse_N20_seed30,ok,20,42,4.2,0,19,0,4,6,0.6720628114417195,1.9912468194961548,0.3375085423171054,4.324982915365789,0.8649965830731579,0.014067252166569233,0.9956234097480774,ok,ok,16,512,0.6720628114417195,122538,72926,8366,122538,203830,501915648,659834880,9.452452869837995,14.069175554826366,2.1855468691576427,3.2530014176105606,8.94358774270543,13.795618006625048,2.067889727594223,3.1897508675958024,7,127,24,17,23,1,4,5.9769488871097565e-05,0.004305408336222172,35.65234375,35.65234375,
sparse,20,31,sparse_N20_seed31,ok,20,48,4.8,0,19,0,3,5,0.6542860940098763,1.9732166528701782,0.33158350506426776,3.3368329898714646,0.8342082474678661,0.0010000000474974513,0.9866083264350891,ok,ok,6,96,0.6542860940098763,155871,50092,3426,155871,209389,159611904,186136064,10.460189575769645,14.477640299655988,3.1347656917562943,4.338736863247588,10.165024551837208,14.323907635196878,3.046309054930785,4.2926654341632595,7,120,22,18,21,1,4,8.532032370567322e-05,0.004984818398952484,35.48828125,35.48828125,
sparse,20,32,sparse_N20_seed32,ok,20,49,4.9,0,8,1,3,5,0.48828866705298424,1.8420321941375732,0.26508150541939773,3.4698369891612044,0.8674592472903011,0.013767336495220661,0.9210160970687866,ok,ok,5,80,0.48828866705298424,174933,74194,5596,174933,254723,179131392,218551296,10.83849404677289,14.820504674575272,3.1236320555199852,4.271239461931602,10.462720410020186,14.621603493379858,3.015334853684131,4.213916543933804,7,120,22,18,21,1,4,6.718374788761139e-05,0.005418584682047367,35.41796875,35.41796875,
sparse,20,33,sparse_N20_seed33,ok,20,41,4.1,0,19,0,6,8,1.2619144450873137,1.8626773357391357,0.677473452258745,5.64505309548251,0.8064361564975014,0.007148295175284147,0.9313386678695679,ok,ok,75,9600,1.2619144450873137,36165,50781,14454,36165,101400,2370109440,4270915584,7.209340256602911,13.005575686228235,1.2771076081414063,2.303888992051471,6.178358965747071,12.416683590786578,1.0944731362564761,2.199568964324376,6,56,28,17,27,1,4,0.00020766723901033401,0.003869077190756798,35.41015625,35.41015625,
sparse,20,34,sparse_N20_seed34,ok,20,39,3.9,0,19,0,4,6,1.1828763112425804,1.9952163696289062,0.5928561579827984,3.814287684034403,0.7628575368068806,0.015253056772053242,0.9976081848144531,ok,ok,7,224,1.1828763112425804,103719,67944,8698,103719,180361,424833024,572889088,10.15680552793096,14.754556640388277,2.6628315348222564,3.8682338257145465,9.603530449208735,14.45556071312835,2.5177782183044473,3.7898454208463335,6,64,23,17,22,1,4,5.302019417285919e-05,0.003952015191316605,35.1953125,35.1953125,
sparse,20,35,sparse_N20_seed35,ok,20,51,5.1,0,19,0,3,5,0.3861608486622572,1.982879400253296,0.1947475215148881,3.6105049569702237,0.9026262392425559,0.009137405082583427,0.991439700126648,ok,ok,14,224,0.3861608486622572,240751,77268,4722,240751,322741,246529024,287299072,10.04554809334464,14.064388242016168,2.782311120762017,3.8954075426109873,9.752461153722884,13.911344237082556,2.7011349575619246,3.8530190106029774,7,120,23,18,22,1,4,9.190291166305542e-05,0.007247792556881905,35.72265625,35.72265625,
sparse,20,36,sparse_N20_seed36,ok,20,41,4.1,0,1,1,3,5,1.5339531600475311,1.976662516593933,0.7760318957688072,2.4479362084623855,0.6119840521155964,0.017370378598570824,0.9883312582969666,ok,ok,1,16,1.5339531600475311,85623,34887,2741,85623,123251,87677952,106241792,11.721978205462285,15.708639388780242,4.788514571964755,6.417095075629957,11.357709217627498,15.51659230098717,4.639708003159764,6.338642423502351,6,63,21,17,20,1,4,4.335027188062668e-05,0.00405863206833601,34.95703125,34.95703125,
sparse,20,37,sparse_N20_seed37,ok,20,50,5.0,0,19,0,3,5,0.22623034287244081,1.9385490417480469,0.11670086131452327,3.7665982773709534,0.9416495693427384,0.010786239989101887,0.9692745208740234,ok,ok,7,112,0.22623034287244081,225304,67747,4302,225304,297353,230711296,266499072,10.656765115149096,14.682382448092657,2.829281046288644,3.8980484158084434,10.379295731313057,14.53817881467273,2.7556152705930983,3.859763570226084,8,219,23,18,22,1,4,6.347335875034332e-05,0.005379720591008663,35.42578125,35.42578125,
sparse,20,38,sparse_N20_seed38,ok,20,52,5.2,0,19,0,5,7,0.5044841347262263,1.95037841796875,0.2586596170663274,5.482680765867345,0.9137801276445575,0.010410523973405361,0.975189208984375,ok,ok,69,4416,0.5044841347262263,497164,430586,69765,497164,997515,8145534976,11958652928,9.578915960629818,14.811731359730443,1.7471226886423434,2.7015491129707,8.882568725929396,14.427746170408957,1.6201141567877149,2.6315130839332257,7,127,28,19,27,1,4,0.0002805562689900398,0.007487140595912933,35.7578125,35.7578125,
sparse,20,39,sparse_N20_seed39,ok,20,51,5.1,0,2,1,3,5,0.787838339805603,1.993464708328247,0.39521057810263294,3.209578843794734,0.8023947109486835,0.008179524913430214,0.9967323541641235,ok,ok,6,96,0.787838339805603,235014,87830,6068,235014,328912,240654336,287176704,10.9117860475374,14.911260086174444,3.399756347669661,4.645861906462667,10.575640896591839,14.734523979951511,3.2950244911535176,4.590796704819582,8,177,23,18,22,1,4,5.817972123622894e-05,0.005202737636864185,35.5703125,35.5703125,
sparse,20,40,sparse_N20_seed40,ok,20,46,4.6,0,2,1,3,5,0.34061943273991346,1.9390676021575928,0.17566145314423673,3.6486770937115267,0.9121692734278817,0.014728750102221966,0.9695338010787964,ok,ok,10,160,0.34061943273991346,123235,40292,2646,123235,166173,126192640,147499520,9.718199600338572,13.73416166426774,2.663485792450045,3.7641482958134294,9.41926328765042,13.578146371010094,2.581555738074072,3.7213888821271546,7,120,22,17,21,1,4,8.957460522651672e-05,0.006484577432274818,35.7578125,35.7578125,
sparse,30,1,sparse_N30_seed1,ok,30,72,4.8,0,2,1,3,5,0.7466295585036278,1.9284512996673584,0.38716536872484936,3.2256692625503014,0.8064173156375753,0.0020568431355059147,0.9642256498336792,ok,ok,2,32,0.7466295585036278,3158323,701045,28978,3158323,3888346,3234122752,3600476160,14.480347251812535,18.538596037528954,4.489098563181267,5.747209192448899,14.272404567931547,18.43128765129122,4.424633589572478,5.713942177915335,9,382,25,22,24,1,4,5.66067174077034e-05,0.015124360099434853,35.61328125,35.83203125,
sparse,30,2,sparse_N30_seed2,ok,30,70,4.666666666666667,0,29,0,4,6,1.1927574090659618,1.943657398223877,0.6136664878058803,3.772667024388239,0.7545334048776479,0.005919186398386955,0.9718286991119385,ok,ok,4,128,1.1927574090659618,13957321,4453704,271843,13957321,18682868,57169186816,66568739840,15.356823151050644,20.069470668611956,4.070548249229826,5.319703684124189,15.06522037031828,19.917250634237895,3.99325471156872,5.279355560796569,9,466,28,24,27,1,4,6.86822459101677e-05,0.014740903861820698,35.0390625,35.2578125,
sparse,30,3,sparse_N30_seed3,ok,30,69,4.6,0,29,0,7,9,0.35151765355840325,1.9606691598892212,0.17928453241864842,7.641430935162703,0.9551788668953379,0.002275510225445032,0.9803345799446106,ok,ok,326,83456,0.35151765355840325,195641797,99223506,11708728,195641797,306574031,51286323232768,65059089809408,13.75407243951327,20.474242221011302,1.79993414273009,2.679372802651047,13.304898597464732,20.236370403064186,1.7411527644961224,2.648243578299554,8,256,37,28,36,1,4,0.0008723810315132141,0.014398080296814442,35.15625,35.375,
sparse,30,4,sparse_N30_seed4,ok,30,67,4.466666666666667,0,29,0,8,10,1.5879782810807228,1.9929249286651611,0.7968078768247095,7.406384246350581,0.8229315829278423,0.0033784573897719383,0.9964624643325806,ok,ok,516,264192,1.5879782810807228,185274957,172851754,32909488,185274957,391036199,194274873311232,293525998534656,13.538203928745421,20.828555941790572,1.8279100136367123,2.8122434981757296,12.79124476823267,20.415863754392067,1.7270565964134823,2.7565223562971055,9,512,39,28,38,1,4,0.0015590842813253403,0.016041839495301247,35.65625,35.875,
sparse,30,5,sparse_N30_seed5,ok,30,73,4.866666666666666,0,29,0,6,8,0.3951283609494567,1.978062629699707,0.19975523272963394,6.600489534540732,0.9429270763629617,0.006271730177104473,0.9890313148498535,ok,ok,224,28672,0.3951283609494567,186413493,68979821,5506251,186413493,260899565,12216794677248,14567339868160,13.968000030945046,20.04612682772493,2.116206677981946,3.037066678588372,13.631831793079943,19.870156418119453,2.0652758741217303,3.010406472752939,10,987,35,28,34,1,4,0.0008874824270606041,0.0286983922123909,35.7734375,36.2109375,
sparse,30,6,sparse_N30_seed6,ok,30,73,4.866666666666666,0,29,0,4,6,1.3236220628023148,1.9855246543884277,0.6666359241003788,3.6667281517992425,0.7333456303598485,0.013635074719786644,0.9927623271942139,ok,ok,20,640,1.3236220628023148,19005106,4978797,261989,19005106,24245892,77844914176,88309767168,14.008025485381772,18.742648375539524,3.8203065254532476,5.111545661311874,13.76448596431555,18.61651622823517,3.753887769825913,5.077146561601561,11,1486,29,25,28,1,4,0.00010410044342279434,0.02387884445488453,35.078125,35.515625,
sparse,30,7,sparse_N30_seed7,ok,30,69,4.6,0,1,1,3,5,1.2810858488082886,1.9981175661087036,0.6411463822437531,2.717707235512494,0.6794268088781235,0.03438970074057579,0.9990587830543518,ok,ok,5,80,1.2810858488082886,2908370,566010,21742,2908370,3496122,2978170880,3273533952,13.457726999739748,17.527109322891082,4.951867818537101,6.449226426549177,13.27366543232094,17.43254851568061,4.884141035823474,6.414432094777587,9,382,25,22,24,1,4,5.7835131883621216e-05,0.01456061378121376,35.265625,35.265625,
sparse,30,8,sparse_N30_seed8,ok,30,70,4.666666666666667,0,29,0,3,5,1.058359369635582,1.9468125104904175,0.5436370292119054,2.9127259415761895,0.7281814853940474,0.03870706260204315,0.9734062552452087,ok,ok,4,64,1.058359369635582,2778770,535107,20405,2778770,3334282,2845460480,3124658944,13.633473560679422,17.70370789289913,4.680657855953938,6.0780548008986255,13.451224580595632,17.610107663955304,4.618087952798144,6.04591987615072,8,219,25,22,24,1,4,6.772298365831375e-05,0.011432748287916183,35.49609375,35.71484375,
sparse,30,9,sparse_N30_seed9,ok,30,69,4.6,0,29,0,3,5,0.696834608912468,1.9353750944137573,0.36005144993536536,3.2798971001292694,0.8199742750323173,0.02360587567090988,0.9676875472068787,ok,ok,3,48,0.696834608912468,2916718,579362,22668,2916718,3518748,2986719232,3289155584,13.975003513818208,18.04269569647445,4.260805472606874,5.500994435393519,13.7873572808427,17.94624036420237,4.203594460417464,5.471586399309619,10,638,25,22,24,1,4,5.734618753194809e-05,0.01477709598839283,35.69921875,35.91796875,
sparse,30,10,sparse_N30_seed10,ok,30,72,4.8,0,29,0,7,9,1.5232719518244267,1.9754970073699951,0.7710828951608377,6.4578342096783246,0.8072292762097906,0.011543291620910168,0.9877485036849976,ok,ok,206,52736,1.5232719518244267,187130261,151365715,23530567,187130261,362026543,49055075139584,70436981374976,14.37935192151687,21.012685931521567,2.2266523813768098,3.253828644289127,13.719439346415728,20.650911152015183,2.124464472292347,3.1978075747230803,10,768,38,28,37,1,4,0.0010480443015694618,0.020179638639092445,35.7578125,35.9765625,
sparse,30,11,sparse_N30_seed11,ok,30,79,5.266666666666667,0,29,0,4,6,1.6606888324022293,1.9726548194885254,0.841854751270076,3.316290497459848,0.6632580994919696,0.005259683355689049,0.9863274097442627,ok,ok,7,224,1.6606888324022293,31060086,8693162,460053,31060086,40213301,127222112256,145496802304,15.563798220455082,20.291773894169317,4.693134763789951,6.1188167652116245,15.305523995460183,20.1575542593798,4.615254305129068,6.078343943276296,9,466,30,25,29,1,4,9.257812052965164e-05,0.017942546866834164,34.93359375,35.15234375,
sparse,30,12,sparse_N30_seed12,ok,30,76,5.066666666666666,0,29,0,4,6,0.7005355730652809,1.972406029701233,0.3551680346319938,4.289663930736013,0.8579327861472025,0.006671919487416744,0.9862030148506165,ok,ok,12,384,0.7005355730652809,25266080,6291790,315977,25266080,31873847,103489863680,116699010048,14.792389738451602,19.532221340736037,3.448379634698691,4.553322044830849,14.560066692889565,19.41209695680918,3.394220835941191,4.525318829225507,11,1486,29,25,28,1,4,7.991213351488113e-05,0.024587987922132015,35.08203125,35.73828125,
sparse,30,13,sparse_N30_seed13,ok,30,71,4.733333333333333,0,29,0,4,6,0.9281355440616608,1.9952863454818726,0.4651640834225781,4.069671833154844,0.8139343666309687,0.017913471907377243,0.9976431727409363,ok,ok,20,640,0.9281355440616608,16518466,4167156,215854,16518466,20901476,67659636736,76415006720,13.859598062897003,18.59797676051334,3.405581243673135,4.5698959333770235,13.624257191048766,18.476287454968386,3.347753270928267,4.539994430127161,10,847,29,24,28,1,4,0.00011052750051021576,0.017194689251482487,35.4921875,35.7109375,
sparse,30,14,sparse_N30_seed14,ok,30,69,4.6,0,29,0,4,6,0.6458470970392227,1.9950100183486938,0.32373125503089056,4.352537489938219,0.8705074979876437,0.00261203246191144,0.9975050091743469,ok,ok,12,384,0.6458470970392227,13964562,3833407,213431,13964562,18011400,57198845952,65268216832,14.221608798934854,18.951128476761312,3.267429363172865,4.354041411606614,13.967126742956951,18.81915700687657,3.208961847024827,4.323720829603628,9,424,28,24,27,1,4,8.169934153556824e-05,0.01532356534153223,34.98828125,35.20703125,
sparse,30,15,sparse_N30_seed15,ok,30,60,4.0,0,29,0,4,6,2.7664220333099365,1.9275950193405151,1.4351676599872145,2.129664680025571,0.42593293600511417,0.03942388296127319,0.9637975096702576,ok,ok,2,64,2.7664220333099365,5707601,2057587,140587,5707601,7905775,23378333696,27736232960,15.18995688247592,19.887122361126572,7.132558014857782,9.338147243390347,14.864162172683587,19.716192436603205,6.979578668931633,9.257885817201265,8,247,27,23,26,1,4,9.818375110626221e-05,0.016693505458533764,35.30078125,35.30078125,
sparse,30,16,sparse_N30_seed16,ok,30,73,4.866666666666666,0,29,0,4,6,0.5800591353327036,1.9896870851516724,0.2915328443660708,4.416934311267858,0.8833868622535717,0.0016074397135525942,0.9948435425758362,ok,ok,18,576,0.5800591353327036,17966866,4594872,238274,17966866,22800012,73592283136,83246573568,14.051899862344154,18.788965145921704,3.1813694458839774,4.253847538096719,13.813668083873072,18.66569834779269,3.1274334437425515,4.225939765546298,11,1457,29,25,28,1,4,0.00013625621795654297,0.02740856073796749,35.73828125,36.17578125,
sparse,30,17,sparse_N30_seed17,ok,30,67,4.466666666666667,0,29,0,3,5,0.758664412307553,1.9729759693145752,0.3845279537647476,3.230944092470505,0.8077360231176263,0.0010000000474974513,0.9864879846572876,ok,ok,6,96,0.758664412307553,2516957,487885,19104,2516957,3023946,2577363968,2832051712,13.130313689751208,17.199919081030345,4.06392475820009,5.323496349291089,12.946801720913513,17.105684804273185,4.007126508652735,5.294330175547394,8,219,25,22,24,1,4,8.221808820962906e-05,0.01715494878590107,35.734375,35.734375,
sparse,30,18,sparse_N30_seed18,ok,30,69,4.6,0,29,0,4,6,0.4794916161336005,1.9804185628890991,0.24211630062389564,4.5157673987522085,0.9031534797504417,0.001055168453603983,0.9902092814445496,ok,ok,12,384,0.4794916161336005,13130473,3480085,190194,13130473,16800752,53782417408,61104390144,14.152027555488464,18.88520699973898,3.1339141957132104,4.182059289625351,13.905539620213785,18.757569884133403,3.079330353475723,4.153794522126288,10,848,28,24,27,1,4,8.886493742465973e-05,0.01685362495481968,35.75390625,35.97265625,
sparse,30,19,sparse_N30_seed19,ok,30,69,4.6,0,8,1,3,5,1.2021878361701965,1.9548990726470947,0.6149615870155051,2.7700768259689896,0.6925192064922474,0.011165983974933624,0.9774495363235474,ok,ok,3,48,1.2021878361701965,2773325,561555,22262,2773325,3357142,2839884800,3133100032,13.927988286071784,17.9940877660019,5.028015163875352,6.495880402056163,13.736945230648965,17.895828314008636,4.95904846460123,6.460408659513827,8,219,25,22,24,1,4,6.216112524271011e-05,0.011578172445297241,35.37109375,35.58984375,
sparse,30,20,sparse_N30_seed20,ok,30,70,4.666666666666667,0,29,0,7,9,1.012464877218008,1.9556231498718262,0.5177198261763092,6.964560347647382,0.8705700434559227,0.012608470395207405,0.9778115749359131,ok,ok,463,118528,1.012464877218008,241936019,105511792,10191234,241936019,357639045,63422075764736,77919610077184,13.557307727458625,20.303794272541595,1.9466135765537969,2.915301649931167,13.166456810781515,20.09792861638097,1.8904936067111724,2.8857426187957462,10,1023,37,28,36,1,4,0.0012330291792750359,0.017860394902527332,35.38671875,35.82421875,
sparse,30,21,sparse_N30_seed21,ok,30,76,5.066666666666666,0,29,0,4,6,0.6039647291181609,1.9817712306976318,0.30476006501797415,4.390479869964052,0.8780959739928104,0.0010000000474974513,0.9908856153488159,ok,ok,17,544,0.6039647291181609,23464319,6198420,324101,23464319,29986840,96109850624,109136094208,14.383055832661178,19.116912264218996,3.275964418162551,4.354173764695001,14.137778140785713,18.98980840470533,3.220098613252831,4.325223886030666,10,848,29,25,28,1,4,9.069778025150299e-05,0.020113707520067692,35.38671875,35.82421875,
sparse,30,22,sparse_N30_seed22,ok,30,74,4.933333333333334,0,5,1,3,5,0.22780418954789639,1.9718995094299316,0.11552525291400557,3.7689494941719888,0.9422373735429972,0.00597616471350193,0.9859497547149658,ok,ok,3,48,0.22780418954789639,4039698,768426,28528,4039698,4836652,4136650752,4537388032,14.2931210151281,18.364416349181777,3.792335513444761,4.872555702213332,14.11306820599987,18.27195128935954,3.7445628358308394,4.848022324951255,10,638,25,22,24,1,4,5.787331610918045e-05,0.01678159274160862,34.734375,34.953125,
sparse,30,23,sparse_N30_seed23,ok,30,66,4.4,0,6,1,3,5,0.21178575046360493,1.9444680213928223,0.10891706530195483,3.7821658693960902,0.9455414673490226,0.030154356732964516,0.9722340106964111,ok,ok,3,48,0.21178575046360493,2265892,470490,20324,2265892,2756706,2320273408,2566367232,13.730934758002007,17.794556196567264,3.630442247154662,4.704858753169536,13.534866769689367,17.693749853049038,3.5786021124056413,4.678205680036516,9,381,25,22,24,1,4,5.3200870752334595e-05,0.013572320342063904,35.171875,35.171875,
sparse,30,24,sparse_N30_seed24,ok,30,68,4.533333333333333,0,2,1,3,5,0.8237553387880325,1.986275553703308,0.41472359524950264,3.170552809500995,0.7926382023752487,0.00601243507117033,0.993137776851654,ok,ok,3,48,0.8237553387880325,2730503,536636,20686,2730503,3287825,2796035072,3076088320,13.907124521229377,17.9757235898835,4.386340602671805,5.669586557907753,13.721384110605504,17.880267193965174,4.327757629359619,5.63947938049936,9,382,25,22,24,1,4,5.665794014930725e-05,0.01470151823014021,35.40625,35.40625,
sparse,30,25,sparse_N30_seed25,ok,30,69,4.6,0,29,0,5,7,0.47177067399024963,1.979468822479248,0.23833195483188546,5.523336090336229,0.9205560150560381,0.01279886532574892,0.989734411239624,ok,ok,31,1984,0.47177067399024963,48793314,15732362,1045073,48793314,65570749,799429656576,932589785088,14.564653050596235,19.968360980261206,2.636930437037668,3.6152717585298433,14.269116648755027,19.81429409323459,2.583423571439124,3.5873779486101145,8,255,32,26,31,1,4,0.00013782456517219543,0.013664125464856625,35.44140625,35.66015625,
sparse,30,26,sparse_N30_seed26,ok,30,62,4.133333333333334,0,2,1,3,5,0.7399814575910568,1.9321943521499634,0.3829746509545871,3.234050698090826,0.8085126745227065,0.029074037447571754,0.9660971760749817,ok,ok,4,64,0.7399814575910568,1659531,357626,15331,1659531,2032488,1699359744,1886388992,13.138476855207742,17.19904716891691,4.06254511191301,5.318113033623781,12.9357512291732,17.09463431253287,3.999860372259974,5.285827560657734,8,219,24,21,23,1,4,5.52469864487648e-05,0.0111778499558568,35.55859375,35.55859375,
sparse,30,27,sparse_N30_seed27,ok,30,72,4.8,0,3,1,3,5,1.0807764008641243,1.9179712533950806,0.563499791225232,2.873000417549536,0.718250104387384,0.019130803644657135,0.9589856266975403,ok,ok,3,48,1.0807764008641243,3524497,706931,27356,3524497,4258784,3609084928,3978036736,14.165881942820588,18.23285324121901,4.930692615388853,6.346275875856061,13.976636000343031,18.1355190837027,4.864822126362273,6.312396953694494,10,638,25,22,24,1,4,6.139371544122696e-05,0.016598915681242943,35.5,35.71875,
sparse,30,28,sparse_N30_seed28,ok,30,71,4.733333333333333,0,29,0,3,5,1.0552734434604645,1.9441969394683838,0.5427811463117598,2.9144377073764804,0.7286094268441201,0.016152679920196533,0.9720984697341919,ok,ok,4,64,1.0552734434604645,3152188,621188,23689,3152188,3797065,3227840512,3551953152,13.763444596725506,17.831880389440496,4.722504297103364,6.118463381223682,13.577313011731395,17.736196095091067,4.658638946842829,6.085632247414491,9,382,25,22,24,1,4,9.823869913816452e-05,0.019451066851615906,35.80859375,35.80859375,
sparse,30,29,sparse_N30_seed29,ok,30,60,4.0,0,29,0,4,6,0.8948018252849579,1.9979218244552612,0.44786628502290277,4.104267429954194,0.820853485990839,0.004616254940629005,0.9989609122276306,ok,ok,6,192,0.8948018252849579,5654531,1762805,110814,5654531,7528150,23160958976,26884657152,14.042400416431837,18.757326222709153,3.421414577896684,4.570200783168385,13.756208259409618,18.608238523329234,3.3516841907066337,4.533875738096558,8,190,27,23,26,1,4,0.00010537263005971909,0.014810972847044468,35.72265625,35.72265625,
sparse,30,30,sparse_N30_seed30,ok,30,62,4.133333333333334,0,29,0,4,6,0.597715076059103,1.9544308185577393,0.3058256503037459,4.388348699392508,0.8776697398785016,0.0010000000474974513,0.9772154092788696,ok,ok,6,192,0.597715076059103,6829893,2062527,126532,6829893,9018952,27975241728,32328865792,14.223079229807833,18.941730973825912,3.241100515047215,4.316368700702401,13.94506009601758,18.797090359937194,3.177746585622978,4.283408554689223,9,466,27,23,26,1,4,8.506327867507935e-05,0.01291133277118206,35.73046875,35.73046875,
sparse,30,31,sparse_N30_seed31,ok,30,80,5.333333333333333,0,29,0,3,5,0.8874894082546234,1.9888250827789307,0.44623804071022616,3.1075239185795476,0.7768809796448869,0.00945036206394434,0.9944125413894653,ok,ok,6,96,0.8874894082546234,5608891,972972,33308,5608891,6615171,5743504384,6250192896,13.91311673630916,17.991529972110623,4.477235606498199,5.7896674147996805,13.748104106019575,17.906987189379247,4.42413460563285,5.762461579882078,11,1023,26,23,25,1,4,0.00010879989713430405,0.02789936400949955,35.75390625,35.97265625,
sparse,30,32,sparse_N30_seed32,ok,30,71,4.733333333333333,0,8,1,3,5,0.691915787756443,1.9610052108764648,0.35283730197085683,3.2943253960582863,0.8235813490145716,0.02160951867699623,0.9805026054382324,ok,ok,5,80,0.691915787756443,3243131,622195,23596,3243131,3888922,3320966144,3645570560,13.564204643932836,17.6347520877192,4.11744530766834,5.353069283568486,13.38261186673578,17.54149495009545,4.062322405293749,5.324760866392899,10,609,25,22,24,1,4,6.82855024933815e-05,0.016570348292589188,35.35546875,35.35546875,
sparse,30,33,sparse_N30_seed33,ok,30,70,4.666666666666667,0,29,0,5,7,1.2177270101383328,1.9844998121261597,0.613619110819507,4.7727617783609855,0.7954602963934977,0.008166310377418995,0.9922499060630798,ok,ok,51,3264,1.2177270101383328,56210523,18578712,1277966,56210523,76067201,920953208832,1078384566272,14.215302098515018,19.615776549226652,2.9784227159556025,4.10994251549737,13.91278890660488,19.457966351084444,2.9150394578006096,4.07687776065088,10,968,32,26,31,1,4,0.00018307939171791077,0.01674623228609562,35.56640625,35.78515625,
sparse,30,34,sparse_N30_seed34,ok,30,65,4.333333333333333,0,29,0,3,5,0.9316656589508057,1.9797457456588745,0.47059864176687005,3.0588027164662597,0.7647006791165649,0.003437979379668832,0.9898728728294373,ok,ok,3,48,0.9316656589508057,2035763,426629,17382,2035763,2479774,2084621312,2307505152,13.625065696288296,17.68823174615029,4.45437870933661,5.782730494820849,13.42776895649376,17.58665203985343,4.389877413214294,5.7495215187237525,9,318,24,21,23,1,4,6.992742419242859e-05,0.012022698298096657,35.8046875,35.8046875,
sparse,30,35,sparse_N30_seed35,ok,30,67,4.466666666666667,0,29,0,7,9,0.7503505701897666,1.9628080129623413,0.38228424035079733,7.235431519298405,0.9044289399123007,0.0010000000474974513,0.9814040064811707,ok,ok,376,96256,0.7503505701897666,107650184,56511018,6395104,107650184,170556306,28219849834496,36045971521536,13.024986897249779,19.74104963857047,1.800167255057203,2.7283859415871703,12.564808347626208,19.496280153225662,1.7365665495020224,2.694556655152497,9,384,37,27,36,1,4,0.0011962400749325752,0.012485846877098083,35.41015625,35.62890625,
sparse,30,36,sparse_N30_seed36,ok,30,68,4.533333333333333,0,29,0,4,6,1.0939385872334242,1.9264591932296753,0.5678493430216164,3.8643013139567675,0.7728602627913534,0.028358561918139458,0.9632295966148376,ok,ok,7,224,1.0939385872334242,12908879,3791131,219831,12908879,16919841,52874768384,60864111616,14.698087365879763,19.42026348587171,3.8035562373965024,5.025556215228661,14.427515778084159,19.279546042003773,3.7335379945595952,4.989141496904366,9,466,28,24,27,1,4,0.00010850280523300171,0.022757302038371563,35.68359375,35.90234375,
sparse,30,37,sparse_N30_seed37,ok,30,67,4.466666666666667,0,29,0,4,6,0.9385236974339932,1.9755778312683105,0.47506288164383076,4.049874236712339,0.8099748473424677,0.001834991155192256,0.9877889156341553,ok,ok,3,96,0.9385236974339932,12842800,3588451,198339,12842800,16629590,52604108800,60156355584,15.528081907957754,20.25586474456179,3.8342133607989144,5.00160339818487,15.269681612320317,20.121711876239935,3.7704088373658102,4.968478204541633,9,466,28,24,27,1,4,9.301584213972092e-05,0.014197022654116154,35.29296875,35.51171875,
sparse,30,38,sparse_N30_seed38,ok,30,76,5.066666666666666,0,29,0,4,6,0.8791762292385101,1.984790563583374,0.44295667531350547,4.1140866493729895,0.8228173298745978,0.02779102325439453,0.992395281791687,ok,ok,9,288,0.8791762292385101,26215199,6658347,339906,26215199,33213452,107377455104,121361813504,15.121240955209847,19.859081634916418,3.6754794548419176,4.827093672891663,14.884625337697551,19.73665560161717,3.617965931749652,4.797335905558807,10,848,29,25,28,1,4,8.78460705280304e-05,0.02093543205410242,35.4140625,35.8515625,
sparse,30,39,sparse_N30_seed39,ok,30,70,4.666666666666667,0,2,1,3,5,0.5899755395948887,1.9975392818450928,0.2953511577754498,3.4092976844491005,0.8523244211122751,0.006932005751878023,0.9987696409225464,ok,ok,2,32,0.5899755395948887,3023576,642900,25938,3023576,3692414,3096141824,3431946752,14.428643822102877,18.490657600500526,4.232145490819574,5.4235972660417255,14.228803614250833,18.387686697610505,4.173529251831827,5.39339429979454,9,382,25,22,24,1,4,5.267281085252762e-05,0.01594382431358099,35.71875,35.71875,
sparse,30,40,sparse_N30_seed40,ok,30,70,4.666666666666667,0,29,0,3,5,0.7544117793440819,1.9917683601379395,0.3787648174569031,3.2424703650861937,0.8106175912715484,0.0019122078083455563,0.9958841800689697,ok,ok,7,112,0.7544117793440819,2964378,576061,22222,2964378,3562661,3035523072,3336155136,13.140108146465014,17.20958595266368,4.052499072297833,5.307553813897757,12.956267638575868,17.115150721935542,3.995801404412051,5.278429343942693,8,219,25,22,24,1,4,7.724948227405548e-05,0.013384362682700157,35.7109375,35.7109375,
sparse,40,1,sparse_N40_seed1,ok,40,91,4.55,0,39,0,5,7,1.3301469753496349,1.9977593421936035,0.6658194244203063,4.668361151159387,0.7780601918598979,0.005525731481611729,0.9988796710968018,ok,ok,29,1856,1.3301469753496349,895381412,192664231,8767761,895381412,1096813404,14669929054208,16284147183616,17.448379077157792,22.895034271724167,3.737581243650031,4.9042980031735945,17.245464514132063,22.790641958611623,3.6941153342108404,4.881936341397145,12,3302,34,30,33,1,4,0.0002511255443096161,0.08930979948490858,35.7421875,37.0546875,
sparse,40,2,sparse_N40_seed2,ok,40,87,4.35,0,39,0,3,5,0.720255933701992,1.9721373319625854,0.3652159117059179,3.269568176588164,0.817392044147041,0.0017783637158572674,0.9860686659812927,ok,ok,2,32,0.720255933701992,13096814,2052145,61918,13096814,15210877,13411137536,14477686784,15.84437414144787,19.93013855585628,4.846014300879841,6.095648562573677,15.694732371925165,19.853615455284835,4.800246247901402,6.0722439120392755,11,1024,27,24,26,1,4,8.987355977296829e-05,0.04942421521991491,35.1875,35.625,
sparse,40,3,sparse_N40_seed3,ok,40,98,4.9,0,39,0,3,5,0.25552692636847496,1.9968522787094116,0.12796486204458996,3.74407027591082,0.936017568977705,0.00391160836443305,0.9984261393547058,ok,ok,5,80,0.25552692636847496,23978225,3071768,77819,23978225,27127812,24553702400,26146369280,15.506632120220388,19.604949541079,4.1416509246606195,5.236266441689507,15.383218772373244,19.542101855732916,4.108688576533454,5.2194805160218065,12,1586,28,25,27,1,4,0.0001498013734817505,0.06260423455387354,35.046875,35.703125,
sparse,40,4,sparse_N40_seed4,ok,40,88,4.4,0,39,0,5,7,1.4238367080688477,1.974546194076538,0.7210956686352694,4.557808662729461,0.7596347771215769,0.015220933593809605,0.987273097038269,ok,ok,4,256,1.4238367080688477,713321564,172098259,8634522,713321564,894054345,11687060504576,13132256444416,19.22498275876095,24.660915199104785,4.2180319933061865,5.410695582893666,18.99914851699064,24.5443259614702,4.168483129261712,5.385115474937848,11,1816,34,30,33,1,4,7.450487464666367e-05,0.043563224375247955,35.81640625,36.47265625,
sparse,40,5,sparse_N40_seed5,ok,40,112,5.6,0,39,0,3,5,0.3522641249001026,1.9983102083206177,0.1762810015348647,3.647437996930271,0.9118594992325677,0.0015862570144236088,0.9991551041603088,ok,ok,3,48,0.3522641249001026,46696601,5268383,117387,46696601,52082371,47817319424,50544782592,16.669724792273865,20.7749245533592,4.570255836097369,5.695758110444546,16.560569647596243,20.71945273095591,4.540329311021551,5.6805496757980976,13,2380,28,26,27,1,4,0.00013294070959091187,0.07159761432558298,35.87890625,36.53515625,
sparse,40,6,sparse_N40_seed6,ok,40,94,4.7,0,1,1,3,5,0.6038543954491615,1.9629098176956177,0.30763226614153055,3.384735467716939,0.8461838669292348,0.0017139381961897016,0.9814549088478088,ok,ok,3,48,0.6038543954491615,20407608,2692085,70511,20407608,23170204,20897390592,22293788928,15.859765412190255,19.956372942301673,4.68567353740289,5.895991912113174,15.732806041797533,19.8916891251572,4.648164145131724,5.876881462342013,12,1586,27,25,26,1,4,0.0001325756311416626,0.04872986953705549,35.8046875,36.2421875,
sparse,40,7,sparse_N40_seed7,ok,40,92,4.6,0,39,0,4,6,0.9886033236980438,1.9829978942871094,0.4985397748258569,4.002920450348286,0.8005840900696573,0.004284015391021967,0.9914989471435547,ok,ok,10,320,0.9886033236980438,161187925,29068947,1064207,161187925,191321079,660225740800,720848692224,16.766878523532256,21.53537409819513,4.188661436445334,5.379915580466102,16.5954963852892,21.447526649208818,4.145847161125887,5.35796974115304,12,2510,31,28,30,1,4,0.000132841058075428,0.06247727293521166,35.3671875,36.2421875,
sparse,40,8,sparse_N40_seed8,ok,40,96,4.8,0,39,0,5,7,0.7686357535421848,1.985764980316162,0.38707287174527927,5.225854256509441,0.8709757094182402,0.002101245801895857,0.992882490158081,ok,ok,42,2688,0.7686357535421848,1242830530,273442962,12447921,1242830530,1528721413,20362535403520,22653566832640,17.41002792691628,22.854785729871246,3.331518077686525,4.373406644741922,17.202987682395335,22.748165126874895,3.2918996278870405,4.353004123400355,12,3302,35,31,34,1,4,0.00017867796123027802,0.07313931547105312,35.671875,36.984375,
sparse,40,9,sparse_N40_seed9,ok,40,93,4.65,0,6,1,3,5,1.2323545962572098,1.9844938516616821,0.6209918943438997,2.7580162113122006,0.6895040528280502,0.005529068876057863,0.9922469258308411,ok,ok,2,32,1.2323545962572098,18647901,2641076,72441,18647901,21361418,19095450624,20466226432,16.18394977506068,20.2763059705632,5.867967602467691,7.351771859570108,16.048096970243385,20.206980053603058,5.818710167264778,7.326635706752804,12,1586,27,25,26,1,4,0.00011764280498027802,0.04398061893880367,35.640625,36.078125,
sparse,40,10,sparse_N40_seed10,ok,40,90,4.5,0,39,0,3,5,1.1411845684051514,1.9953805208206177,0.5719132548892626,2.856173490221475,0.7140433725553688,0.004632831551134586,0.9976902604103088,ok,ok,3,48,1.1411845684051514,15990579,2270550,62964,15990579,18324093,16374352896,17552993280,15.625115020618848,19.717289318672115,5.470646329473227,6.903393433969302,15.48889800561779,19.64778108897746,5.422954193310134,6.879057296849962,9,382,27,24,26,1,4,5.443114787340164e-05,0.025282670743763447,35.86328125,35.86328125,
sparse,40,11,sparse_N40_seed11,ok,40,102,5.1,0,39,0,5,7,1.2934637814760208,1.996532678604126,0.6478550515788927,4.704289896842215,0.7840483161403691,0.006105596665292978,0.998266339302063,ok,ok,30,1920,1.2934637814760208,1999696483,437348870,19690885,1999696483,2456736238,32763027177472,36426442985472,18.22090219181939,23.666235617453072,3.873252412452364,5.030777468314439,18.015063865827717,23.560241310307276,3.8294969614692422,5.0082460534845525,14,9908,36,31,35,1,4,0.00019001029431819916,0.13442379143089056,35.42578125,38.48828125,
sparse,40,12,sparse_N40_seed12,ok,40,102,5.1,0,4,1,3,5,0.5773337930440903,1.9853651523590088,0.290794765062791,3.418410469874418,0.8546026174686046,0.008818741887807846,0.9926825761795044,ok,ok,4,64,0.5773337930440903,30904176,3725042,89806,30904176,34719024,31645876224,33576088064,15.976503975642345,20.078196902440418,4.673664592488003,5.873547685213481,15.860107517247801,20.018990600607474,4.63961471479768,5.856227851227857,13,2380,28,25,27,1,4,0.0002197958528995514,0.07953961566090584,35.8359375,36.4921875,
sparse,40,13,sparse_N40_seed13,ok,40,101,5.05,0,8,1,3,5,0.5824845823226497,1.9637559652328491,0.2966176004733778,3.4067647990532444,0.8516911997633111,0.0010000000474974513,0.9818779826164246,ok,ok,3,48,0.5824845823226497,28595142,3445025,86189,28595142,32126356,29281425408,31067342592,16.186575021737458,20.28822201607849,4.751303942742329,5.95527522819206,16.070135112554244,20.229018195913913,4.717124914822476,5.937896916610049,13,2380,28,25,27,1,4,0.00013813097029924393,0.05612900760024786,35.71484375,36.37109375,
sparse,40,14,sparse_N40_seed14,ok,40,99,4.95,0,39,0,4,6,1.3494136780500412,1.9925262928009033,0.6772375767012662,3.6455248465974677,0.7291049693194935,0.006585422437638044,0.9962631464004517,ok,ok,13,416,1.3494136780500412,237097536,37740302,1244516,237097536,276082354,971151507456,1049718030336,16.87126040577019,21.64885744123557,4.627937297291197,5.9384748019044284,16.719032801280537,21.57106306520015,4.586179906820595,5.917135110280045,11,1486,32,28,31,1,4,0.0001880032941699028,0.06705231126397848,35.7421875,36.3984375,
sparse,40,15,sparse_N40_seed15,ok,40,96,4.8,0,1,1,3,5,0.19493736769072711,1.931943655014038,0.10090220135809842,3.798195597283803,0.9495488993209508,0.0024523332249373198,0.965971827507019,ok,ok,4,64,0.19493736769072711,22298938,2837773,72450,22298938,25209161,22834112512,24305599488,15.656423657046137,19.755089508992896,4.122068823480941,5.201177507319612,15.533755250858043,19.692638334217715,4.089772328198861,5.184735180120918,12,1540,27,25,26,1,4,0.00011488795280456543,0.04212220385670662,35.57421875,36.23046875,
sparse,40,16,sparse_N40_seed16,ok,40,107,5.35,0,39,0,6,8,0.9469970986247063,1.991058588027954,0.47562492852742244,6.048750142945155,0.8641071632778793,0.012931963428854942,0.995529294013977,ok,ok,184,23552,0.9469970986247063,15801815312,3651241947,182862780,15801815312,19635920039,1035587768287232,1158227688194048,18.485690623361563,24.618701355134558,3.056117410457431,4.070047658332872,18.268454905935187,24.506779530974693,3.0202032608740255,4.051544360706932,14,12911,40,34,39,1,4,0.0007276302203536034,0.16924326866865158,35.52734375,40.71875,
sparse,40,17,sparse_N40_seed17,ok,40,93,4.65,0,39,0,3,5,0.6330336183309555,1.9971791505813599,0.3169638628295741,3.3660722743408518,0.8415180685852129,0.007796113844960928,0.9985895752906799,ok,ok,3,48,0.6330336183309555,19303149,2617235,70330,19303149,21990714,19766424576,21124453376,15.807518542639949,19.902496123254668,4.696131649679268,5.912676407743502,15.677166512519522,19.83604959587919,4.657406387861783,5.892936330300129,11,1024,27,25,26,1,4,0.00015322770923376083,0.05241625104099512,35.78125,36.0,
sparse,40,18,sparse_N40_seed18,ok,40,90,4.5,0,39,0,5,7,1.0952063722070307,1.9972459077835083,0.5483583007675116,4.903283398464977,0.8172138997441628,0.0014159770216792822,0.9986229538917542,ok,ok,50,3200,1.0952063722070307,832845059,183756036,8528548,832845059,1025129643,13645333446656,15185595826176,16.8360619170862,22.28046236268071,3.433630192037626,4.543988293569945,16.628335173800714,22.173512618280277,3.391265367000077,4.522176430842632,12,3302,34,30,33,1,4,0.00018562749028205872,0.057606021873652935,35.4375,36.75,
sparse,40,19,sparse_N40_seed19,ok,40,81,4.05,0,39,0,4,6,1.6587572395801544,1.989448070526123,0.8337776010114628,3.3324447979770744,0.6664889595954149,0.015979602932929993,0.9947240352630615,ok,ok,2,64,1.6587572395801544,72402204,14799022,618928,72402204,87820154,296559427584,327501606912,17.597654396123247,22.355875715251535,5.280703946485691,6.708550949987959,17.404600118321603,22.25663038224122,5.222772220829249,6.678769411499891,9,466,30,27,29,1,4,0.00010496843606233597,0.03928059432655573,35.88671875,36.10546875,
sparse,40,20,sparse_N40_seed20,ok,40,103,5.15,0,39,0,5,7,1.0977145358920097,1.978919267654419,0.5547040517691826,4.890591896461634,0.8150986494102724,0.006330200470983982,0.9894596338272095,ok,ok,47,3008,1.0977145358920097,2137712662,451319482,19707697,2137712662,2608739841,35024284254208,38802216177664,17.83198552043584,23.280467793837907,3.646181463911835,4.760255667761081,17.63285464311038,23.178032087589948,3.605464331601218,4.739310205858591,13,5812,36,31,35,1,4,0.000291433185338974,0.09260664694011211,35.68359375,37.65234375,
sparse,40,21,sparse_N40_seed21,ok,40,103,5.15,0,39,0,3,5,1.305247038602829,1.9886455535888672,0.6563497634092093,2.6873004731815815,0.6718251182953954,0.0010000000474974513,0.9943227767944336,ok,ok,1,16,1.305247038602829,30316422,4139143,106971,30316422,34562536,31044016128,33190641920,17.358280878837604,21.45294508101677,6.459374771101267,7.983083877337297,17.227200103859396,21.386083187219068,6.410596907856589,7.958203185927846,13,2380,28,25,27,1,4,0.0001112157478928566,0.05607687309384346,35.453125,36.328125,
sparse,40,22,sparse_N40_seed22,ok,40,108,5.4,0,39,0,3,5,1.049773097038269,1.9962561130523682,0.5258709492105786,2.9482581015788427,0.7370645253947107,0.00185249128844589,0.9981280565261841,ok,ok,2,32,1.049773097038269,39875278,4845195,114675,39875278,44835148,40832284672,43342381312,16.925355762795423,21.026660873646268,5.740798525655404,7.131892849674908,16.80811991027187,20.967002993631542,5.701034078824657,7.111657891282772,13,2380,28,26,27,1,4,0.0001516668125987053,0.08494260255247355,35.8203125,36.4765625,
sparse,40,23,sparse_N40_seed23,ok,40,85,4.25,0,39,0,3,5,0.6776653006672859,1.9776259660720825,0.3426660613752205,3.3146678772495592,0.8286669693123898,0.005018663592636585,0.9888129830360413,ok,ok,1,16,0.6776653006672859,12504958,1760185,50131,12504958,14315274,12805076992,13719125248,16.476837637092608,20.569467977537375,4.970886449946454,6.205589440413403,16.34163576363168,20.50051884699135,4.930097484515287,6.184788221980853,11,886,26,24,25,1,4,6.417836993932724e-05,0.030084064230322838,35.41015625,35.62890625,
sparse,40,24,sparse_N40_seed24,ok,40,90,4.5,0,39,0,5,7,1.3592073367908597,1.9592453241348267,0.6937402478635825,4.612519504272835,0.7687532507121392,0.008947138674557209,0.9796226620674133,ok,ok,29,1856,1.3592073367908597,819508336,183367825,8678770,819508336,1011554931,13426824577024,14964522041344,17.367458689586588,22.81052440494361,3.7652867751557775,4.945350232950331,17.15691929816608,22.702096742645644,3.7196415716557225,4.9218429800926415,11,1816,34,30,33,1,4,0.00019046198576688766,0.04001432377845049,35.546875,36.203125,
sparse,40,25,sparse_N40_seed25,ok,40,90,4.5,0,39,0,7,9,1.413793906569481,1.9935458898544312,0.709185534059974,6.5816289318800525,0.8227036164850066,0.05156373605132103,0.9967729449272156,ok,ok,334,85504,1.413793906569481,14470882993,4873138243,351860547,14470882993,19695881783,3793455151316992,4455246659911680,17.892534411312155,24.676540383828044,2.718557153023989,3.7493059300715017,17.58426340507336,24.51573521067282,2.6717190511757383,3.7248735023519264,13,7814,41,34,40,1,4,0.002662862651050091,0.14515550434589386,35.75,38.8125,
sparse,40,26,sparse_N40_seed26,ok,40,92,4.6,0,39,0,6,8,1.1597946763504297,1.9667868614196777,0.5896900671348088,5.820619865730382,0.8315171236757689,0.0023541070986539125,0.9833934307098389,ok,ok,88,11264,1.1597946763504297,4637875243,1336312267,81409947,4637875243,6055597457,303947791925248,349069892861952,18.04691206628183,24.156926205762673,3.1005137738912056,4.15023258055204,17.780185362060937,24.018509987100444,3.054689323854315,4.126452257862154,11,1939,38,33,37,1,4,0.00040474627166986465,0.06381324864923954,35.78515625,36.87890625,
sparse,40,27,sparse_N40_seed27,ok,40,104,5.2,0,39,0,4,6,1.0932416915893555,1.9867668151855469,0.5502617032020721,3.899476593595856,0.7798953187191712,0.002861851593479514,0.9933834075927734,ok,ok,9,288,1.0932416915893555,312690535,51831064,1733802,312690535,366255401,1280780431360,1388705863680,17.52161688760828,22.296432915930733,4.493325313552127,5.717801448673486,17.36349997600567,22.215530239925283,4.452777073857013,5.697054388378697,12,2510,32,29,31,1,4,0.00013511907309293747,0.06314600445330143,35.7734375,36.6484375,
sparse,40,28,sparse_N40_seed28,ok,40,88,4.4,0,3,1,3,5,1.3652088791131973,1.9864846467971802,0.6872486436350419,2.625502712729916,0.656375678182479,0.0080494349822402,0.9932423233985901,ok,ok,2,32,1.3652088791131973,14026189,1921188,53344,14026189,16000721,14362817536,15360121856,15.894997161128826,19.989304595168075,6.054077599714876,7.613515117790078,15.763289602403306,19.92217268576298,6.003912898651371,7.587945953804986,12,1586,27,24,26,1,4,7.539987564086914e-05,0.03673883993178606,35.1484375,35.5859375,
sparse,40,29,sparse_N40_seed29,ok,40,86,4.3,0,3,1,3,5,1.125693529844284,1.9770115613937378,0.569391475409836,2.861217049180328,0.715304262295082,0.001807479071430862,0.9885057806968689,ok,ok,3,48,1.125693529844284,12636830,1626842,43812,12636830,14307484,12940113920,13784272896,15.377681026302058,19.475593123094868,5.3745244635346365,6.806751388774987,15.25351383542228,19.412396918781948,5.331127828904855,6.784664212854158,10,638,27,24,26,1,4,0.00010259449481964111,0.03932843916118145,35.4765625,35.6953125,
sparse,40,30,sparse_N40_seed30,ok,40,85,4.25,0,4,1,3,5,1.7558242082595825,1.9715595245361328,0.8905763109905047,2.2188473780189906,0.5547118445047476,0.004317533690482378,0.9857797622680664,ok,ok,2,32,1.7558242082595825,12099592,1836966,54273,12099592,13990831,12389982208,13344402688,15.760765563888755,19.84862695676578,7.10313188731355,8.94546743205332,15.61553511043026,19.774418193789934,7.0376787809407455,8.912022696867387,12,1410,26,24,25,1,4,8.4657222032547e-05,0.04906065855175257,35.61328125,36.05078125,
sparse,40,31,sparse_N40_seed31,ok,40,100,5.0,0,39,0,4,6,0.8055537575855851,1.9913345575332642,0.40452959274882105,4.190940814502358,0.8381881629004716,0.006695062853395939,0.9956672787666321,ok,ok,6,192,0.8055537575855851,245776549,41845277,1420846,245776549,289042672,1006700744704,1093854818304,17.690325419928115,22.463233731876628,4.221086911729318,5.3599501224509565,17.52817387448181,22.380204138401425,4.182395946472735,5.340138438833788,13,4096,32,28,31,1,4,0.00022089295089244843,0.11451492086052895,35.34765625,36.66015625,
sparse,40,32,sparse_N40_seed32,ok,40,101,5.05,0,39,0,6,8,1.591232966631651,1.995699405670166,0.7973309818656316,5.405338036268737,0.772191148038391,0.01709291711449623,0.997849702835083,ok,ok,242,30976,1.591232966631651,10266334562,2416378374,122889622,10266334562,12805602558,672814501855232,754007811981312,17.784210885796412,23.915455854524453,3.2901200195932088,4.424414475848971,17.5631981637208,23.80152278876031,3.249232156411912,4.40333659598287,12,3797,39,34,38,1,4,0.0007364917546510696,0.0927449343726039,35.6953125,37.2265625,
sparse,40,33,sparse_N40_seed33,ok,40,109,5.45,0,39,0,3,5,0.5276131220161915,1.9725877046585083,0.2674725796831077,3.4650548406337847,0.8662637101584462,0.0010000000474974513,0.9862938523292542,ok,ok,2,32,0.5276131220161915,41680355,4931606,114565,41680355,46726526,42680683520,45234994432,16.966675389388687,21.069400934533856,4.896509916791203,6.080538953513389,16.852393292087644,21.011276375447313,4.863528592524444,6.063764454476626,13,2380,28,26,27,1,4,0.00011221785098314285,0.05991335306316614,35.37109375,36.02734375,
sparse,40,34,sparse_N40_seed34,ok,40,89,4.45,0,39,0,3,5,1.1274440810084343,1.9523016214370728,0.5774948238677035,2.845010352264593,0.7112525880661482,0.009083632379770279,0.9761508107185364,ok,ok,1,16,1.1274440810084343,15880730,2219633,61565,15880730,18161928,16261867520,17414080256,16.714838092902944,20.80795620380807,5.875141396093038,7.313841999641652,16.580616982499986,20.73950006585966,5.82796367306784,7.289780175791373,11,1024,27,24,26,1,4,6.055179983377457e-05,0.033983963541686535,35.7578125,35.9765625,
sparse,40,35,sparse_N40_seed35,ok,40,101,5.05,0,1,1,3,5,0.21488603204488754,1.9765832424163818,0.10871590299540758,3.7825681940091846,0.9456420485022962,0.0031920706387609243,0.9882916212081909,ok,ok,5,80,0.21488603204488754,27833417,3476121,85955,27833417,31395493,28501419008,30303197440,15.652736993110395,19.752492435292975,4.1381242029955025,5.221979200950531,15.53230999470238,19.691193078062053,4.106286839534681,5.205773450231216,12,1586,28,25,27,1,4,0.00020476337522268295,0.058187516406178474,35.80859375,36.24609375,
sparse,40,36,sparse_N40_seed36,ok,40,89,4.45,0,10,1,3,5,0.7798504084348679,1.9763656854629517,0.3945881140170639,3.210823771965872,0.802705942991468,0.017674192786216736,0.9881828427314758,ok,ok,5,80,0.7798504084348679,15586817,2187069,60861,15586817,17834747,15960900608,17096260352,15.087221278650283,19.180098948998875,4.698863080054038,5.973575727345382,14.952498138415141,19.111381221774813,4.656904022253537,5.952173827987327,11,1024,27,24,26,1,4,7.610861212015152e-05,0.036970725283026695,35.35546875,35.79296875,
sparse,40,37,sparse_N40_seed37,ok,40,97,4.85,0,2,1,3,5,1.1698267757892609,1.991331934928894,0.5874594562915161,2.825081087416968,0.706270271854242,0.01758066564798355,0.995665967464447,ok,ok,3,48,1.1698267757892609,23154672,2809749,69538,23154672,26033959,23710384128,25166777344,15.976300070475554,20.077589591390552,5.655165135483961,7.106907366594537,15.85909484372151,20.01797792708118,5.61367775047541,7.08580649817172,12,1577,27,25,26,1,4,0.0001589171588420868,0.041746498085558414,35.7421875,36.1796875,
sparse,40,38,sparse_N40_seed38,ok,40,96,4.8,0,3,1,3,5,0.7464555576443672,1.9713855981826782,0.3786451307813587,3.2427097384372825,0.8106774346093206,0.005317226517945528,0.9856927990913391,ok,ok,4,64,0.7464555576443672,22377111,2968169,77704,22377111,25422984,22914161664,24453756416,15.664869843599828,19.761166594352936,4.830796188113031,6.094028817971288,15.53725480292368,19.69613788628335,4.791441743537413,6.073975000850757,13,2380,27,25,26,1,4,0.000150289386510849,0.0667492551729083,35.7109375,36.3671875,
sparse,40,39,sparse_N40_seed39,ok,40,100,5.0,0,39,0,7,9,0.9203355796635151,1.988132119178772,0.46291469806527424,7.074170603869452,0.8842713254836815,0.019954385235905647,0.994066059589386,ok,ok,273,69888,0.9203355796635151,23261310065,8789394973,700301618,23261310065,32751006656,6097812865679360,7295751410417664,18.60272774095811,25.371419335400674,2.6296690852752027,3.5864867779019827,18.26058550992283,25.192057315522284,2.581304089547204,3.5611322833722237,11,2036,42,35,41,1,4,0.0029961243271827698,0.07592297345399857,35.31640625,36.41015625,
sparse,40,40,sparse_N40_seed40,ok,40,95,4.75,0,39,0,3,5,0.9502893537282944,1.9516195058822632,0.486923476048524,3.026153047902952,0.756538261975738,0.0010000000474974513,0.9758097529411316,ok,ok,4,64,0.9502893537282944,21069485,2588844,64977,21069485,23723306,21575152640,22917274880,15.595674137315932,19.696273741331307,5.1536303321219465,6.508683939492197,15.477041982026687,19.63592506538636,5.114428033556296,6.488741565464959,13,2380,27,25,26,1,4,0.00010539591312408447,0.05222052428871393,35.71875,36.375,
sparse,60,1,sparse_N60_seed1,ok,60,144,4.8,0,59,0,5,7,1.089878786355257,1.9815406799316406,0.5500158525097026,4.899968294980595,0.8166613824967658,0.026690611615777016,0.9907703399658203,ok,ok,14,896,1.089878786355257,55377108640,6963578304,185001560,55377108640,62525688504,907298547957760,965101947813888,22.21978599569354,27.705314444115515,4.534679544448264,5.654182389811817,22.09837481424911,27.64355225872867,4.5099015919931835,5.641577780624832,17,40848,39,36,38,1,4,0.00028654932975769043,1.4495332930237055,35.83203125,49.40234375,
sparse,60,2,sparse_N60_seed2,ok,60,137,4.566666666666666,0,59,0,7,9,0.8589282976463437,1.9913381338119507,0.4313322198084594,7.1373355603830815,0.8921669450478852,0.0012530733365565538,0.9956690669059753,ok,ok,160,40960,0.8589282976463437,2835570866565,545049201726,22925412296,2835570866565,3403545480587,743327889244815360,816271018033676288,23.78066497739863,30.623171564961694,3.331868703133001,4.2905607149733145,23.598090581471176,30.529562387070634,3.306288513665539,4.27744529156368,16,50643,47,42,46,1,4,0.0011572688817977905,1.3827597768977284,35.44140625,57.78125,
sparse,60,3,sparse_N60_seed3,ok,60,147,4.9,0,59,0,6,8,0.6144107468426228,1.970220923423767,0.31184865592378624,6.376302688152427,0.9109003840217753,0.01466955803334713,0.9851104617118835,ok,ok,157,20096,0.6144107468426228,635883678982,87180926282,2602819617,635883678982,725667424881,41673272785764352,44572661974777856,22.254111849016084,28.42762103652509,3.490127890315751,4.458323644099488,22.122035683528562,28.36036030856807,3.4694142931189105,4.447775097199104,17,65536,44,40,43,1,4,0.000774165615439415,1.604399393312633,35.49609375,59.79296875,
sparse,60,4,sparse_N60_seed4,ok,60,148,4.933333333333334,0,1,1,3,5,1.3240990936756134,1.9767333269119263,0.669842044776032,2.660315910447936,0.665078977611984,0.00425946107134223,0.9883666634559631,ok,ok,2,32,1.3240990936756134,279381516,23414369,379929,279381516,303175814,286086672384,298172091136,18.836676258861534,22.955200741004177,7.080616322626838,8.628749935619132,18.75494166599011,22.91382474934978,7.049892680915557,8.613196898668932,16,6871,31,29,30,1,4,0.00029013771563768387,0.28027899470180273,35.78515625,38.1875,
sparse,60,5,sparse_N60_seed5,ok,60,162,5.4,0,59,0,5,7,0.5904226480051875,1.9895683526992798,0.29675916748683273,5.406481665026335,0.9010802775043891,0.0010000000474974513,0.9947841763496399,ok,ok,20,1280,0.5904226480051875,123213086573,14001173294,331925637,123213086573,137546185504,2018723210412032,2134780389445632,22.651493318673637,28.142524817300586,4.189692062622264,5.205330668066458,22.541448831034106,28.08662627551367,4.169337885089139,5.19499149644797,19,94184,40,37,39,1,4,0.00042237620800733566,2.6142379008233547,35.76953125,75.90234375,
sparse,60,6,sparse_N60_seed6,ok,60,129,4.3,0,59,0,4,6,1.461837112903595,1.996399998664856,0.7322365827896395,3.535526834420721,0.7071053668841442,0.0011022435501217842,0.998199999332428,ok,ok,3,96,1.461837112903595,2178087870,246344431,5754616,2178087870,2430186917,8921447915520,9431854036992,20.512621723248653,25.310765612278328,5.801857172612734,7.158979919445407,20.403100916327876,25.255131180247492,5.770879948552512,7.1432440943091935,13,4096,34,32,33,1,4,0.00013903900980949402,0.14033368322998285,35.78125,37.09375,
sparse,60,7,sparse_N60_seed7,ok,60,143,4.766666666666667,0,59,0,3,5,0.9362127184867859,1.9829012155532837,0.4721428940299262,3.0557142119401477,0.7639285529850369,0.005727547686547041,0.9914506077766418,ok,ok,2,32,0.9362127184867859,245043885,18783700,293921,245043885,264121506,250924938240,260617436416,18.698772624668102,22.820583505332834,6.119280576567988,7.468166825340479,18.623800694357527,22.7826837777172,6.094745582419116,7.455763922128018,18,12616,30,28,29,1,4,0.00012009032070636749,0.2918230090290308,35.71875,40.06640625,
sparse,60,8,sparse_N60_seed8,ok,60,130,4.333333333333333,0,5,1,3,5,2.079218566417694,1.9801089763641357,1.0500525936888296,1.8998948126223407,0.4749737031555852,0.006078825332224369,0.9900544881820679,ok,ok,1,16,2.079218566417694,149886482,14183105,260507,149886482,164330094,153483757568,160812197120,18.917387731177026,23.03091432131114,9.957071099671142,12.122204960138077,18.825388778886275,22.984271862245947,9.908647917672043,12.097654938339335,16,6793,30,28,29,1,4,0.0001414744183421135,0.17180619854480028,35.375,37.78125,
sparse,60,9,sparse_N60_seed9,ok,60,125,4.166666666666667,0,1,1,3,5,1.1842887699604034,1.9982686042785645,0.592657447264437,2.814685105471126,0.7036712763677815,0.025887472555041313,0.9991343021392822,ok,ok,1,16,1.1842887699604034,121857291,11051182,202135,121857291,133110608,124781865984,130491817728,18.706690979663584,22.82198764010139,6.6461043700064035,8.108185031334585,18.61836117210916,22.777244255468833,6.614722597536463,8.092288622693495,14,3473,29,27,28,1,4,0.00016864947974681854,0.12050755228847265,35.7421875,36.8359375,
sparse,60,10,sparse_N60_seed10,ok,60,147,4.9,0,59,0,3,5,1.4692555516958237,1.9908623695373535,0.7379995594759554,2.524000881048089,0.6310002202620223,0.0010000000474974513,0.9954311847686768,ok,ok,1,16,1.4692555516958237,277419701,23150465,374910,277419701,300945076,284077773824,296026788864,19.522438334302354,23.641127067854466,7.7347193025525725,9.366528849244105,19.441042083510645,23.599925166870317,7.702470403036377,9.350204805424026,17,9402,30,29,29,1,4,0.0001658610999584198,0.3440462965518236,35.4609375,38.4921875,
sparse,60,11,sparse_N60_seed11,ok,60,152,5.066666666666666,0,59,0,4,6,1.075675331056118,1.9894115924835205,0.5407002427854951,3.91859951442901,0.783719902885802,0.011786538176238537,0.9947057962417603,ok,ok,5,160,1.075675331056118,5656827546,531531985,10422199,5656827546,6198781730,23170365628416,24269615465472,20.938180702094364,25.745072476281017,5.343281604817257,6.569967760543757,20.846691155345898,25.698721419265517,5.319934093439382,6.558139285384501,18,31180,35,33,34,1,4,0.0002242494374513626,0.9833746086806059,35.48828125,46.39453125,
sparse,60,12,sparse_N60_seed12,ok,60,151,5.033333333333333,0,59,0,5,7,1.6143981590867043,1.996604084968567,0.8085720004485116,4.3828559991029765,0.7304759998504962,0.01958090253174305,0.9983020424842834,ok,ok,16,1024,1.6143981590867043,75380068969,9399838575,244670258,75380068969,85024577802,1235027049988096,1313032696971264,22.39361748001273,27.87964408681327,5.109366468940789,6.36106778149209,22.273220017496115,27.818397461975675,5.081896375800322,6.347093645711647,17,41226,40,37,39,1,4,0.0002604089677333832,1.3124315524473786,35.48828125,49.765625,
sparse,60,13,sparse_N60_seed13,ok,60,158,5.266666666666667,0,59,0,3,5,0.6060505136847496,1.9680674076080322,0.3079419492147054,3.384116101570589,0.8460290253926472,0.002278246683999896,0.9840337038040161,ok,ok,4,64,0.6060505136847496,396864437,29536928,434431,396864437,426835796,406389183488,421623304960,18.48561558342045,22.608495026705505,5.462464947594784,6.680768138011803,18.41281095070407,22.571694034063743,5.440951314335395,6.669893513283449,16,6885,31,29,30,1,4,0.00013299938291311264,0.21545294672250748,35.6875,38.1484375,
sparse,60,14,sparse_N60_seed14,ok,60,156,5.2,0,59,0,5,7,0.8463156512007117,1.9973093271255493,0.42372788215969365,5.152544235680613,0.8587573726134354,0.010774577967822552,0.9986546635627747,ok,ok,48,3072,0.8463156512007117,92958304260,10844778858,266967615,92958304260,104070050733,1523028856995840,1612962784751616,21.497129063177358,26.986765027450353,4.172138671670763,5.237561055870412,21.384215877366444,26.929393321846007,4.15022460734716,5.226426419663496,19,94184,40,37,39,1,4,0.00032335612922906876,2.303902767598629,35.75390625,75.84375,
sparse,60,15,sparse_N60_seed15,ok,60,134,4.466666666666667,0,59,0,3,5,0.8109670579433441,1.9462995529174805,0.4166712450443273,3.1666575099113454,0.7916643774778364,0.0010000000474974513,0.9731497764587402,ok,ok,2,32,0.8109670579433441,177417586,14802498,249875,177417586,192469959,181675608064,189318455040,18.38230346181113,22.500960478576747,5.804954720956156,7.105587013483719,18.300869574271864,22.459752657631537,5.779238682109396,7.092573979767179,17,9402,30,28,29,1,4,0.00011935736984014511,0.21465336438268423,35.3203125,38.1328125,
sparse,60,16,sparse_N60_seed16,ok,60,141,4.7,0,59,0,3,5,0.6376236714422703,1.977587342262268,0.322425036718155,3.35514992656369,0.8387874816409225,0.011008305475115776,0.988793671131134,ok,ok,6,96,0.6376236714422703,225693360,18208416,294824,225693360,244196600,231110000640,240508184576,17.521724727301976,21.641671765946374,5.222337335383264,6.450284559447854,17.442928352543426,21.601811435903098,5.198852133087326,6.438404217014365,18,12616,30,28,29,1,4,0.00017700623720884323,0.4148091124370694,35.7890625,40.8828125,
sparse,60,17,sparse_N60_seed17,ok,60,143,4.766666666666667,0,1,1,3,5,0.7772556580603123,1.998435616493225,0.3889320484710983,3.2221359030578034,0.8055339757644508,0.013368583284318447,0.9992178082466125,ok,ok,2,32,0.7772556580603123,238726760,19076887,306145,238726760,258109792,244456202240,254301941504,18.675748422192658,22.79605224124479,5.7960771935378,7.074826427901866,18.59768301171316,22.75656609507283,5.771849348149462,7.06257177838988,17,9402,30,28,29,1,4,0.00026702042669057846,0.2406479436904192,35.75390625,38.64453125,
sparse,60,18,sparse_N60_seed18,ok,60,140,4.666666666666667,0,59,0,6,8,1.3573544677346945,1.9555810689926147,0.6940926608754262,5.611814678249147,0.8016878111784497,0.02333829365670681,0.9777905344963074,ok,ok,83,10624,1.3573544677346945,462603075968,70270805886,2296050508,462603075968,535169932362,30317155186638848,32657407445434368,22.587009556195085,28.753977227470727,4.024902968328615,5.123828721379266,22.44129462822898,28.67961925326849,3.998937227062981,5.11057846661044,16,39203,43,39,42,1,4,0.001052694395184517,1.761240929365158,35.78515625,49.18359375,
sparse,60,19,sparse_N60_seed19,ok,60,143,4.766666666666667,0,59,0,5,7,0.7399878613650799,1.9863717555999756,0.3725324120617943,5.254935175876412,0.8758225293127352,0.0066179633140563965,0.9931858777999878,ok,ok,32,2048,0.7399878613650799,51588849552,6142165782,156865805,51588849552,57887881139,845231711059968,896190855483392,21.3160379900649,26.804555528413026,4.056384575002838,5.100834668991439,21.20083548932905,26.746012933808615,4.034461849625615,5.089694171031891,17,41226,39,36,38,1,4,0.0002366909757256508,0.8276269920170307,35.8125,49.49609375,
sparse,60,20,sparse_N60_seed20,ok,60,155,5.166666666666667,0,59,0,5,7,0.7808042671531439,1.9899142980575562,0.39238085173583687,5.215238296528327,0.8692063827547211,0.008542105555534363,0.9949571490287781,ok,ok,27,1728,0.7808042671531439,86056986654,10351535028,261935295,86056986654,96670456977,1409957669339136,1495830331256832,21.998736814592693,27.48673790373174,4.218165223483036,5.27046634130392,21.882438683261242,27.42761612774081,4.1958655461300625,5.2591299895153,18,63004,40,37,39,1,4,0.0002488046884536743,1.4764510290697217,35.84375,59.0234375,
sparse,60,21,sparse_N60_seed21,ok,60,167,5.566666666666666,0,59,0,6,8,0.7803323836997151,1.9716566801071167,0.39577498028577723,6.208450039428445,0.8869214342040637,0.004661525599658489,0.9858283400535583,ok,ok,443,56704,0.7803323836997151,1813748236548,217371865750,5925815112,1813748236548,2037045917410,118865804430409728,126085734282100736,22.24895202455787,28.43013846731965,3.583656449397171,4.579265080135356,22.132846898830696,28.371171523870203,3.5649553041854327,4.569767227519169,20,261433,45,41,44,1,4,0.0028130514547228813,6.596457400359213,35.796875,135.2734375,
sparse,60,22,sparse_N60_seed22,ok,60,165,5.5,0,59,0,8,10,0.8496449706144631,1.973101258277893,0.43061397231889986,8.1387720553622,0.9043080061513555,0.0014919530367478728,0.9865506291389465,ok,ok,3517,1800704,0.8496449706144631,126427448232945,23214799480276,944671325816,126427448232945,150586919039037,132568787958308536320,144987668668258189312,24.48019793607736,32.0194921115163,3.007849067347779,3.9341920247564097,24.305326095334514,31.929945081493916,2.9863627989582335,3.9231895013519873,20,616666,53,47,52,1,4,0.03236427158117294,16.065599038265646,35.83203125,285.4375,
sparse,60,23,sparse_N60_seed23,ok,60,127,4.233333333333333,0,59,0,9,11,1.8382567221997306,1.9984610080718994,0.9198361713212845,8.160327657357431,0.8160327657357431,0.0010000000474974513,0.9992305040359497,ok,ok,771,789504,1.8382567221997306,57831905418884,15469189305578,925281131921,57831905418884,74226375856383,242564592226046836736,275976061104803545088,25.29045229913672,33.48768562155796,3.099195689321936,4.103718260793748,25.040873362615827,33.35863952933517,3.0686112634262583,4.087904423697827,16,63019,52,46,51,1,4,0.008077112957835197,1.1159843243658543,35.484375,63.94921875,
sparse,60,24,sparse_N60_seed24,ok,60,149,4.966666666666667,0,59,0,4,6,0.7467891871929169,1.9675754308700562,0.37954793268723064,4.240904134625539,0.8481808269251078,0.0010000000474974513,0.9837877154350281,ok,ok,8,256,0.7467891871929169,5120289367,495593925,9961214,5120289367,5625844506,20972705247232,21997881888768,20.37119536648802,25.176789842389024,4.803502913485864,5.936656204234636,20.277035249713155,25.12906551363277,4.781300073292877,5.925402865974381,18,31180,35,33,34,1,4,0.0002113059163093567,0.9504378857091069,35.8515625,46.74609375,
sparse,60,25,sparse_N60_seed25,ok,60,144,4.8,0,59,0,4,6,0.6117889937013388,1.988197684288025,0.3077103441655103,4.384579311668979,0.8769158623337959,0.0201853159815073,0.9940988421440125,ok,ok,11,352,0.6117889937013388,4204091583,419455235,8673892,4204091583,4632220710,17219959123968,18087885510656,19.858406952247286,24.662632345711565,4.529147619566775,5.624857162481979,19.76142880165429,24.613459065573906,4.507029613778876,5.613642111586039,18,31180,35,32,34,1,4,0.00015468522906303406,0.6397091271355748,35.76953125,46.18359375,
sparse,60,26,sparse_N60_seed26,ok,60,150,5.0,0,59,0,5,7,1.6022472381591797,1.9912835359573364,0.8046303849887845,4.390739230022431,0.7317898716704052,0.013730751350522041,0.9956417679786682,ok,ok,12,768,1.6022472381591797,68969857304,8285457507,208684493,68969857304,77463999304,1130002142068736,1198731381649408,22.58817249048282,28.076250477387134,5.144503307332014,6.394424493582075,22.47202874564195,28.01720619012152,5.118051327663826,6.3809770342426795,17,41226,40,37,39,1,4,0.00015380792319774628,0.9483193261548877,35.75,49.94921875,
sparse,60,27,sparse_N60_seed27,ok,60,149,4.966666666666667,0,59,0,4,6,0.5154266692698002,1.9715162515640259,0.2614366829900116,4.477126634019977,0.8954253268039953,0.0030469002667814493,0.9857581257820129,ok,ok,14,448,0.5154266692698002,4860640730,444757365,8641218,4860640730,5314039313,19909184430080,20828896120832,19.75456075264668,24.562569142702966,4.41233013212968,5.486235067836003,19.66537877400232,24.51740903792194,4.392410664592913,5.476148217837642,17,21778,35,33,34,1,4,0.0002534370869398117,0.5441597253084183,35.75,41.75,
sparse,60,28,sparse_N60_seed28,ok,60,141,4.7,0,59,0,3,5,0.8019907101988792,1.9647881984710693,0.408181762707533,3.183636474584934,0.7959091186462335,0.0010000000474974513,0.9823940992355347,ok,ok,3,48,0.8019907101988792,229347131,18119132,289457,229347131,247755720,234851462144,244202558720,18.229341530029853,22.35006286562911,5.725949452946414,7.0202936308998645,18.152134980995786,22.31101806435546,5.7016983961280845,7.008029416192769,17,9402,30,28,29,1,4,0.0001916009932756424,0.360878593288362,35.84375,38.82421875,
sparse,60,29,sparse_N60_seed29,ok,60,143,4.766666666666667,0,59,0,4,6,0.9453609511256218,1.9968552589416504,0.47342487488385654,4.053150250232287,0.8106300500464574,0.0013257068349048495,0.9984276294708252,ok,ok,9,288,0.9453609511256218,3973872232,373781552,7433618,3973872232,4355087402,16276980662272,17050097305600,19.99738593905885,24.804216546579156,4.933788461928545,6.119737738604095,19.905782252241586,24.7578125161612,4.911187847304891,6.108288858707452,16,14893,35,32,34,1,4,0.00026544835418462753,0.4166833870112896,35.7578125,40.61328125,
sparse,60,30,sparse_N60_seed30,ok,60,141,4.7,0,59,0,4,6,2.222021959722042,1.9941809177398682,1.114252944632727,2.771494110734546,0.5542988221469092,0.0010601250687614083,0.9970904588699341,ok,ok,2,64,2.222021959722042,3569695306,387585390,8546217,3569695306,3965826913,14621471973376,15423998178304,21.40783304281864,26.208062652329176,7.724293174537828,9.456293827513525,21.302598900076244,26.15462916399586,7.686322990031642,9.437014158786699,17,21765,35,32,34,1,4,0.0001255599781870842,0.44027227628976107,35.59375,42.01171875,
sparse,60,31,sparse_N60_seed31,ok,60,137,4.566666666666666,0,59,0,3,5,0.4124120734632015,1.9957643747329712,0.20664366930509084,3.5867126613898184,0.8966781653474546,0.014803838916122913,0.9978821873664856,ok,ok,3,48,0.4124120734632015,192876586,15501346,254149,192876586,208632081,197505624064,205507375360,18.057470591984377,22.177546749160467,5.034546197795302,6.183251585190231,17.978948802888,22.13783188624767,5.012653786412129,6.172178810016374,15,4944,30,28,29,1,4,0.00016714073717594147,0.18656718265265226,35.875,37.40625,
sparse,60,32,sparse_N60_seed32,ok,60,157,5.233333333333333,0,59,0,7,9,1.229354245471768,1.9958744049072266,0.6159476981363021,6.768104603727396,0.8460130754659245,0.0010000000474974513,0.9979372024536133,ok,ok,1048,268288,1.229354245471768,10277901886072,1554441064931,52276613914,10277901886072,11884619564917,2694290312022458368,2901460011454562304,23.15162734166435,30.01192942706086,3.420695851673756,4.434318200479998,23.006378393558414,29.937850199157868,3.3992350503696587,4.423372857250198,17,89846,48,44,47,1,4,0.003018796443939209,5.840886387974024,35.65234375,80.2578125,
sparse,60,33,sparse_N60_seed33,ok,60,163,5.433333333333334,0,59,0,7,9,1.0822428013198078,1.9966015815734863,0.5420424441750223,6.915915111649955,0.8644893889562444,0.007153804879635572,0.9983007907867432,ok,ok,601,153856,1.0822428013198078,14763046946363,2261786384906,76419194828,14763046946363,17101252526097,3870044178707382272,4171509252102029312,24.07157788935969,30.93103719616727,3.480606326241741,4.4724431542057985,23.924553411941794,30.856025217541248,3.459347465332614,4.461596870320725,19,262144,49,44,48,1,4,0.009512776508927345,7.085363967344165,35.84765625,138.7421875,
sparse,60,34,sparse_N60_seed34,ok,60,155,5.166666666666667,0,59,0,5,7,0.9552985019981861,1.9932023286819458,0.4792782389682942,5.041443522063411,0.8402405870105686,0.004080327693372965,0.9966011643409729,ok,ok,23,1472,0.9552985019981861,89806947284,10632651435,262753328,89806947284,100702352047,1471397024301056,1559575942488064,22.19994077744021,27.688813048191943,4.403488937302228,5.492239063477437,22.085433957297344,27.630611401776907,4.380775835461111,5.480694424296154,18,63004,40,37,39,1,4,0.00039670430123806,1.5486225187778473,35.88671875,59.1328125,
sparse,60,35,sparse_N60_seed35,ok,60,139,4.633333333333334,0,59,0,3,5,1.151984915137291,1.9976569414138794,0.576668041071132,2.846663917857736,0.711665979464434,0.006168356630951166,0.9988284707069397,ok,ok,4,64,1.151984915137291,214653942,17345288,282612,214653942,232281842,219805636608,228758772736,17.87716766740117,21.99705080776547,6.280041544508942,7.7273086821992685,17.798243356126196,21.95712643948587,6.252316349841645,7.71328371492823,17,9402,30,28,29,1,4,0.0001214388757944107,0.23711240850389004,35.484375,38.546875,
sparse,60,36,sparse_N60_seed36,ok,60,138,4.6,0,59,0,3,5,0.9932689964771271,1.99131178855896,0.49880134401048254,3.002397311979035,0.7505993279947587,0.004494671709835529,0.99565589427948,ok,ok,4,64,0.9932689964771271,205119258,16995663,281823,205119258,222396744,210042120192,218816046336,17.83367911882587,21.952614159361378,5.939813177847129,7.3116952482518975,17.75280775317545,21.911690836535122,5.912877580307204,7.298065032602896,16,6885,30,28,29,1,4,0.00012194924056529999,0.17212636768817902,35.5703125,38.046875,
sparse,60,37,sparse_N60_seed37,ok,60,146,4.866666666666666,0,1,1,3,5,0.9173879772424698,1.9714397192001343,0.46533909624925207,3.069321807501496,0.767330451875374,0.012399324215948582,0.9857198596000671,ok,ok,3,48,0.9173879772424698,272140107,21162359,330433,272140107,293632899,278671469568,289591188224,18.399228613573676,22.52053505868384,5.994558331617598,7.337300052292697,18.32321530223878,22.48209838559845,5.969792824413655,7.3247771969207225,16,6885,30,29,29,1,4,0.00025977659970521927,0.21792382840067148,35.77734375,38.16796875,
sparse,60,38,sparse_N60_seed38,ok,60,145,4.833333333333333,0,59,0,5,7,1.2876508235931396,1.9901134967803955,0.6470238133032615,4.705952373393477,0.7843253955655795,0.0038450846914201975,0.9950567483901978,ok,ok,41,2624,1.2876508235931396,54680650746,6721398465,174275205,54680650746,61576324416,895887781822464,951663309287424,21.129971223006425,26.616777271386226,4.49005207584996,5.655981012870469,21.0112036830146,26.556381127494163,4.464814349122568,5.643147023254779,17,40348,39,36,38,1,4,0.00023320689797401428,0.8445910159498453,35.6484375,49.0859375,
sparse,60,39,sparse_N60_seed39,ok,60,146,4.866666666666666,0,59,0,5,7,1.3291396647691727,1.9995229244232178,0.6647283952258642,4.6705432095482715,0.7784238682580452,0.014972646720707417,0.9997614622116089,ok,ok,13,832,1.3291396647691727,60132512053,7553401710,198408235,60132512053,67884321998,985211077476352,1047901224415232,22.376121588978958,27.86173328403419,4.790903452779135,5.9654160199342074,22.25486714069681,27.800044585176376,4.764941922643998,5.952207984789238,17,41226,39,36,38,1,4,0.00028030481189489365,1.5806373078376055,35.8203125,49.171875,
sparse,60,40,sparse_N60_seed40,ok,60,142,4.733333333333333,0,5,1,3,5,0.8935253322124481,1.9621264934539795,0.4553862022624003,3.0892275954751995,0.7723068988687999,0.0010000000474974513,0.9810632467269897,ok,ok,1,16,0.8935253322124481,235214305,19910825,330025,235214305,255455155,240859448320,251138277120,19.358557433611846,23.4766808070066,6.2664717426344305,7.599530977061373,19.27600759271748,23.434890676077153,6.23974990413497,7.586003281338773,17,9388,30,28,29,1,4,0.00016806647181510925,0.20779515709728003,35.58984375,38.43359375,
dense,20,1,dense_N20_seed1,ok,20,76,7.6,0,3,1,3,5,0.3792997673153877,1.926363468170166,0.19689937728920956,3.606201245421581,0.9015503113553952,0.01983414590358734,0.963181734085083,ok,ok,21,336,0.3792997673153877,1617486,366502,16467,1617486,2000455,1656305664,1848170240,11.464362774926595,15.520350767171923,3.1790690520895653,4.3037949662061985,11.251861212264009,15.41074429562368,3.120142345508124,4.273401079651087,10,637,26,21,25,1,4,0.00015520304441452026,0.01416261401027441,35.703125,35.921875,
dense,20,2,dense_N20_seed2,ok,20,73,7.3,0,19,0,3,5,0.5572571512311697,1.977965235710144,0.28173253056750464,3.4365349388649906,0.8591337347162477,0.01176380179822445,0.988982617855072,ok,ok,19,304,0.5572571512311697,1389575,338986,15522,1389575,1744083,1422924800,1600459264,11.42730049489529,15.476528763597825,3.3252391429692456,4.5035272560649044,11.20006952379204,15.358952607151712,3.259117024281199,4.469313677987637,10,597,25,21,24,1,4,9.597744792699814e-05,0.009371781721711159,35.29296875,35.51171875,
dense,20,3,dense_N20_seed3,ok,20,73,7.3,0,19,0,3,5,0.3701760098338127,1.9772963523864746,0.18721321636336058,3.6255735672732787,0.9063933918183197,0.012152882292866707,0.9886481761932373,ok,ok,16,256,0.3701760098338127,1380857,347820,16315,1380857,1744992,1413997568,1596258048,11.599671806841153,15.64575056263551,3.199403236924257,4.315386316764871,11.365626156636656,15.524509239996327,3.1348491337287956,4.281945725810219,10,637,25,21,24,1,4,8.324719965457916e-05,0.009638112038373947,35.68359375,35.90234375,
dense,20,4,dense_N20_seed4,ok,20,57,5.7,0,1,1,3,5,1.1674406379461288,1.9907387495040894,0.5864358837828161,2.827128232434368,0.706782058108592,0.034841522574424744,0.9953693747520447,ok,ok,9,144,1.1674406379461288,419394,130809,7806,419394,558009,429459456,498432000,11.034905792929415,15.057164429257899,3.9032208254054113,5.325957364265914,10.749341513859758,14.90822459721943,3.802212220350463,5.273274988443782,9,365,23,19,22,1,4,0.00013429485261440277,0.00926439929753542,35.77734375,35.77734375,
dense,20,5,dense_N20_seed5,ok,20,68,6.8,0,2,1,3,5,0.5383649170398712,1.9620612859725952,0.27438741128465993,3.45122517743068,0.86280629435767,0.0010000000474974513,0.9810306429862976,ok,ok,15,240,0.5383649170398712,981285,239197,11270,981285,1231752,1004835840,1130189824,11.31589790300879,15.365012518061334,3.278806024309631,4.4520457889971885,11.088568015130237,15.247451098489908,3.2129366949580787,4.417982112033941,8,120,25,20,24,1,4,8.431356400251389e-05,0.006291449069976807,35.49609375,35.49609375,
dense,20,6,dense_N20_seed6,ok,20,74,7.4,0,1,1,3,5,0.6547214053571224,1.9720524549484253,0.3319999950884903,3.336000009823019,0.8340000024557548,0.04267469793558121,0.9860262274742126,ok,ok,9,144,0.6547214053571224,1554168,409337,19410,1554168,1982915,1591468032,1806017536,12.302853964900061,16.3445767021741,3.687905853918972,4.899453433467229,12.059226334838357,16.21810941819803,3.614875989007602,4.86154357627188,10,638,25,21,24,1,4,0.00013217143714427948,0.013934187591075897,35.73828125,35.95703125,
dense,20,7,dense_N20_seed7,ok,20,73,7.3,0,19,0,3,5,0.5520464032888412,1.9201418161392212,0.2875029326733931,3.424994134653214,0.8562485336633034,0.02670235000550747,0.9600709080696106,ok,ok,19,304,0.5520464032888412,1387697,312612,14174,1387697,1714483,1421001728,1584687616,11.410183156242276,15.466625435747941,3.3314460427236834,4.515810780304872,11.19871711733978,15.357600200699453,3.2697040278212532,4.483978540376226,10,638,25,21,24,1,4,9.392667561769485e-05,0.009783348068594933,35.75390625,35.97265625,
dense,20,8,dense_N20_seed8,ok,20,76,7.6,0,2,1,3,5,0.6573727428913116,1.9951539039611816,0.3294847287651157,3.3410305424697686,0.8352576356174422,0.014002230949699879,0.9975769519805908,ok,ok,15,240,0.6573727428913116,1682966,415891,18920,1682966,2117777,1723357184,1941136896,11.857827310490553,15.905900743897778,3.5491526221502205,4.760776814730871,11.628018069846467,15.786901153206138,3.480368683265841,4.725159184428194,10,638,26,21,25,1,4,8.895527571439743e-05,0.009609091095626354,35.74609375,35.96484375,
dense,20,9,dense_N20_seed9,ok,20,64,6.4,0,1,1,3,5,0.4361250102519989,1.990393042564392,0.2191150194587206,3.561769961082559,0.8904424902706397,0.007402889430522919,0.995196521282196,ok,ok,14,224,0.4361250102519989,689032,184192,9380,689032,882604,705568768,802276352,11.05157457825641,15.091317633175809,3.1028322151656904,4.237027600903506,10.803985663423958,14.96286874678363,3.0333193276020025,4.200964382954098,9,382,24,20,23,1,4,9.616557508707047e-05,0.008118407800793648,35.3828125,35.6015625,
dense,20,10,dense_N20_seed10,ok,20,71,7.1,0,1,1,3,5,0.6604772359132767,1.9711711406707764,0.3350684383947102,3.3298631232105795,0.8324657808026449,0.029557574540376663,0.9855855703353882,ok,ok,14,224,0.6604772359132767,1197543,286409,13068,1197543,1497020,1226284032,1376270848,11.579929693750701,15.630997342441923,3.4775993082218926,4.694186146417594,11.356725186149228,15.515608269508899,3.4105681723035293,4.659533348790955,10,637,25,21,24,1,4,0.00010042916983366013,0.00952416192740202,35.40625,35.625,
dense,20,11,dense_N20_seed11,ok,20,84,8.4,0,19,0,3,5,0.7423369660973549,1.9818589687347412,0.37456598971382804,3.250868020572344,0.812717005143086,0.011468891985714436,0.9909294843673706,ok,ok,22,352,0.7423369660973549,2868768,624248,25281,2868768,3518297,2937618432,3263705344,11.982445170325501,16.042497819865382,3.685921758280389,4.9348351635145615,11.778350773922796,15.937233857282468,3.623140250353539,4.902454900176655,10,637,26,22,25,1,4,9.761564433574677e-05,0.010625689290463924,35.671875,35.890625,
dense,20,12,dense_N20_seed12,ok,20,81,8.1,0,5,1,3,5,0.38510539196431637,1.991233468055725,0.19340042146857844,3.613199157062843,0.9032997892657108,0.012636243365705013,0.9956167340278625,ok,ok,28,448,0.38510539196431637,2311020,509725,20984,2311020,2841729,2366484480,2632835584,11.527718717533832,15.586534038735824,3.1904465312962915,4.313776617673647,11.32099503330609,15.479878116665763,3.1332330550273038,4.284258199940825,11,1016,26,22,25,1,4,9.416881948709488e-05,0.011541221290826797,35.55859375,35.99609375,
dense,20,13,dense_N20_seed13,ok,20,65,6.5,0,19,0,6,8,0.5406973641365767,1.998965859413147,0.27048854365892655,6.459022912682147,0.9227175589545924,0.021726446226239204,0.9994829297065735,ok,ok,2235,286080,0.5406973641365767,1048386,785336,112923,1048386,1946645,68707024896,96291045376,6.769621428889705,12.726614393709928,1.048087538998771,1.9703621686681907,6.150765889612757,12.389090514652265,0.952274976070431,1.9181059863290721,9,476,34,21,33,1,4,0.0027499105781316757,0.011092056520283222,35.78125,35.78125,
dense,20,14,dense_N20_seed14,ok,20,75,7.5,0,19,0,7,9,0.7084987212438136,1.9972363710403442,0.35473954486156406,7.2905209102768715,0.9113151137846089,0.002763535128906369,0.9986181855201721,ok,ok,14709,3765504,0.7084987212438136,1087327,2262767,687278,1087327,4037372,285036249088,626663096320,5.614889712904784,12.022282631925458,0.7701630352626679,1.649029305296772,4.303018118511224,11.234489924110678,0.5902209418871015,1.5409721832460976,10,962,38,23,37,1,4,0.0161421624943614,0.01121887844055891,35.23828125,35.45703125,
dense,20,15,dense_N20_seed15,ok,20,65,6.5,0,19,0,4,6,0.7427977975457907,1.9793754816055298,0.3752687675727323,4.249462464854536,0.8498924929709071,0.008429798297584057,0.9896877408027649,ok,ok,61,1952,0.7427977975457907,2055067,909053,73542,2055067,3037662,8417554432,10354601984,10.81572483436879,15.484087126998665,2.545198345395675,3.6437754786777967,10.424945144614007,15.276975408533625,2.45323855213082,3.595037145258459,9,416,28,21,27,1,4,0.00014242902398109436,0.008187132887542248,35.578125,35.796875,
dense,20,16,dense_N20_seed16,ok,20,72,7.2,0,19,0,4,6,0.5570704434067011,1.9656059741973877,0.2834090101064984,4.433181979787003,0.8866363959574006,0.008412538096308708,0.9828029870986938,ok,ok,90,2880,0.5570704434067011,3838134,1433993,101234,3838134,5373361,15720996864,18761478144,10.997154484914502,15.68952599661464,2.480645851006295,3.539111651213664,10.660687198627755,15.512717462547373,2.40474838326848,3.49922866538691,10,700,29,22,28,1,4,0.00018959864974021912,0.010599666275084019,35.7578125,35.9765625,
dense,20,17,dense_N20_seed17,ok,20,70,7.0,0,1,1,3,5,0.2461410127580166,1.9163658618927002,0.1284415557866989,3.743116888426602,0.9357792221066505,0.018606241792440414,0.9581829309463501,ok,ok,19,304,0.2461410127580166,1117369,280572,13305,1117369,1411246,1144185856,1291244800,11.215544580908855,15.261844849878274,2.996311607469796,4.0773091797017065,10.982048393481138,15.14093147684081,2.933931458949811,4.045006321778323,10,631,25,21,24,1,4,8.484255522489548e-05,0.008763212710618973,35.515625,35.734375,
dense,20,18,dense_N20_seed18,ok,20,75,7.5,0,19,0,3,5,0.4670235747471452,1.9982143640518188,0.23372045719867224,3.5325590856026556,0.8831397714006639,0.006415159907191992,0.9991071820259094,ok,ok,14,224,0.4670235747471452,1658560,388376,17235,1658560,2064171,1698365440,1901626112,11.901181921373766,15.954329153655387,3.368997271660191,4.516365831976898,11.68240298436822,15.841286067727893,3.307065133597107,4.4843654936419455,10,638,26,21,25,1,4,9.868945926427841e-05,0.010097487829625607,35.73046875,35.94921875,
dense,20,19,dense_N20_seed19,ok,20,79,7.9,0,19,0,4,6,0.4899295577779412,1.9802204370498657,0.2474116258025489,4.505176748394902,0.9010353496789805,0.010749914683401585,0.9901102185249329,ok,ok,83,2656,0.4899295577779412,5968211,2511078,186885,5968211,8666174,24445792256,29779850240,11.556097351751399,16.232521324714863,2.565070805683393,3.6030820168150255,11.183117167672036,16.035147431591653,2.482281560131096,3.5592715507343042,10,848,30,23,29,1,4,0.00036410242319107056,0.01891954056918621,35.25,35.46875,
dense,20,20,dense_N20_seed20,ok,20,82,8.2,0,2,1,3,5,0.5989172011613846,1.9939329624176025,0.3003697779464009,3.399260444107198,0.8498151110267995,0.0010000000474974513,0.9969664812088013,ok,ok,37,592,0.5989172011613846,2508620,483631,18195,2508620,3010446,2568826880,2821103872,11.30668088586181,15.376887454389854,3.3262178852645885,4.523597914083494,11.124325446471051,15.283208529830722,3.2725722636980263,4.496039294760421,10,637,26,22,25,1,4,9.103212505578995e-05,0.009657786227762699,35.05078125,35.26953125,
dense,20,21,dense_N20_seed21,ok,20,71,7.1,0,19,0,5,7,0.5851694475859404,1.9809839725494385,0.29539332760620635,5.409213344787587,0.9015355574645979,0.010696613229811192,0.9904919862747192,ok,ok,591,37824,0.5851694475859404,4599655,2490984,263337,4599655,7353976,75360747520,96845516800,9.428935659901878,14.755683834822833,1.7431251198453406,2.727879803269669,8.959675841240584,14.504853285720145,1.6563731674355726,2.6815088185969365,9,476,32,23,31,1,4,0.0007113451138138771,0.008496046997606754,35.8125,36.03125,
dense,20,22,dense_N20_seed22,ok,20,71,7.1,0,19,0,3,5,0.41981450095772743,1.852066159248352,0.22667359848964908,3.546652803020702,0.8866632007551755,0.0034437477588653564,0.926033079624176,ok,ok,15,240,0.41981450095772743,1307124,316381,14534,1307124,1638039,1338494976,1504202752,11.60096015153331,15.650889938556855,3.2709601970772875,4.412862157025044,11.375289660760613,15.534172744120283,3.207331050581614,4.3799530449920985,10,638,25,21,24,1,4,8.276756852865219e-05,0.009452329948544502,35.70703125,35.92578125,
dense,20,23,dense_N20_seed23,ok,20,70,7.0,0,19,0,5,7,1.121857926249504,1.988038182258606,0.5643040140079019,4.871391971984196,0.811898661997366,0.04978625103831291,0.994019091129303,ok,ok,406,25984,1.121857926249504,4789486,2615425,277351,4789486,7682262,78470938624,101032529920,9.848071433406307,15.17347213738599,2.0216134300100324,3.114812403651762,9.375580497138216,14.920757941617778,1.9246204269863736,3.06293519951348,10,914,32,23,31,1,4,0.000703856348991394,0.011446892283856869,35.515625,35.953125,
dense,20,24,dense_N20_seed24,ok,20,71,7.1,0,10,1,3,5,0.47118600457906723,1.9927396774291992,0.23645135885834148,3.527097282283317,0.8817743205708293,0.044785384088754654,0.9963698387145996,ok,ok,14,224,0.47118600457906723,1172407,285790,13102,1172407,1471299,1200544768,1350223360,11.56259891239951,15.611889815707912,3.2782194498798445,4.426271397198699,11.33551212884427,15.49439521220394,3.213835973785805,4.392959414539715,9,382,25,21,24,1,4,8.808448910713196e-05,0.008076601661741734,35.52734375,35.74609375,
dense,20,25,dense_N20_seed25,ok,20,81,8.1,0,8,1,3,5,0.5427888482809067,1.975999355316162,0.27469080231256443,3.450618395374871,0.8626545988437178,0.011103111319243908,0.987999677658081,ok,ok,33,528,0.5427888482809067,2545009,494916,18728,2545009,3058653,2606089216,2864280576,11.436977619468916,15.506486764020593,3.3144718740266312,4.493828348218722,11.253137182839804,15.412020266199477,3.2611943406791224,4.466451661782535,11,1022,26,22,25,1,4,0.00010521616786718369,0.011124037206172943,35.37890625,35.81640625,
dense,20,26,dense_N20_seed26,ok,20,78,7.8,0,19,0,3,5,0.15847699344158173,1.9947402477264404,0.07944743363062444,3.8411051327387513,0.9602762831846878,0.0152960866689682,0.9973701238632202,ok,ok,28,448,0.15847699344158173,1975816,439027,18422,1975816,2433265,2023235584,2252733440,11.372540024689213,15.430616945621992,2.9607468766626712,4.017233689883356,11.164287525370144,15.323170608729818,2.9065300582933746,3.9892609234062344,10,638,26,21,25,1,4,0.00013334490358829498,0.01014874316751957,35.6875,35.90625,
dense,20,27,dense_N20_seed27,ok,20,69,6.9,0,4,1,3,5,0.9320619255304337,1.988370656967163,0.46875662858156236,3.0624867428368754,0.7656216857092188,0.010936771519482136,0.9941853284835815,ok,ok,17,272,0.9320619255304337,1090218,264931,12248,1090218,1367397,1116383232,1255163392,11.295206146458494,15.344729527588495,3.6882465443737393,5.010545617374396,11.068674890151776,15.227557973511448,3.6142768343540723,4.972285352460235,10,638,25,21,24,1,4,8.539389818906784e-05,0.008872685953974724,35.20703125,35.42578125,
dense,20,28,dense_N20_seed28,ok,20,64,6.4,0,2,1,3,5,0.5108720287680626,1.9548420906066895,0.2613367244458668,3.4773265511082663,0.8693316377770666,0.002358771860599518,0.9774210453033447,ok,ok,6,96,0.5108720287680626,744293,214100,11411,744293,969804,762156032,874696448,11.993089798978593,16.02503927609315,3.4489397595276894,4.608436694271861,11.728430584265833,15.887313667625506,3.3728297909000924,4.568829942808226,9,382,24,20,23,1,4,7.641036063432693e-05,0.008130255155265331,35.54296875,35.76171875,
dense,20,29,dense_N20_seed29,ok,20,78,7.8,0,2,1,3,5,0.3318107961677015,1.9856607913970947,0.167103463796675,3.66579307240665,0.9164482681016625,0.0010000000474974513,0.9928303956985474,ok,ok,23,368,0.3318107961677015,2062875,428607,17296,2062875,2508778,2112384000,2336258560,11.599812124037975,15.663733642549843,3.164339037943164,4.272945399033765,11.404116982916719,15.563000066276391,3.1109549168932604,4.245466058469864,10,638,26,21,25,1,4,9.848736226558685e-05,0.009603967890143394,35.76953125,35.98828125,
dense,20,30,dense_N20_seed30,ok,20,69,6.9,0,19,0,5,7,0.3546622386202216,1.9912468194961548,0.17811063658595663,5.643778726828087,0.9406297878046811,0.014067252166569233,0.9956234097480774,ok,ok,479,30656,0.3546622386202216,3313828,2015118,233433,3313828,5562379,54293757952,71757746176,9.359835855000133,14.665977965629338,1.658434234940416,2.598609668361662,8.841913977184875,14.387091421664437,1.5666655985562004,2.5491948068896493,9,502,32,22,31,1,4,0.0006184037774801254,0.009175899438560009,35.72265625,35.94140625,
dense,20,31,dense_N20_seed31,ok,20,69,6.9,0,3,1,3,5,0.7722829282283783,1.9732166528701782,0.39138273392586675,3.2172345321482663,0.8043086330370666,0.0010000000474974513,0.9866083264350891,ok,ok,9,144,0.7722829282283783,952766,273971,13431,952766,1240168,975632384,1119343872,11.833532834938856,15.86619522244138,3.678169159472862,4.9316253023825825,11.569900034751399,15.728783118111071,3.596225242250446,4.8889140536510345,9,382,25,20,24,1,4,0.00014625024050474167,0.011320162564516068,35.890625,35.890625,
dense,20,32,dense_N20_seed32,ok,20,77,7.7,0,19,0,3,5,0.3372237039729953,1.9784045219421387,0.17045235200026393,3.6590952959994723,0.9147738239998681,0.013767336495220661,0.9892022609710693,ok,ok,11,176,0.3372237039729953,1781438,471085,23312,1781438,2275835,1824192512,2071355904,12.239962303195728,16.280985260836545,3.3450788550322286,4.449456475931829,11.995036188491015,16.15391927185069,3.2781426057980276,4.414730408773978,10,638,26,21,25,1,4,9.713508188724518e-05,0.010847418569028378,35.35546875,35.57421875,
dense,20,33,dense_N20_seed33,ok,20,72,7.2,0,19,0,4,6,0.464216535910964,1.9518516063690186,0.237833928765996,4.524332142468008,0.9048664284936017,0.007148295175284147,0.9759258031845093,ok,ok,93,2976,0.464216535910964,3482220,1421312,106601,3482220,5010133,14263173120,17283179520,10.894373526461615,15.574664187443414,2.407951755840536,3.4424228144637246,10.530581086240376,15.382611350159994,2.327543768812689,3.3999739333392154,10,841,29,22,28,1,4,0.00021543726325035095,0.00987066701054573,35.0,35.4375,
dense,20,34,dense_N20_seed34,ok,20,72,7.2,0,19,0,3,5,0.38210371881723404,1.9952163696289062,0.1915099157332506,3.616980168533499,0.9042450421333748,0.015253056772053242,0.9976081848144531,ok,ok,16,256,0.38210371881723404,1355621,344590,16074,1355621,1716285,1388155904,1568700928,11.58308390691594,15.62833623491937,3.2024184173540244,4.3208244189118306,11.34718148765063,15.506064571010302,3.1371975954878772,4.287019515867907,10,637,25,21,24,1,4,8.951686322689056e-05,0.00904112309217453,35.24609375,35.46484375,
dense,20,35,dense_N20_seed35,ok,20,77,7.7,0,19,0,3,5,0.4182559084147215,1.982879400253296,0.21093360915509682,3.5781327816898063,0.8945331954224516,0.009137405082583427,0.991439700126648,ok,ok,29,464,0.4182559084147215,1775870,415934,18215,1775870,2210019,1818490880,2036112128,11.241215840755572,15.294423454583537,3.14164300952711,4.274414726264184,11.022505171670462,15.181388255030132,3.080518763326883,4.242824171511204,10,546,26,21,25,1,4,0.00010633468627929688,0.009000919759273529,35.50390625,35.72265625,
dense,20,36,dense_N20_seed36,ok,20,73,7.3,0,19,0,3,5,0.3724802266806364,1.976662516593933,0.18843895887825712,3.6231220822434858,0.9057805205608714,0.017370378598570824,0.9883312582969666,ok,ok,16,256,0.3724802266806364,1334774,330930,16211,1334774,1681915,1366808576,1540394752,11.56285486092102,15.610127108512366,3.191406361267613,4.308473949861045,11.331683824856295,15.490566908215968,3.1276019873554923,4.275474730518603,10,637,25,21,24,1,4,7.453747093677521e-05,0.009590242989361286,35.79296875,36.01171875,
dense,20,37,dense_N20_seed37,ok,20,85,8.5,0,10,1,3,5,0.4190992936491966,1.9774872064590454,0.21193527436248238,3.576129451275035,0.8940323628187588,0.010786239989101887,0.9887436032295227,ok,ok,25,400,0.4190992936491966,3110296,630630,25374,3110296,3766300,3184943104,3514321408,11.92272782027517,15.988647740417822,3.3339754566279014,4.47093651341878,11.731352631607061,15.890235714966735,3.2804608422170953,4.44341736826703,10,638,26,22,25,1,4,9.216833859682083e-05,0.011033842340111732,35.44140625,35.66015625,
dense,20,38,dense_N20_seed38,ok,20,80,8.0,0,1,1,3,5,0.7895602956414223,1.95037841796875,0.4048241553368506,3.190351689326299,0.7975879223315747,0.010410523973405361,0.975189208984375,ok,ok,18,288,0.7895602956414223,2191348,512286,22016,2191348,2725650,2243940352,2511866880,11.92784573184915,15.98133161038163,3.7387244082698396,5.009269562302199,11.70965567965279,15.86853876301246,3.6703338126730154,4.973915200666605,10,638,26,22,25,1,4,8.351821452379227e-05,0.010863641276955605,35.48828125,35.70703125,
dense,20,39,dense_N20_seed39,ok,20,77,7.7,0,19,0,6,8,0.46915722265839577,1.993464708328247,0.23534764407835385,6.5293047118432925,0.9327578159776132,0.008179524913430214,0.9967323541641235,ok,ok,3679,470912,0.46915722265839577,6936035,5364290,839722,6936035,13140047,454559989760,644095049728,8.180778892774102,14.128685625880976,1.2529326251132458,2.163888231507011,7.54184458846111,13.780169213500617,1.15507621734688,2.110510968879308,11,1358,36,24,35,1,4,0.006909964606165886,0.018697908148169518,35.80859375,36.24609375,
dense,20,40,dense_N20_seed40,ok,20,79,7.9,0,19,0,3,5,0.23712039273232222,1.9390676021575928,0.12228577924177543,3.755428441516449,0.9388571103791122,0.004153813235461712,0.9695338010787964,ok,ok,22,352,0.23712039273232222,1905952,424953,18108,1905952,2349013,1951694848,2173906432,11.578463344537322,15.636160409562684,3.0831271384475953,4.163615590888153,11.369449725890215,15.528332809249886,3.0274707408082606,4.134903127851776,10,502,26,21,25,1,4,9.926874190568924e-05,0.009129744954407215,35.5390625,35.7578125,
dense,30,1,dense_N30_seed1,ok,30,116,7.733333333333333,0,9,1,3,5,0.4415891454555094,1.984777569770813,0.22248797657789976,3.5550240468442005,0.8887560117110501,0.0020568431355059147,0.9923887848854065,ok,ok,11,176,0.4415891454555094,36470269,4359235,102335,36470269,40931839,37345555456,39603681536,15.1295235050298,19.23170392392824,4.25581467401333,5.409725411281043,15.014112665884708,19.172995749244382,4.223350522540841,5.3932112685044356,14,3473,29,26,28,1,4,0.00014162249863147736,0.05030269641429186,35.52734375,36.83984375,
dense,30,2,dense_N30_seed2,ok,30,119,7.933333333333334,0,8,1,3,5,0.4276539906859398,1.9459987878799438,0.21976066652736445,3.5604786669452713,0.8901196667363178,0.0021272036246955395,0.9729993939399719,ok,ok,17,272,0.4276539906859398,41576564,4721017,109155,41576564,46406736,42574401536,45019505920,14.819741835017567,18.924559631390856,4.162289181115142,5.315172874670604,14.709833857040756,18.86871694040043,4.131420304130378,5.2994888343451105,14,3473,29,26,28,1,4,0.00027078762650489807,0.07357107754796743,35.75,36.84375,
dense,30,3,dense_N30_seed3,ok,30,112,7.466666666666667,0,2,1,3,5,0.2629326805472374,1.9982037544250488,0.13158451932890702,3.7368309613421857,0.9342077403355464,0.002275510225445032,0.9991018772125244,ok,ok,20,320,0.2629326805472374,31345364,3672338,86043,31345364,35103745,32097652736,33999916800,14.378086104347275,18.481302918706984,3.847668319249579,4.945715530056761,14.264844661766187,18.42372774512586,3.817364180862646,4.930308043291439,13,2379,28,25,27,1,4,0.00013830885291099548,0.038610054180026054,35.12890625,35.78515625,
dense,30,4,dense_N30_seed4,ok,30,98,6.533333333333333,0,29,0,3,5,0.680403015576303,1.9929249286651611,0.34140925520562854,3.317181489588743,0.8292953723971858,0.0033784573897719383,0.9964624643325806,ok,ok,1,16,0.680403015576303,16560814,2486331,71290,16560814,19118435,16958273536,18249525248,16.76616361077308,20.854816180588546,5.054340156966122,6.286908402824254,16.622549860302712,20.781432943662384,5.011046248893527,6.264786237619703,12,1586,28,24,27,1,4,0.00011179130524396896,0.030611091293394566,35.27734375,35.93359375,
dense,30,5,dense_N30_seed5,ok,30,113,7.533333333333333,0,29,0,6,8,0.5048026563599706,1.9966377019882202,0.2528263669754889,6.494347266049022,0.9277638951498604,0.001177244703285396,0.9983188509941101,ok,ok,4073,521344,0.5048026563599706,5298126133,1423206978,80690984,5298126133,6802024095,347217994252288,395175681589248,14.328350958217218,20.44618617390075,2.2062803806508153,3.148305031483115,14.07848392752775,20.316808552567252,2.167805839568647,3.1283834572227036,15,22581,40,33,39,1,4,0.005912424996495247,0.19536352157592773,35.453125,44.59765625,
dense,30,6,dense_N30_seed6,ok,30,111,7.4,0,3,1,3,5,0.7321482598781586,1.9855246543884277,0.36874297091197367,3.262514058176053,0.8156285145440132,0.0051731630228459835,0.9927623271942139,ok,ok,20,320,0.7321482598781586,27917402,3606546,90279,27917402,31614227,28587419648,30457082624,14.27338552520284,18.371263406751037,4.374965217217346,5.631014327957168,14.149028506398956,18.30791158975863,4.33684828757769,5.611596230176517,13,2380,28,25,27,1,4,0.0001435801386833191,0.04156308248639107,35.53125,36.1875,
dense,30,7,dense_N30_seed7,ok,30,119,7.933333333333334,0,5,1,3,5,1.5213375091552734,1.9981175661087036,0.7613853834026642,2.477229233194672,0.619307308298668,0.015072778798639774,0.9990587830543518,ok,ok,5,80,1.5213375091552734,43398558,5599370,135486,43398558,49133414,44440123392,47341685248,16.100611978407,20.198630404541813,6.49944371827205,8.153718732962535,15.976498860278092,20.135381943637764,6.449342130390799,8.128186795886819,13,2380,29,26,28,1,4,0.00020548608154058456,0.0484106345102191,35.64453125,36.30078125,
dense,30,8,dense_N30_seed8,ok,30,111,7.4,0,29,0,5,7,0.8077234625816345,1.9713120460510254,0.4097390183353688,5.180521963329262,0.8634203272215437,0.03568281605839729,0.9856560230255127,ok,ok,519,33216,0.8077234625816345,1274287396,260529985,11232484,1274287396,1546049865,20877924696064,23058194587648,14.907065157629997,20.35825536922958,2.877521852653236,3.9297691455295647,14.7137490710472,20.25892651552676,2.840205904964721,3.9105956231690913,13,5383,36,31,35,1,4,0.0009575150907039642,0.05616467818617821,35.6796875,37.2109375,
dense,30,9,dense_N30_seed9,ok,30,112,7.466666666666667,0,29,0,3,5,0.7178164571523666,1.9353750944137573,0.3708926808163767,3.258214638367247,0.8145536595918117,0.005830814130604267,0.9676875472068787,ok,ok,11,176,0.7178164571523666,31271630,4034959,100389,31271630,35406978,32022149120,34113747712,14.984524204524371,19.082482303660772,4.59899849079108,5.856729657694794,14.860326581916057,19.01920966527573,4.56088018478821,5.837310237733944,14,3473,28,25,27,1,4,0.00012950319796800613,0.05019120778888464,35.8046875,36.8984375,
dense,30,10,dense_N30_seed10,ok,30,114,7.6,0,29,0,3,5,0.6904517412185669,1.9891276359558105,0.34711283918530084,3.305774321629398,0.8264435804073496,0.011543291620910168,0.9945638179779053,ok,ok,8,128,0.6904517412185669,32818690,4390516,111308,32818690,37320514,33606338560,35882777600,15.355612164944729,19.451493020822003,4.645087858682389,5.8840958663005365,15.227067186463602,19.385950269823276,4.606202875627113,5.86426911933542,14,3473,29,25,28,1,4,0.00013025198131799698,0.04985277820378542,35.33984375,36.65234375,
dense,30,11,dense_N30_seed11,ok,30,126,8.4,0,29,0,4,6,0.5391262769699097,1.9789226055145264,0.2724342404637573,4.455131519072485,0.8910263038144971,0.005259683355689049,0.9894613027572632,ok,ok,97,3104,0.5391262769699097,507423023,81351671,2566701,507423023,591341395,2078404702208,2247641226240,15.623193086602072,20.40045555705162,3.5067860555224795,4.579091654133434,15.470144600054706,20.32217486397432,3.472432751721646,4.561520749045181,15,9603,34,29,33,1,4,0.0006176149472594261,0.1394699728116393,35.8984375,38.7421875,
dense,30,12,dense_N30_seed12,ok,30,122,8.133333333333333,0,29,0,4,6,0.646395780146122,1.9903889894485474,0.3247585188487256,4.350482962302549,0.8700965924605097,0.006671919487416744,0.9951944947242737,ok,ok,121,3872,0.646395780146122,402682154,63690529,2016734,402682154,468389417,1649386102784,1781889441792,15.169020049899043,19.947168953012934,3.4867439273617205,4.585047022562212,15.017867563375074,19.869897827294686,3.4520000867735092,4.567285517371222,14,6476,33,29,32,1,4,0.0003770999610424042,0.0881305392831564,35.3984375,37.8046875,
dense,30,13,dense_N30_seed13,ok,30,111,7.4,0,29,0,3,5,0.2889561094343662,1.9952863454818726,0.1448193689535733,3.7103612620928534,0.9275903155232134,0.017913471907377243,0.9976431727409363,ok,ok,12,192,0.2889561094343662,29868616,3794258,94076,29868616,33756950,30585462784,32552206336,14.849790230220906,18.948615614256077,4.002249156149497,5.106946271740663,14.727412205216337,18.886295288576008,3.9692663772878127,5.090149975833639,14,3473,28,25,27,1,4,0.00013137143105268478,0.047597793862223625,35.3984375,36.4921875,
dense,30,14,dense_N30_seed14,ok,30,110,7.333333333333333,0,29,0,8,10,0.6674120929092169,1.9950100183486938,0.3345407224880234,8.330918555023953,0.9256576172248837,0.00261203246191144,0.9975050091743469,ok,ok,75432,38621184,0.6674120929092169,17270771084,8645799453,992781654,17270771084,26909352191,18109716060176384,22902856717697024,12.784752861080124,20.20072655300322,1.53461503394128,2.4247898259455667,12.341294509717825,19.965913495877224,1.4813846070161638,2.3966040916144595,14,13546,47,35,46,1,4,0.1343665672466159,0.1357178632169962,35.68359375,40.71484375,
dense,30,15,dense_N30_seed15,ok,30,94,6.266666666666667,0,14,1,3,5,0.6295863464474678,1.95582914352417,0.3219025284146388,3.3561949431707223,0.8390487357926806,0.03603581339120865,0.977914571762085,ok,ok,4,64,0.6295863464474678,12743276,1832515,52257,12743276,14628048,13049114624,14000740096,15.112156978504313,19.203492945804744,4.502764956861324,5.721804981823401,14.974219956789984,19.133103040149656,4.46166572870266,5.700831853966713,11,1024,27,24,26,1,4,0.00010844413191080093,0.025772339664399624,35.375,35.8125,
dense,30,16,dense_N30_seed16,ok,30,113,7.533333333333333,0,29,0,5,7,0.2624018117785454,1.9896870851516724,0.13188094436394387,5.736238111272113,0.9560396852120188,0.0010255825472995639,0.9948435425758362,ok,ok,634,40576,0.2624018117785454,1339887956,304232252,14050753,1339887956,1658170961,21952724271104,24502546763776,14.776932046693021,20.218866139821827,2.576066711326942,3.5247606092380175,14.56380287805071,20.10898032253027,2.5389118435358897,3.5056041838665495,13,5812,37,31,36,1,4,0.0013409554958343506,0.0819338085129857,35.453125,37.859375,
dense,30,17,dense_N30_seed17,ok,30,108,7.2,0,29,0,3,5,0.2816343531012535,1.9929755926132202,0.14131349834142737,3.717373003317145,0.9293432508292863,0.0010000000474974513,0.9964877963066101,ok,ok,16,256,0.2816343531012535,26792935,3293206,80830,26792935,30166971,27435965440,29142779392,14.449669486109165,18.550295569330622,3.887064729101763,4.990162556401397,14.331060069084614,18.489943152444287,3.855157945220051,4.973927323393442,13,2380,28,25,27,1,4,0.00013148318976163864,0.04193149600178003,35.4140625,36.0703125,
dense,30,18,dense_N30_seed18,ok,30,121,8.066666666666666,0,29,0,3,5,0.22735850000754,1.9804185628890991,0.11480325637619858,3.770393487247603,0.9425983718119008,0.001055168453603983,0.9902092814445496,ok,ok,20,320,0.22735850000754,45483326,5136900,114925,45483326,50735151,46574925824,49234439424,14.746397268386037,18.851538208066046,3.9111029971439253,4.999886158255519,14.637124081665288,18.79600716502496,3.8821210919156415,4.98515797584461,13,2380,29,26,28,1,4,0.00014362391084432602,0.04783069621771574,35.3515625,36.0078125,
dense,30,19,dense_N30_seed19,ok,30,117,7.8,0,1,1,3,5,0.4639902710914612,1.993532657623291,0.2327477652884979,3.534504469423004,0.883626117355751,0.011165983974933624,0.9967663288116455,ok,ok,16,256,0.4639902710914612,38088867,4659982,109677,38088867,42858526,39002999808,41416987904,14.800826434137942,18.901779524978796,4.187525171400937,5.347787699378535,14.68284387043262,18.841726953792293,4.154144943783179,5.330797320187896,14,3174,29,26,28,1,4,0.0001783818006515503,0.04976660665124655,35.43359375,36.52734375,
dense,30,20,dense_N30_seed20,ok,30,114,7.6,0,29,0,4,6,0.34182404819875956,1.998342514038086,0.17105378372200553,4.657892432555989,0.9315784865111978,0.0071134427562355995,0.999171257019043,ok,ok,74,2368,0.34182404819875956,291061599,45033676,1436941,291061599,337532216,1192188309504,1285888705536,15.333106425331984,20.112670198865928,3.291854985349681,4.317976529103578,15.18498038994283,20.037010653862446,3.260053899872945,4.301733228920288,14,6476,33,29,32,1,4,0.00027987174689769745,0.07466338109225035,35.71484375,38.0390625,
dense,30,21,dense_N30_seed21,ok,30,107,7.133333333333334,0,1,1,3,5,0.49538014631252736,1.9911973476409912,0.24878505734221346,3.502429885315573,0.8756074713288933,0.0010000000474974513,0.9955986738204956,ok,ok,16,256,0.49538014631252736,23749779,3022548,76399,23749779,26848726,24319773696,25886876416,14.333140206764064,18.431824530670514,4.0923417958651385,5.26258201711575,14.21049506089869,18.369378144258363,4.057324636384065,5.244752570572375,13,2380,28,25,27,1,4,0.0002619381994009018,0.05697728041559458,35.7578125,36.4140625,
dense,30,22,dense_N30_seed22,ok,30,124,8.266666666666667,0,29,0,4,6,0.43535149097442627,1.9883499145507812,0.2189511452629721,4.562097709474056,0.9124195418948111,0.00597616471350193,0.9941749572753906,ok,ok,118,3776,0.43535149097442627,454312483,67853736,2041185,454312483,524207404,1860863930368,2001918555136,15.306713348668172,20.08870658697841,3.3551919146494598,4.403392444940498,15.163611183324285,20.0156414472439,3.323824290706047,4.3873767555827765,15,9949,34,29,33,1,4,0.0002966029569506645,0.10712851397693157,35.51171875,38.57421875,
dense,30,23,dense_N30_seed23,ok,30,98,6.533333333333333,0,9,1,3,5,0.7884016633033752,1.9444680213928223,0.4054587962514514,3.1890824074970974,0.7972706018742743,0.024456242099404335,0.9722340106964111,ok,ok,13,208,0.7884016633033752,15998374,2214245,60865,15998374,18273484,16382334976,17531609856,14.156012247841275,18.249733286302853,4.438898228080411,5.722565601754354,14.023048292578348,18.18193137593802,4.397204744415533,5.701304968850846,13,2324,28,24,27,1,4,0.0001277737319469452,0.03300998732447624,35.59765625,36.25390625,
dense,30,24,dense_N30_seed24,ok,30,111,7.4,0,3,1,3,5,0.6226322650909424,1.986275553703308,0.31346721452120613,3.373065570957588,0.843266392739397,0.00601243507117033,0.993137776851654,ok,ok,12,192,0.6226322650909424,28868693,3715474,92867,28868693,32677034,29561541632,31487638272,14.817276415175312,18.915365497917612,4.3928219311102215,5.607766911138843,14.693361628917758,18.852244712277432,4.356085382812888,5.589053730409819,13,2380,28,25,27,1,4,0.0001344708725810051,0.043396986089646816,35.89453125,36.55078125,
dense,30,25,dense_N30_seed25,ok,30,104,6.933333333333334,0,2,1,3,5,0.6095254868268967,1.979468822479248,0.30792376212497113,3.384152475750058,0.8460381189375145,0.01279886532574892,0.989734411239624,ok,ok,10,160,0.6095254868268967,20526894,2604629,68766,20526894,23200289,21019539456,22370713600,14.657090200461457,18.755844696571728,4.331096280528224,5.542257575854266,14.534661393761503,18.69354447712118,4.294919185206059,5.523848175008124,12,1586,28,25,27,1,4,0.00013247691094875336,0.030297123827040195,35.796875,36.453125,
dense,30,26,dense_N30_seed26,ok,30,102,6.8,0,29,0,6,8,0.3777432357892394,1.9948856830596924,0.18935583076112353,6.621288338477753,0.9458983340682504,0.00840283278375864,0.9974428415298462,ok,ok,1725,220800,0.3777432357892394,2261471876,700710241,45683016,2261471876,3007865133,148207820865536,171917164576768,14.371514076459654,20.47302128205191,2.170501168623581,3.0919996585979663,14.086299381345576,20.32462400638508,2.1274257608579004,3.069587513395882,12,2949,39,32,38,1,4,0.003611401654779911,0.05349767114967108,35.88671875,37.1796875,
dense,30,27,dense_N30_seed27,ok,30,104,6.933333333333334,0,29,0,3,5,0.37243636697530746,1.9179712533950806,0.1941824551937587,3.6116350896124825,0.9029087724031206,0.006508760619908571,0.9589856266975403,ok,ok,16,256,0.37243636697530746,21996344,2880405,74070,21996344,24950819,22524256256,24017985536,14.259828483034571,18.356891339490154,3.9483026743337484,5.082709322513475,14.1337980934549,18.29268117681457,3.9134070144864532,5.064930626415339,13,2380,28,25,27,1,4,0.00015425775200128555,0.04178847651928663,35.06640625,35.94140625,
dense,30,28,dense_N30_seed28,ok,30,110,7.333333333333333,0,29,0,4,6,0.6506323292851448,1.9951328039169312,0.3261097847761288,4.3477804304477425,0.8695560860895485,0.0135227395221591,0.9975664019584656,ok,ok,82,2624,0.6506323292851448,237151654,40181004,1369682,237151654,278702340,971373174784,1055066425344,15.038935641277543,19.812169693221925,3.4589915203534796,4.556846880876556,14.877491137488011,19.72952140140763,3.4218588945522943,4.5378375741425945,15,8951,32,28,31,1,4,0.0004066396504640579,0.12464346643537283,35.23046875,37.85546875,
dense,30,29,dense_N30_seed29,ok,30,103,6.866666666666666,0,29,0,3,5,0.793893113732338,1.9979218244552612,0.3973594482100395,3.205281103579921,0.8013202758949802,0.004616254940629005,0.9989609122276306,ok,ok,6,96,0.793893113732338,20292479,2919200,80087,20292479,23291766,20779498496,22294631168,15.171850996292775,19.263263540160352,4.733391707625146,6.009851528667972,15.034001413523779,19.19288449688345,4.690384689421646,5.987894314619477,12,1586,28,25,27,1,4,0.00011787842959165573,0.03198093082755804,35.8125,36.46875,
dense,30,30,dense_N30_seed30,ok,30,110,7.333333333333333,0,29,0,3,5,0.32832267123740166,1.9834489822387695,0.16553119045533274,3.6689376190893346,0.9172344047723336,0.0010000000474974513,0.9917244911193848,ok,ok,16,256,0.32832267123740166,27504764,3451838,85143,27504764,31041745,28164878336,29954016000,14.478254747242854,18.577751798189276,3.946170867532083,5.063523484708484,14.357281061756968,18.51616414511664,3.913198465696613,5.046737248618724,13,2380,28,25,27,1,4,0.00012356694787740707,0.037081691436469555,35.703125,36.359375,
dense,30,31,dense_N30_seed31,ok,30,107,7.133333333333334,0,29,0,3,5,0.6563769429922104,1.989699125289917,0.32988753658750813,3.340224926824984,0.835056231706246,0.007539085112512112,0.9948495626449585,ok,ok,15,240,0.6563769429922104,23827017,3103296,79292,23827017,27009605,24398865408,26008051712,14.403652900346398,18.501033084915335,4.31218053151817,5.5388584572061434,14.27828046179063,18.4371635451503,4.274646400942436,5.519737128204583,13,2380,28,25,27,1,4,0.00013168808072805405,0.0355101739987731,35.4921875,36.1484375,
dense,30,32,dense_N30_seed32,ok,30,121,8.066666666666666,0,1,1,3,5,0.49492406100034714,1.9933598041534424,0.24828636554680394,3.503427268906392,0.875856817226598,0.0075060599483549595,0.9966799020767212,ok,ok,8,128,0.49492406100034714,45931323,5688684,137869,45931323,51757876,47033674752,49981575424,15.682645630086414,19.782890019025256,4.476372542188327,5.646724906951061,15.563216318910102,19.722099402269773,4.442283262745802,5.6293731504881785,14,3473,29,26,28,1,4,0.0002782447263598442,0.08225338999181986,35.7890625,37.1015625,
dense,30,33,dense_N30_seed33,ok,30,114,7.6,0,29,0,4,6,0.30302640597801656,1.9947702884674072,0.15191042684460343,4.696179146310794,0.9392358292621587,0.0010000000474974513,0.9973851442337036,ok,ok,105,3360,0.30302640597801656,293325520,45746171,1464562,293325520,340536253,1201461329920,1296649199616,14.99207179762601,19.771108261109653,3.192397762211313,4.210041321920473,14.842833189892502,19.69486345381212,3.1606190325070282,4.193805823886411,14,6476,33,29,32,1,4,0.00029297731816768646,0.07760541792958975,35.6484375,38.0546875,
dense,30,34,dense_N30_seed34,ok,30,99,6.6,0,29,0,3,5,0.26192283257842064,1.9797457456588745,0.13230124785102176,3.7353975042979566,0.9338493760744891,0.003437979379668832,0.9898728728294373,ok,ok,11,176,0.26192283257842064,16370980,2255051,60950,16370980,18686981,16763883520,17934072832,14.345442363355891,18.43948425554284,3.8404058328062796,4.936418208323566,14.21312554036489,18.372008623724565,3.8049834118085792,4.918354365923758,13,2370,28,24,27,1,4,0.00012508686631917953,0.030043480917811394,35.21484375,35.87109375,
dense,30,35,dense_N30_seed35,ok,30,117,7.8,0,29,0,3,5,0.47400711476802826,1.9628080129623413,0.24149438540993087,3.517011229180138,0.8792528072950345,0.0010000000474974513,0.9814040064811707,ok,ok,24,384,0.47400711476802826,37858502,4356324,99565,37858502,42314391,38767106048,41023032576,14.382583968575279,18.486756963475557,4.089433621719784,5.256382695083139,14.271312305789571,18.430195389149244,4.0577954904956055,5.240300410825122,13,2380,29,26,28,1,4,0.0001344643533229828,0.044657678343355656,35.2734375,35.9296875,
dense,30,36,dense_N30_seed36,ok,30,106,7.066666666666666,0,1,1,3,5,0.26335682161152363,1.9996984004974365,0.13169827087225358,3.736603458255493,0.9341508645638732,0.01168200746178627,0.9998492002487183,ok,ok,4,64,0.26335682161152363,23856341,3199430,85976,23856341,27141747,24428893184,26089011200,15.730289219113128,19.825896952438786,4.209782866940108,5.305860569345749,15.601266248862526,19.7601493322222,4.1752533880451645,5.288265012056595,13,2380,28,25,27,1,4,0.00010646320879459381,0.039124708622694016,35.0546875,35.9296875,
dense,30,37,dense_N30_seed37,ok,30,120,8.0,0,29,0,5,7,0.37239775131456554,1.9917733669281006,0.18696793395169864,5.6260641320966025,0.9376773553494337,0.001834991155192256,0.9958866834640503,ok,ok,640,40960,0.37239775131456554,2279922752,470442410,19831872,2279922752,2770197034,37354254368768,41289349939200,15.280716109670164,20.731274452206222,2.7160579315998077,3.6848628038089086,15.085939222283324,20.631116666762885,2.681437478861695,3.6670603431380577,14,9907,37,32,36,1,4,0.0015847384929656982,0.10650366730988026,35.19140625,38.25390625,
dense,30,38,dense_N30_seed38,ok,30,116,7.733333333333333,0,29,0,3,5,0.5448112487792969,1.9891399145126343,0.273892874404857,3.452214251190286,0.8630535627975715,0.021656334400177002,0.9945699572563171,ok,ok,6,96,0.5448112487792969,37886369,4828746,117264,37886369,42832379,38795641856,41297979392,15.781045423999537,19.879731219115516,4.571282161458665,5.75854503012413,15.65834247914043,19.8172255625001,4.5357389025729224,5.740439069118417,14,3471,29,26,28,1,4,0.0001384178176522255,0.05181359499692917,35.7734375,36.8671875,
dense,30,39,dense_N30_seed39,ok,30,114,7.6,0,5,1,3,5,0.443516394123435,1.9975392818450928,0.22203137537989567,3.5559372492402086,0.8889843123100521,0.006932005751878023,0.9987696409225464,ok,ok,17,272,0.443516394123435,33573215,4231297,103014,33573215,37907526,34378972160,36571767808,14.617446881480884,18.716740342031642,4.110715644547487,5.2635181754207885,14.496025790347112,18.654908873706784,4.076569628287016,5.246129941604776,14,3472,29,26,28,1,4,0.00013783667236566544,0.049256663769483566,35.515625,36.828125,
dense,30,40,dense_N30_seed40,ok,30,117,7.8,0,29,0,3,5,0.35821080952882767,1.9917683601379395,0.1798456169391203,3.6403087661217595,0.9100771915304399,0.0019122078083455563,0.9958841800689697,ok,ok,25,400,0.35821080952882767,39082340,4453717,100951,39082340,43637008,40020316160,42326462720,14.37254033075728,18.477213776504417,3.9481651843695706,5.075727078005339,14.262305435653113,18.421188519012787,3.917883441202601,5.0603368292404465,15,4944,29,26,28,1,4,0.00019702967256307602,0.08776731975376606,35.0390625,36.5703125,
dense,40,1,dense_N40_seed1,ok,40,149,7.45,0,39,0,4,6,0.7123223282396793,1.9983986616134644,0.3564465598993974,4.287106880201205,0.857421376040241,0.005525731481611729,0.9991993308067322,ok,ok,55,1760,0.7123223282396793,2684994702,293461429,6589863,2684994702,2985045994,10997738299392,11605495325696,17.809547806815004,22.609430748805476,4.1542112908505695,5.273820173045081,17.703611406488463,22.555641670408082,4.129500826827435,5.261273464996862,17,21778,35,32,34,1,4,0.00041410326957702637,0.39305041264742613,34.9609375,41.484375,
dense,40,2,dense_N40_seed2,ok,40,153,7.65,0,3,1,3,5,0.6551792994141579,1.981528878211975,0.3306433262811473,3.3387133474377055,0.8346783368594264,0.0017783637158572674,0.9907644391059875,ok,ok,7,112,0.6551792994141579,231023277,19071354,311562,231023277,250406193,236567835648,246412128768,17.39268478025718,21.51177241999533,5.209397444559052,6.443132482908283,17.312118880587946,21.471001963947618,5.185266621908145,6.430921055389655,18,12616,31,28,30,1,4,0.00018241163343191147,0.2188341123983264,35.54296875,39.98828125,
dense,40,3,dense_N40_seed3,ok,40,162,8.1,0,2,1,3,5,0.759110514074564,1.9968522787094116,0.38015356577362136,3.2396928684527575,0.8099232171131894,0.00391160836443305,0.9984261393547058,ok,ok,5,80,0.759110514074564,301747881,24241018,381444,301747881,326370343,308989830144,321498881024,17.994105403585163,22.11423326545892,5.554262744720908,6.8260277018236115,17.91566448311365,22.074547566473317,5.530050288893582,6.8137778680902805,18,12616,31,29,30,1,4,0.00017347652465105057,0.22779478318989277,35.49609375,40.46484375,
dense,40,4,dense_N40_seed4,ok,40,149,7.45,0,39,0,3,5,0.8137200698256493,1.9967247247695923,0.40752741714036056,3.184945165719279,0.7962362914298198,0.0030465300660580397,0.9983623623847961,ok,ok,4,64,0.8137200698256493,196223913,17703979,308236,196223913,214236128,200933286912,210076632576,17.796295005434978,21.911855134766753,5.587629952623034,6.879821784880947,17.708472617282737,21.86735570064241,5.560055729651316,6.865849979462346,17,9402,31,28,30,1,4,0.0001786826178431511,0.2750594886019826,35.8125,38.65234375,
dense,40,5,dense_N40_seed5,ok,40,164,8.2,0,1,1,3,5,0.4900278337299824,1.9983102083206177,0.2452211031548512,3.5095577936902975,0.8773894484225744,0.0015862570144236088,0.9991551041603088,ok,ok,7,112,0.4900278337299824,322812294,25699116,398908,322812294,348910318,330559789056,343819856896,17.724415329607957,21.84488481404679,5.05032724107693,6.224398086083919,17.64667143008138,21.805554513441052,5.028175191133102,6.213191460372712,18,12616,31,29,30,1,4,0.0001654885709285736,0.23698773980140686,35.53515625,40.5234375,
dense,40,6,dense_N40_seed6,ok,40,151,7.55,0,39,0,4,6,0.6940517760813236,1.992197036743164,0.34838510613184964,4.303229787736301,0.8606459575472601,0.0017139381961897016,0.996098518371582,ok,ok,90,2880,0.6940517760813236,2702912502,295131448,6611560,2702912502,3004655510,11071129608192,11682329051136,17.323619089096663,22.123552905383107,4.02572484938335,5.141150716244025,17.217786062687292,22.069816326606905,4.001130990437916,5.128663216987223,17,21305,35,32,34,1,4,0.00038473308086395264,0.2934839501976967,35.5390625,41.5,
dense,40,7,dense_N40_seed7,ok,40,144,7.2,0,39,0,5,7,0.8812271468341351,1.9829978942871094,0.4443913679247438,5.111217264150512,0.8518695440250854,0.004284015391021967,0.9914989471435547,ok,ok,343,21952,0.8812271468341351,21757866864,3225999587,98847472,21757866864,25082713923,356480890699776,383313158561792,18.107714310336775,23.583259886868323,3.542740089986429,4.6140202358993,17.965510776815886,23.51068822129545,3.514918237349037,4.599821726655351,17,41226,39,35,38,1,4,0.00138788390904665,1.2849568836390972,35.8203125,50.21484375,
dense,40,8,dense_N40_seed8,ok,40,146,7.3,0,39,0,4,6,0.4667237475514412,1.985764980316162,0.23503473582112025,4.52993052835776,0.9059861056715519,0.002101245801895857,0.992882490158081,ok,ok,62,1984,0.4667237475514412,2366686156,258869759,5848829,2366686156,2631404744,9693946494976,10230100962304,17.563649278691887,22.363485277236492,3.8772447322849466,4.936827427537603,17.45762218217615,22.309652446095768,3.8538388332646414,4.924943618105267,17,21778,35,32,34,1,4,0.00044057611376047134,0.4751089308410883,35.71484375,42.41015625,
dense,40,9,dense_N40_seed9,ok,40,150,7.5,0,7,1,3,5,0.668687991797924,1.9844938516616821,0.33695644420264115,3.3260871115947177,0.8315217778986794,0.005529068876057863,0.9922469258308411,ok,ok,12,192,0.668687991797924,204649519,16665424,272140,204649519,221587083,209561107456,218163472384,16.7314195716393,20.851015120014296,5.030361205307487,6.268932358183823,16.651902760757658,20.810785844117333,5.0064541913857985,6.25683728233427,17,9402,31,28,30,1,4,0.00028186291456222534,0.2708509489893913,35.80859375,38.65234375,
dense,40,10,dense_N40_seed10,ok,40,155,7.75,0,39,0,6,8,0.6882010009139776,1.9953805208206177,0.34489712299634406,6.3102057540073115,0.9014579648581874,0.004632831551134586,0.9976902604103088,ok,ok,4411,564608,0.6882010009139776,283007706607,45926803724,1599296339,283007706607,330533806670,18547193060196352,20078325435842560,18.1321180803725,24.29453032760278,2.8734590894849434,3.8500377443595206,17.976883265940785,24.215207890980295,2.8488584947526507,3.8374672451215033,17,65536,44,39,43,1,4,0.010118882171809673,1.4099152870476246,35.59375,60.0,
dense,40,11,dense_N40_seed11,ok,40,168,8.4,0,39,0,5,7,0.37987473141402006,1.996532678604126,0.19026722451625944,5.619465550967481,0.9365775918279136,0.006105596665292978,0.998266339302063,ok,ok,588,37632,0.37987473141402006,64857698864,8189586529,214177547,64857698864,73261462940,1062628538187776,1130594902265856,18.640573615350043,24.125910320026215,3.3171434981287087,4.293274885522263,18.518734510790026,24.06391195526958,3.2954618802853464,4.282242098828525,19,94184,41,36,40,1,4,0.0025861598551273346,1.7482567727565765,35.578125,75.64453125,
dense,40,12,dense_N40_seed12,ok,40,168,8.4,0,3,1,3,5,0.3494383320212364,1.9853651523590088,0.17600708444289664,3.6479858311142066,0.9119964577785517,0.008818741887807846,0.9926825761795044,ok,ok,21,336,0.3494383320212364,361975979,25569572,366986,361975979,387912537,370663402496,383848971776,16.731768014350102,20.856403849540488,4.58657702879282,5.717238173364918,16.662565973511352,20.82144905687102,4.567607097427266,5.707656230263239,18,12616,31,29,30,1,4,0.000204344280064106,0.3469383353367448,35.74609375,40.25,
dense,40,13,dense_N40_seed13,ok,40,158,7.9,0,39,0,5,7,0.3329612426459789,1.9637559652328491,0.16955326860407455,5.660893462791851,0.9434822437986419,0.0010000000474974513,0.9818779826164246,ok,ok,386,24704,0.3329612426459789,41367554369,5225599423,143932234,41367554369,46737086026,677766010781696,721163667685376,18.611966450318466,24.097166775578767,3.287814295155341,4.2567780040316245,18.4899253301572,24.03510277463676,3.266255662942348,4.245814363512695,18,63004,40,36,39,1,4,0.0016204500570893288,1.195044650696218,35.48828125,59.1015625,
dense,40,14,dense_N40_seed14,ok,40,150,7.5,0,7,1,3,5,0.7074879705905914,1.9925262928009033,0.3550708330157452,3.2898583339685095,0.8224645834921274,0.006585422437638044,0.9962631464004517,ok,ok,9,144,0.7074879705905914,206073094,18200343,311546,206073094,224584983,211018848256,220417179648,17.032540159610722,21.148974559197622,5.1772868101176295,6.42853655454699,16.946516911724768,21.105399995084436,5.151138800339291,6.415291435855018,16,6885,31,28,30,1,4,0.00018239766359329224,0.14299395307898521,35.875,38.50390625,
dense,40,15,dense_N40_seed15,ok,40,142,7.1,0,3,1,3,5,0.272271306021139,1.931943655014038,0.14093128715969752,3.718137425680605,0.9295343564201513,0.0024523332249373198,0.965971827507019,ok,ok,4,64,0.272271306021139,149985278,14185776,260192,149985278,164431246,153584924672,160914651136,17.53170872223444,21.645256860841716,4.715185781231651,5.821532230449915,17.439753339457273,21.598636422816945,4.690454209412372,5.808993576632879,15,4944,30,28,29,1,4,0.00018076039850711823,0.11798414401710033,35.66015625,37.19140625,
dense,40,16,dense_N40_seed16,ok,40,165,8.25,0,39,0,5,7,0.5685750860720873,1.991058588027954,0.28556421668898907,5.428871566622022,0.904811927770337,0.0026454199105501175,0.995529294013977,ok,ok,363,23232,0.5685750860720873,54351327402,7374417276,206032195,54351327402,61931776873,890492148154368,951747282350080,18.954896408855653,24.436034738138424,3.4914984037188885,4.501125959283492,18.824332039170407,24.36950948364997,3.4674484021517147,4.488871984645841,18,61225,41,36,40,1,4,0.0027092844247817993,1.6032824134454131,35.77734375,59.65625,
dense,40,17,dense_N40_seed17,ok,40,151,7.55,0,39,0,6,8,0.5887447707355022,1.9971791505813599,0.29478816187527507,6.41042367624945,0.9157748108927786,0.00563837680965662,0.9985895752906799,ok,ok,2583,330624,0.5887447707355022,234415764435,38123943538,1334787565,234415764435,273874495538,15362671538012160,16633786079330304,18.479228999822013,24.641475270812368,2.8826845046587724,3.8439698396392683,18.32365535370748,24.561979978746987,2.8584156491241637,3.8315688976609854,17,65536,44,38,43,1,4,0.007945695891976357,1.8816332947462797,35.73828125,59.9765625,
dense,40,18,dense_N40_seed18,ok,40,155,7.75,0,39,0,3,5,0.3328913124278188,1.9972459077835083,0.16667517561583237,3.666649648768335,0.9166624121920838,0.0010000000474974513,0.9986229538917542,ok,ok,16,256,0.3328913124278188,244582460,19048033,298716,244582460,263929209,250452439040,260281503232,16.618602755185506,20.739852142518785,4.53236724178648,5.656349564100163,16.542474347493847,20.70135743085352,4.511604852416329,5.645850957646667,18,12600,31,28,30,1,4,0.00021999236196279526,0.3198428861796856,35.7421875,40.328125,
dense,40,19,dense_N40_seed19,ok,40,155,7.75,0,39,0,7,9,0.40209087636321783,1.9933056831359863,0.2017206290861644,7.596558741827671,0.9495698427284589,0.012366597540676594,0.9966528415679932,ok,ok,12798,3276288,0.40209087636321783,1665309959766,378669600859,18181291949,1665309959766,2062160852574,436551014092898304,487375525165858816,18.897731318819268,25.725589687573496,2.4876700044147393,3.38647939966882,18.683988196357173,25.615460001956627,2.4595331690757063,3.371982087219897,18,153894,48,41,47,1,4,0.05168248154222965,2.4362204745411873,35.76953125,91.65625,
dense,40,20,dense_N40_seed20,ok,40,160,8.0,0,39,0,3,5,0.6915072947740555,1.9953796863555908,0.3465542420335254,3.306891515932949,0.8267228789832373,0.006330200470983982,0.9976898431777954,ok,ok,3,48,0.6915072947740555,284699477,23319404,369000,284699477,308387881,291532264448,303566263296,18.448256613844862,22.567664743172024,5.578730516244405,6.824434558690134,18.368332426557043,22.52721550991671,5.554561538549571,6.812202759412648,18,12616,31,29,30,1,4,0.0002535637468099594,0.31860604602843523,35.75,40.55859375,
dense,40,21,dense_N40_seed21,ok,40,154,7.7,0,39,0,5,7,0.8793242387473583,1.9996204376220703,0.43974557481170895,5.1205088503765825,0.8534181417294303,0.0010000000474974513,0.9998102188110352,ok,ok,141,9024,0.8793242387473583,35409162166,5493455788,171382988,35409162166,41074000942,580143712927744,625848087461888,19.48988128742036,24.96248581205512,3.8062391564828557,4.8750010089757545,19.341476551468894,24.886653995948457,3.7772567369054433,4.860191579225216,17,41226,40,36,39,1,4,0.001431334763765335,1.2681614812463522,35.8671875,50.125,
dense,40,22,dense_N40_seed22,ok,40,172,8.6,0,39,0,3,5,0.5711913108825684,1.9962561130523682,0.28613127701795255,3.427737445964095,0.8569343614910238,0.00185249128844589,0.9981280565261841,ok,ok,10,160,0.5711913108825684,410104387,30595549,448975,410104387,441148911,419946892288,435726750976,17.60230795008718,21.72510735064688,5.1352556103188665,6.338031337909667,17.529337194701906,21.68822027806158,5.1139672950568,6.3272699907625185,18,12616,32,29,31,1,4,0.00012807920575141907,0.2468396220356226,35.42578125,40.34765625,
dense,40,23,dense_N40_seed23,ok,40,144,7.2,0,39,0,3,5,0.40506982803344727,1.9973036050796509,0.20280833970521642,3.594383320589567,0.8985958301473917,0.005018663592636585,0.9986518025398254,ok,ok,9,144,0.40506982803344727,167164463,14801266,258812,167164463,182224541,171176410112,178820914176,16.82352564902912,20.939837362933837,4.680504038803977,5.825710697850442,16.737264116822406,20.896147200182078,4.6565050591424075,5.813555577248394,17,9401,30,28,29,1,4,0.0001620650291442871,0.17001133039593697,35.82421875,38.66796875,
dense,40,24,dense_N40_seed24,ok,40,144,7.2,0,1,1,3,5,0.7202575653791428,1.9695394039154053,0.365698479526373,3.268603040947254,0.8171507602368135,0.0029519861564040184,0.9847697019577026,ok,ok,6,96,0.7202575653791428,163119714,14811759,262810,163119714,178194283,167034587136,174685487104,17.206625521327876,21.32190478592225,5.264213887637248,6.523246940302386,17.118235461690436,21.277118545050108,5.237171735828007,6.509544988639524,16,6885,30,28,29,1,4,0.0002457890659570694,0.13501629885286093,35.65234375,38.015625,
dense,40,25,dense_N40_seed25,ok,40,145,7.25,0,4,1,3,5,0.3936086595058441,1.9935458898544312,0.19744148429639885,3.605117031407202,0.9012792578518005,0.00663196574896574,0.9967729449272156,ok,ok,17,272,0.3936086595058441,174478717,14461499,242170,174478717,189182386,178666206208,186132489216,16.225008768940434,20.343922498405856,4.500549809504312,5.643068538738927,16.144099982496083,20.302983065855756,4.478107046692596,5.631712615423971,18,12616,30,28,29,1,4,0.000199892558157444,0.21535529661923647,35.79296875,40.6171875,
dense,40,26,dense_N40_seed26,ok,40,139,6.95,0,39,0,5,7,0.5564471445977688,1.992849349975586,0.2792218812749623,5.441556237450076,0.9069260395750126,0.0023541070986539125,0.996424674987793,ok,ok,104,6656,0.5564471445977688,16282580480,2788351754,96452819,16282580480,19167385053,266773798584320,290011046899712,19.032085077263922,24.49766614844014,3.497544497708324,4.501959564405751,18.868970791961168,24.41414823644073,3.4675688293176963,4.486611397749929,16,26333,39,34,38,1,4,0.0005857944488525391,0.5488798981532454,35.65234375,46.29296875,
dense,40,27,dense_N40_seed27,ok,40,153,7.65,0,39,0,4,6,0.7409418448805809,1.9867668151855469,0.3729385045176443,4.254122990964712,0.8508245981929423,0.002861851593479514,0.9933834075927734,ok,ok,58,1856,0.7409418448805809,3240450038,350738117,7746164,3240450038,3598934319,13272883355648,13999127091200,17.94346060553875,22.743837179625206,4.217898881543547,5.346304568046248,17.838535047175718,22.690565311095334,4.193234442225295,5.333782158928548,17,21778,35,32,34,1,4,0.0003781542181968689,0.45557350013405085,35.74609375,42.58203125,
dense,40,28,dense_N40_seed28,ok,40,150,7.5,0,39,0,3,5,0.29421989247202873,1.9864846467971802,0.14811083133534458,3.703778337329311,0.9259445843323277,0.0080494349822402,0.9932423233985901,ok,ok,14,224,0.29421989247202873,208934488,17313814,285622,208934488,226533924,213948915712,222886707712,16.59934793689141,20.718283390290964,4.481733631192607,5.59382379379386,16.518473976631228,20.6773570599909,4.459898101931831,5.582773907279979,18,12616,31,28,30,1,4,0.00018456298857927322,0.22613381408154964,35.38671875,40.3125,
dense,40,29,dense_N40_seed29,ok,40,139,6.95,0,39,0,3,5,0.8516545817255974,1.9770115613937378,0.4307787563595252,3.1384424872809498,0.7846106218202374,0.001807479071430862,0.9885057806968689,ok,ok,6,96,0.8516545817255974,135382232,12056080,220644,135382232,147658956,138631405568,144860603392,17.018656352045618,21.13468956958293,5.422644009255068,6.734133142549117,16.931853214606463,21.090736297966135,5.394985978945149,6.720128338639241,16,6885,30,28,29,1,4,0.00013304222375154495,0.12806204985827208,35.890625,38.2109375,
dense,40,30,dense_N40_seed30,ok,40,135,6.75,0,39,0,3,5,0.8445464596152306,1.9942141771316528,0.42349837309349136,3.1530032538130173,0.7882508134532543,0.004317533690482378,0.9971070885658264,ok,ok,9,144,0.8445464596152306,119318874,10998124,202378,119318874,130519376,122182526976,127865375232,16.489807671465254,20.604430491806568,5.229873344254769,6.53485861991707,16.400085503421494,20.558968586781166,5.201417246743529,6.5204400160128655,17,9388,30,27,29,1,4,0.000283203087747097,0.217209049500525,35.80078125,38.63671875,
dense,40,31,dense_N40_seed31,ok,40,158,7.9,0,39,0,4,6,0.6058723032474518,1.9914932250976562,0.30423016037011213,4.391539679259775,0.8783079358519551,0.006695062853395939,0.9957466125488281,ok,ok,110,3520,0.6058723032474518,3679463731,384485838,8230724,3679463731,4072180293,15071083442176,15866938699776,17.426964025699064,22.229042464702566,3.968303897606249,5.061787912263479,17.32555248744414,22.17758275136375,3.9452114185074336,5.050069991648564,17,21778,36,32,35,1,4,0.0005916021764278412,0.6166956936940551,35.78125,42.57421875,
dense,40,32,dense_N40_seed32,ok,40,145,7.25,0,39,0,5,7,0.8550403714179993,1.995699405670166,0.4284414621704376,5.1431170756591245,0.8571861792765207,0.01709291711449623,0.997849702835083,ok,ok,334,21376,0.8550403714179993,22799612457,3233709542,96425657,22799612457,26129747656,373548850495488,400434358554624,18.1751992662034,23.65354689392771,3.533887912492081,4.599068336568316,18.038868382285646,23.584045826765212,3.5073804692602386,4.585554923177159,16,26333,39,35,38,1,4,0.001981409266591072,0.48835995700210333,35.76171875,46.23046875,
dense,40,33,dense_N40_seed33,ok,40,145,7.25,0,39,0,3,5,0.4676104615209624,1.9725877046585083,0.23705433244698973,3.5258913351060204,0.8814728337765051,0.0010000000474974513,0.9862938523292542,ok,ok,7,112,0.4676104615209624,176647294,15686103,273293,176647294,192606690,180886829056,188988076800,17.130250642872227,21.24645089300669,4.858417068136087,6.02583825583718,17.043755464170523,21.202638547530192,4.833885631832166,6.013412363683252,18,12616,30,28,29,1,4,0.00013863854110240936,0.20922067947685719,35.703125,40.203125,
dense,40,34,dense_N40_seed34,ok,40,133,6.65,0,5,1,3,5,0.8635203838348389,1.9780628681182861,0.4365485029585021,3.1269029940829958,0.7817257485207489,0.009083632379770279,0.9890314340591431,ok,ok,7,112,0.8635203838348389,115986995,11001139,206166,115986995,127194300,118770682880,124456044544,16.715316247490172,20.828719563345697,5.3456459247761705,6.661133908778,16.623078481661334,20.781961565021007,5.316147802831429,6.646180455340791,16,6885,30,27,29,1,4,0.00014163926243782043,0.13030100520700216,35.828125,38.1328125,
dense,40,35,dense_N40_seed35,ok,40,159,7.95,0,2,1,3,5,0.5958481465931982,1.9850715398788452,0.300164570708401,3.399670858583198,0.8499177146457995,0.0031920706387609243,0.9925357699394226,ok,ok,11,176,0.5958481465931982,269391924,21646234,343038,269391924,291381196,275857330176,287028019712,17.092247646989,21.212361682560953,5.027618366006214,6.239533932823467,17.013782570964544,21.172665654324213,5.0045381681610746,6.227857500048653,18,12616,31,29,30,1,4,0.00018302258104085922,0.22523606475442648,35.55078125,40.359375,
dense,40,36,dense_N40_seed36,ok,40,126,6.3,0,39,0,3,5,0.7049237936735153,1.9763656854629517,0.35667680270839713,3.286646394583206,0.8216615986458015,0.017674192786216736,0.9881828427314758,ok,ok,2,32,0.7049237936735153,86961265,9256004,189737,86961265,96407006,89048335360,93835982080,17.69094225272858,21.799078320865952,5.3826728308483105,6.632620520660054,17.587826167029604,21.746709250389273,5.3512985747467345,6.6166866281174945,15,4944,29,27,28,1,4,0.00016883574426174164,0.16699329297989607,35.83984375,37.37109375,
dense,40,37,dense_N40_seed37,ok,40,164,8.2,0,39,0,3,5,0.6640910804271698,1.9968812465667725,0.33256413297933374,3.3348717340413323,0.8337179335103331,0.005095020867884159,0.9984406232833862,ok,ok,10,160,0.6640910804271698,323388416,24405840,367469,323388416,348161725,331149737984,343739600128,17.365592563804043,21.487976416062608,5.207274506704855,6.4434191566410295,17.291779592053025,21.4506626754127,5.185140830318577,6.432230198376452,19,16664,31,29,30,1,4,0.00024208519607782364,0.2866923650726676,35.71875,40.921875,
dense,40,38,dense_N40_seed38,ok,40,154,7.7,0,39,0,3,5,0.4777335524559021,1.9949809312820435,0.239467728721043,3.521064542557914,0.8802661356394785,0.005317226517945528,0.9974904656410217,ok,ok,3,48,0.4777335524559021,234910946,20263769,345981,234910946,255520696,240548808704,251012429568,18.260201677616386,22.377567284135452,5.18598891241882,6.355341407027726,18.176104758427925,22.334987841787598,5.162104965342016,6.343248631722641,18,12615,31,28,30,1,4,0.00014593172818422318,0.20693981926888227,35.4140625,40.34375,
dense,40,39,dense_N40_seed39,ok,40,160,8.0,0,39,0,4,6,0.6885287296026945,1.988132119178772,0.346319403504784,4.307361192990432,0.8614722385980864,0.008754291571676731,0.994066059589386,ok,ok,27,864,0.6885287296026945,4138494867,467763733,10453092,4138494867,4616711692,16951274975232,17919959066624,18.957111667639545,23.7553634704401,4.401096359991665,5.515061868760461,18.847761133980168,23.699791397899787,4.37570946329089,5.50216021736639,16,14893,36,32,35,1,4,0.00044766906648874283,0.4746774658560753,35.8203125,40.90625,
dense,40,40,dense_N40_seed40,ok,40,165,8.25,0,39,0,6,8,0.33139693085104227,1.9704915285110474,0.16817983028907213,6.663640339421856,0.951948619917408,0.0010000000474974513,0.9852457642555237,ok,ok,5558,711424,0.33139693085104227,444687931986,64349918879,2017733287,444687931986,511055584152,29143068310634496,31284744994635776,18.3367505861806,24.50688311906324,2.7517617476593155,3.6777019573042384,18.197644986364907,24.435969611404417,2.7308864313561907,3.6670601002941443,19,167821,45,39,44,1,4,0.011480695568025112,2.3027413077652454,35.58984375,90.6796875,
grid,4,1,grid_k4_N16_seed1,ok,16,24,3.0,0,15,0,6,8,6.590715050697327,2.490368604660034,2.6464817450575917,1.7070365098848166,0.24386235855497385,1.006889820098877,1.245184302330017,ok,ok,20,2560,6.590715050697327,36,176,154,36,366,2359296,10649600,2.906901059847375,8.33327035325531,1.702893314240549,4.881717704923372,0.5877866649021191,6.826111289941627,0.34433163057641947,3.998808022215192,4,16,21,12,20,1,4,8.635781705379486e-05,0.002805238589644432,33.44921875,33.44921875,
grid,4,2,grid_k4_N16_seed2,ok,16,24,3.0,0,15,0,6,8,6.544070243835449,2.483717918395996,2.6347880310263494,1.7304239379473012,0.2472034197067573,1.0137866735458374,1.241858959197998,ok,ok,20,2560,6.544070243835449,36,176,154,36,366,2359296,10649600,2.906901059847375,8.33327035325531,1.6798779744665684,4.815739178423856,0.5877866649021191,6.826111289941627,0.3396778396393287,3.9447624020036596,4,16,21,12,20,1,4,5.910918116569519e-05,0.0018799100071191788,33.46875,33.46875,
grid,4,3,grid_k4_N16_seed3,ok,16,24,3.0,0,15,0,6,8,6.386889100074768,2.4867300987243652,2.568388545001765,1.8632229099964697,0.2661747014280671,1.0003725290298462,1.2433650493621826,ok,ok,20,2560,6.386889100074768,36,176,154,36,366,2359296,10649600,2.906901059847375,8.33327035325531,1.5601466921920162,4.472503160274634,0.5877866649021191,6.826111289941627,0.3154677101427616,3.663604206087484,4,16,21,12,20,1,4,5.7268887758255005e-05,0.0018841037526726723,32.91796875,32.91796875,
grid,4,4,grid_k4_N16_seed4,ok,16,24,3.0,0,15,0,6,8,6.600635051727295,2.4920763969421387,2.6486487572477695,1.702702485504461,0.24324321221492295,1.0202089548110962,1.2460381984710693,ok,ok,20,2560,6.600635051727295,36,176,154,36,366,2359296,10649600,2.906901059847375,8.33327035325531,1.7072278243524999,4.89414353018132,0.5877866649021191,6.826111289941627,0.3452080853267651,4.008986507069818,4,16,21,12,20,1,4,4.645157605409622e-05,0.0018491195514798164,33.01953125,33.01953125,
grid,4,5,grid_k4_N16_seed5,ok,16,24,3.0,0,15,0,6,8,6.505751729011536,2.4995880126953125,2.602729608227064,1.7945407835458722,0.25636296907798173,1.0113188028335571,1.2497940063476562,ok,ok,20,2560,6.505751729011536,36,176,154,36,366,2359296,10649600,2.906901059847375,8.33327035325531,1.619857897073571,4.643678443902188,0.5877866649021191,6.826111289941627,0.32754154728136,3.8038206501240754,4,16,21,12,20,1,4,4.76958230137825e-05,0.0019484460353851318,33.15625,33.15625,
grid,4,6,grid_k4_N16_seed6,ok,16,24,3.0,0,15,0,6,8,6.404001832008362,2.493722438812256,2.568049167115225,1.86390166576955,0.2662716665385071,1.0022239685058594,1.246861219406128,ok,ok,20,2560,6.404001832008362,36,176,154,36,366,2359296,10649600,2.906901059847375,8.33327035325531,1.5595785513970242,4.470874459900624,0.5877866649021191,6.826111289941627,0.3153528298712257,3.662270073203313,4,16,21,12,20,1,4,5.414150655269623e-05,0.0019173873588442802,33.46875,33.46875,
grid,4,7,grid_k4_N16_seed7,ok,16,24,3.0,0,15,0,6,8,6.56426215171814,2.4977500438690186,2.6280700776407904,1.7438598447184193,0.24912283495977416,1.0013163089752197,1.2488750219345093,ok,ok,20,2560,6.56426215171814,36,176,154,36,366,2359296,10649600,2.906901059847375,8.33327035325531,1.6669350284378799,4.778635380873101,0.5877866649021191,6.826111289941627,0.337060725770097,3.914369214140508,4,16,21,12,20,1,4,7.156934589147568e-05,0.002781759947538376,33.48046875,33.48046875,
grid,4,8,grid_k4_N16_seed8,ok,16,24,3.0,0,15,0,6,8,6.538244605064392,2.493638515472412,2.6219696898713254,1.7560606202573492,0.25086580289390703,1.0267384052276611,1.246819257736206,ok,ok,20,2560,6.538244605064392,36,176,154,36,366,2359296,10649600,2.906901059847375,8.33327035325531,1.6553534805770949,4.745434330185069,0.5877866649021191,6.826111289941627,0.33471889188881154,3.887172920568805,4,16,21,12,20,1,4,5.881674587726593e-05,0.001879306510090828,33.5625,33.5625,
grid,4,9,grid_k4_N16_seed9,ok,16,24,3.0,0,15,0,6,8,6.547809600830078,2.493870258331299,2.625561445690986,1.7488771086180277,0.2498395869454325,1.0014065504074097,1.2469351291656494,ok,ok,20,2560,6.547809600830078,36,176,154,36,366,2359296,10649600,2.906901059847375,8.33327035325531,1.6621528439722242,4.764926198754072,0.5877866649021191,6.826111289941627,0.3360937495297147,3.9031394809299425,4,16,21,12,20,1,4,4.9144960939884186e-05,0.001896807923913002,32.98828125,32.98828125,
grid,4,10,grid_k4_N16_seed10,ok,16,24,3.0,0,15,0,6,8,6.492688775062561,2.484915256500244,2.612841125297314,1.7743177494053723,0.2534739642007675,1.033979892730713,1.242457628250122,ok,ok,20,2560,6.492688775062561,36,176,154,36,366,2359296,10649600,2.906901059847375,8.33327035325531,1.6383204534934994,4.69660541695423,0.5877866649021191,6.826111289941627,0.3312747477722658,3.847175226776187,4,16,21,12,20,1,4,7.248949259519577e-05,0.002716680057346821,33.51171875,33.51171875,
grid,4,11,grid_k4_N16_seed11,ok,16,24,3.0,0,15,0,6,8,6.518997550010681,2.4904568195343018,2.617591077619924,1.7648178447601524,0.252116834965736,1.0071722269058228,1.2452284097671509,ok,ok,20,2560,6.518997550010681,36,176,154,36,366,2359296,10649600,2.906901059847375,8.33327035325531,1.6471394305526401,4.721886951674519,0.5877866649021191,6.826111289941627,0.33305797912645324,3.8678843316372573,4,16,21,12,20,1,4,5.726329982280731e-05,0.0018865317106246948,33.20703125,33.20703125,
grid,4,12,grid_k4_N16_seed12,ok,16,24,3.0,0,15,0,6,8,6.42670464515686,2.473376512527466,2.59835274274098,1.80329451451804,0.2576135020740057,1.0007067918777466,1.236688256263733,ok,ok,20,2560,6.42670464515686,36,176,154,36,366,2359296,10649600,2.906901059847375,8.33327035325531,1.6119946223117592,4.621136639725494,0.5877866649021191,6.826111289941627,0.3259515626371296,3.785355766895358,4,16,21,12,20,1,4,5.046091973781586e-05,0.001890348270535469,33.18359375,33.18359375,
grid,4,13,grid_k4_N16_seed13,ok,16,24,3.0,0,15,0,6,8,6.674547553062439,2.4924018383026123,2.677958044521413,1.6440839109571739,0.23486913013673916,1.0006576776504517,1.2462009191513062,ok,ok,20,2560,6.674547553062439,36,176,154,36,366,2359296,10649600,2.906901059847375,8.33327035325531,1.7680977476113113,5.068640534535576,0.5877866649021191,6.826111289941627,0.35751621981381343,4.151923903912857,4,16,21,12,20,1,4,6.203912198543549e-05,0.001931687816977501,33.546875,33.546875,
grid,4,14,grid_k4_N16_seed14,ok,16,24,3.0,0,15,0,6,8,6.543943285942078,2.485642194747925,2.632697215942504,1.7346055681149917,0.24780079544499878,1.0158909559249878,1.2428210973739624,ok,ok,20,2560,6.543943285942078,36,176,154,36,366,2359296,10649600,2.906901059847375,8.33327035325531,1.675828276630246,4.804129830109525,0.5877866649021191,6.826111289941627,0.33885897503538576,3.9352527257015617,4,16,21,12,20,1,4,4.6496279537677765e-05,0.0018695220351219177,33.4296875,33.4296875,
grid,4,15,grid_k4_N16_seed15,ok,16,24,3.0,0,15,0,6,8,6.636575937271118,2.487968921661377,2.6674673785070633,1.6650652429858734,0.2378664632836962,1.0045814514160156,1.2439844608306885,ok,ok,20,2560,6.636575937271118,36,176,154,36,366,2359296,10649600,2.906901059847375,8.33327035325531,1.7458181125891399,5.004771067295656,0.5877866649021191,6.826111289941627,0.3530111912300039,4.099605897544725,4,16,21,12,20,1,4,5.6444667279720306e-05,0.0019136136397719383,33.37890625,33.37890625,
grid,4,16,grid_k4_N16_seed16,ok,16,24,3.0,0,15,0,6,8,6.380751609802246,2.492492437362671,2.5599883530855476,1.8800232938289048,0.26857475626127214,1.0054137706756592,1.2462462186813354,ok,ok,20,2560,6.380751609802246,36,176,154,36,366,2359296,10649600,2.906901059847375,8.33327035325531,1.5462048100090846,4.432535692833652,0.5877866649021191,6.826111289941627,0.31264860751007895,3.6308652729719055,4,16,21,12,20,1,4,7.443781942129135e-05,0.002728312276303768,33.5703125,33.5703125,
grid,4,17,grid_k4_N16_seed17,ok,16,24,3.0,0,15,0,6,8,6.26079785823822,2.4988818168640137,2.505439759490205,1.9891204810195902,0.2841600687170843,1.0017316341400146,1.2494409084320068,ok,ok,20,2560,6.26079785823822,36,176,154,36,366,2359296,10649600,2.906901059847375,8.33327035325531,1.4614001955061795,4.189424639066515,0.5877866649021191,6.826111289941627,0.2955007856541849,3.431723394875848,4,16,21,12,20,1,4,5.931966006755829e-05,0.001866765320301056,33.4453125,33.4453125,
grid,4,18,grid_k4_N16_seed18,ok,16,24,3.0,0,15,0,6,8,6.539211869239807,2.4848856925964355,2.6315946398351393,1.7368107203297214,0.24811581718996023,1.0018502473831177,1.2424428462982178,ok,ok,20,2560,6.539211869239807,36,176,154,36,366,2359296,10649600,2.906901059847375,8.33327035325531,1.6737005511432588,4.798030237672242,0.5877866649021191,6.826111289941627,0.3384287406923259,3.9302563083245694,4,16,21,12,20,1,4,5.461927503347397e-05,0.0018818052485585213,33.17578125,33.17578125,
grid,4,19,grid_k4_N16_seed19,ok,16,24,3.0,0,15,0,6,8,6.611739993095398,2.4640376567840576,2.6832950279358636,1.6334099441282728,0.23334427773261035,1.0119892358779907,1.2320188283920288,ok,ok,20,2560,6.611739993095398,36,176,154,36,366,2359296,10649600,2.906901059847375,8.33327035325531,1.7796518689610072,5.101762961105674,0.5877866649021191,6.826111289941627,0.3598525079482189,4.179055793360328,4,16,21,12,20,1,4,9.176135063171387e-05,0.002771833911538124,33.6171875,33.6171875,
grid,4,20,grid_k4_N16_seed20,ok,16,24,3.0,0,15,0,6,8,6.249614596366882,2.4931442737579346,2.506719992961656,1.9865600140766881,0.2837942877252412,1.0012428760528564,1.2465721368789673,ok,ok,20,2560,6.249614596366882,36,176,154,36,366,2359296,10649600,2.906901059847375,8.33327035325531,1.463283786671022,4.194824366848258,0.5877866649021191,6.826111289941627,0.2958816550907525,3.4361465254369685,4,16,21,12,20,1,4,5.2245333790779114e-05,0.0018639881163835526,33.5546875,33.5546875,
grid,4,21,grid_k4_N16_seed21,ok,16,24,3.0,0,15,0,6,8,6.369454860687256,2.496370792388916,2.551485893084004,1.8970282138319918,0.2710040305474274,1.0000661611557007,1.248185396194458,ok,ok,20,2560,6.369454860687256,36,176,154,36,366,2359296,10649600,2.906901059847375,8.33327035325531,1.5323446634330455,4.392802538462054,0.5877866649021191,6.826111289941627,0.3098460321340143,3.598318274957493,4,16,21,12,20,1,4,6.144493818283081e-05,0.0018980232998728752,33.48828125,33.48828125,
grid,4,22,grid_k4_N16_seed22,ok,16,24,3.0,0,15,0,6,8,6.287327766418457,2.493837833404541,2.521145393738419,1.957709212523162,0.279672744646166,1.0125353336334229,1.2469189167022705,ok,ok,20,2560,6.287327766418457,36,176,154,36,366,2359296,10649600,2.906901059847375,8.33327035325531,1.4848482303972317,4.256643581155298,0.5877866649021191,6.826111289941627,0.30024206922158764,3.4867850885494396,4,16,21,12,20,1,4,7.614027708768845e-05,0.0019020959734916687,33.15625,33.15625,
grid,4,23,grid_k4_N16_seed23,ok,16,24,3.0,0,15,0,6,8,6.496291160583496,2.4267284870147705,2.6769748636259183,1.6460502727481634,0.2351500389640233,1.0045543909072876,1.2133642435073853,ok,ok,20,2560,6.496291160583496,36,176,154,36,366,2359296,10649600,2.906901059847375,8.33327035325531,1.7659855886382851,5.062585566929555,0.5877866649021191,6.826111289941627,0.35708913308023077,4.1469640404998644,4,16,21,12,20,1,4,8.212309330701828e-05,0.0027941185981035233,33.51171875,33.51171875,
grid,4,24,grid_k4_N16_seed24,ok,16,24,3.0,0,15,0,6,8,6.448094129562378,2.4714767932891846,2.609004521940455,1.78199095611909,0.2545701365884414,1.0077372789382935,1.2357383966445923,ok,ok,20,2560,6.448094129562378,36,176,154,36,366,2359296,10649600,2.906901059847375,8.33327035325531,1.631265888227722,4.67638195617105,0.5877866649021191,6.826111289941627,0.32984828732365207,3.8306093903012153,4,16,21,12,20,1,4,8.15344974398613e-05,0.002789086662232876,33.53515625,33.53515625,
grid,4,25,grid_k4_N16_seed25,ok,16,24,3.0,0,15,0,6,8,6.379969239234924,2.4954311847686768,2.5566600586609,1.8866798826781999,0.2695256975254571,1.0000779628753662,1.2477155923843384,ok,ok,20,2560,6.379969239234924,36,176,154,36,366,2359296,10649600,2.906901059847375,8.33327035325531,1.5407494861931426,4.4168968089202165,0.5877866649021191,6.826111289941627,0.3115455198831812,3.618054844710462,4,16,21,12,20,1,4,7.23470002412796e-05,0.0018818620592355728,33.625,33.625,
grid,4,26,grid_k4_N16_seed26,ok,16,24,3.0,0,15,0,6,8,6.420386075973511,2.4812090396881104,2.587603854925725,1.82479229014855,0.2606846128783643,1.016901969909668,1.2406045198440552,ok,ok,20,2560,6.420386075973511,36,176,154,36,366,2359296,10649600,2.906901059847375,8.33327035325531,1.593003804071714,4.56669528813985,0.5877866649021191,6.826111289941627,0.3221115455580259,3.740760702899472,4,16,21,12,20,1,4,6.741471588611603e-05,0.0019268374890089035,33.17578125,33.17578125,
grid,4,27,grid_k4_N16_seed27,ok,16,24,3.0,0,15,0,6,8,6.38781201839447,2.471707820892334,2.584371811425651,1.8312563771486978,0.26160805387838537,1.002504825592041,1.235853910446167,ok,ok,20,2560,6.38781201839447,36,176,154,36,366,2359296,10649600,2.906901059847375,8.33327035325531,1.5873807163874438,4.550575472250574,0.5877866649021191,6.826111289941627,0.3209745354265002,3.7275563242379075,4,16,21,12,20,1,4,7.861107587814331e-05,0.0027960827574133873,33.53515625,33.53515625,
grid,4,28,grid_k4_N16_seed28,ok,16,24,3.0,0,15,0,6,8,6.502685546875,2.4812889099121094,2.620688594906642,1.7586228101867158,0.2512318300266737,1.004197359085083,1.2406444549560547,ok,ok,20,2560,6.502685546875,36,176,154,36,366,2359296,10649600,2.906901059847375,8.33327035325531,1.6529417468085408,4.7385205656297344,0.5877866649021191,6.826111289941627,0.3342312299700655,3.8815095826130492,4,16,21,12,20,1,4,6.401166319847107e-05,0.0018798690289258957,33.44140625,33.44140625,
grid,4,29,grid_k4_N16_seed29,ok,16,24,3.0,0,15,0,6,8,6.451060652732849,2.49139666557312,2.589335027165917,1.8213299456681664,0.2601899922383095,1.0051827430725098,1.24569833278656,ok,ok,20,2560,6.451060652732849,36,176,154,36,366,2359296,10649600,2.906901059847375,8.33327035325531,1.5960321010265714,4.575376566489274,0.5877866649021191,6.826111289941627,0.32272387894357374,3.747871881301235,4,16,21,12,20,1,4,7.027480751276016e-05,0.0018687732517719269,33.58203125,33.58203125,
grid,4,30,grid_k4_N16_seed30,ok,16,24,3.0,0,15,0,6,8,6.495980739593506,2.4826648235321045,2.616535537951365,1.7669289240972699,0.2524184177281814,1.0230683088302612,1.2413324117660522,ok,ok,20,2560,6.495980739593506,36,176,154,36,366,2359296,10649600,2.906901059847375,8.33327035325531,1.6451714724928852,4.716245367658355,0.5877866649021191,6.826111289941627,0.3326600503766281,3.8632630870701896,4,16,21,12,20,1,4,7.001962512731552e-05,0.0018705232068896294,33.56640625,33.56640625,
grid,4,31,grid_k4_N16_seed31,ok,16,24,3.0,0,15,0,6,8,6.508892297744751,2.491915225982666,2.6120039036151494,1.775992192769701,0.25371317039567154,1.00482976436615,1.245957612991333,ok,ok,20,2560,6.508892297744751,36,176,154,36,366,2359296,10649600,2.906901059847375,8.33327035325531,1.6367758099848373,4.692177357074629,0.5877866649021191,6.826111289941627,0.3309624148659416,3.843548027818832,4,16,21,12,20,1,4,0.00010712072253227234,0.002853741869330406,33.4921875,33.4921875,
grid,4,32,grid_k4_N16_seed32,ok,16,24,3.0,0,15,0,6,8,6.3551342487335205,2.4861159324645996,2.556250159433791,1.887499681132418,0.2696428115903454,1.0021710395812988,1.2430579662322998,ok,ok,20,2560,6.3551342487335205,36,176,154,36,366,2359296,10649600,2.906901059847375,8.33327035325531,1.5400802918829424,4.414978416449697,0.5877866649021191,6.826111289941627,0.31141020619906673,3.6164834135740125,4,16,21,12,20,1,4,4.81167808175087e-05,0.0018659792840480804,33.58203125,33.58203125,
grid,4,33,grid_k4_N16_seed33,ok,16,24,3.0,0,15,0,6,8,6.501873970031738,2.4700560569763184,2.6322778997942695,1.735444200411461,0.24792060005878014,1.003859043121338,1.2350280284881592,ok,ok,20,2560,6.501873970031738,36,176,154,36,366,2359296,10649600,2.906901059847375,8.33327035325531,1.6750184530036576,4.801808292816072,0.5877866649021191,6.826111289941627,0.33869522555825143,3.933351062698073,4,16,21,12,20,1,4,6.070733070373535e-05,0.0018875757232308388,33.5546875,33.5546875,
grid,4,34,grid_k4_N16_seed34,ok,16,24,3.0,0,15,0,6,8,6.47044563293457,2.499750852584839,2.588436214050644,1.8231275718987119,0.2604467959855302,1.001007080078125,1.2498754262924194,ok,ok,20,2560,6.47044563293457,36,176,154,36,366,2359296,10649600,2.906901059847375,8.33327035325531,1.5944583937260945,4.570865188866929,0.5877866649021191,6.826111289941627,0.3224056692258587,3.7441764334859546,4,16,21,12,20,1,4,0.00011377688497304916,0.002914481796324253,33.01953125,33.01953125,
grid,4,35,grid_k4_N16_seed35,ok,16,24,3.0,0,15,0,6,8,6.433642625808716,2.4894912242889404,2.584320267144674,1.8313594657106522,0.2616227808158075,1.0002230405807495,1.2447456121444702,ok,ok,20,2560,6.433642625808716,36,176,154,36,366,2359296,10649600,2.906901059847375,8.33327035325531,1.5872913615674915,4.550319317033489,0.5877866649021191,6.826111289941627,0.3209564675354604,3.7273464973697994,4,16,21,12,20,1,4,8.773151785135269e-05,0.0028313491493463516,33.50390625,33.50390625,
grid,4,36,grid_k4_N16_seed36,ok,16,24,3.0,0,15,0,6,8,6.456823945045471,2.467209577560425,2.617055317785356,1.7658893644292881,0.252269909204184,1.0053317546844482,1.2336047887802124,ok,ok,20,2560,6.456823945045471,36,176,154,36,366,2359296,10649600,2.906901059847375,8.33327035325531,1.6461399668641454,4.719021769491494,0.5877866649021191,6.826111289941627,0.3328558836935313,3.8655373476059953,4,16,21,12,20,1,4,5.9633515775203705e-05,0.001932612620294094,33.49609375,33.49609375,
grid,4,37,grid_k4_N16_seed37,ok,16,24,3.0,0,15,0,6,8,6.412676215171814,2.496428966522217,2.5687397082662975,1.862520583467405,0.2660743690667722,1.0161080360412598,1.2482144832611084,ok,ok,20,2560,6.412676215171814,36,176,154,36,366,2359296,10649600,2.906901059847375,8.33327035325531,1.5607349983943128,4.4741896692177665,0.5877866649021191,6.826111289941627,0.3155866679378395,3.664985692256693,4,16,21,12,20,1,4,5.9456564486026764e-05,0.0023710522800683975,33.51953125,33.51953125,
grid,4,38,grid_k4_N16_seed38,ok,16,24,3.0,0,15,0,6,8,6.504154205322266,2.4662859439849854,2.637226320486163,1.725547359027674,0.24650676557538198,1.0098812580108643,1.2331429719924927,ok,ok,20,2560,6.504154205322266,36,176,154,36,366,2359296,10649600,2.906901059847375,8.33327035325531,1.6846254868863062,4.829348965507972,0.5877866649021191,6.826111289941627,0.3406378050575964,3.955910716810498,4,16,21,12,20,1,4,4.787556827068329e-05,0.001880621537566185,33.45703125,33.45703125,
grid,4,39,grid_k4_N16_seed39,ok,16,24,3.0,0,15,0,6,8,6.543399095535278,2.4880430698394775,2.629938032365912,1.7401239352681763,0.24858913360973944,1.0295783281326294,1.2440215349197388,ok,ok,20,2560,6.543399095535278,36,176,154,36,366,2359296,10649600,2.906901059847375,8.33327035325531,1.6705138070521297,4.788894735805724,0.5877866649021191,6.826111289941627,0.3377843686814947,3.922773057477445,4,16,21,12,20,1,4,8.084438741207123e-05,0.0028008120134472847,33.328125,33.328125,
grid,4,40,grid_k4_N16_seed40,ok,16,24,3.0,0,15,0,6,8,6.4527833461761475,2.4709606170654297,2.6114472653310123,1.7771054693379753,0.25387220990542503,1.0105822086334229,1.2354803085327148,ok,ok,20,2560,6.4527833461761475,36,176,154,36,366,2359296,10649600,2.906901059847375,8.33327035325531,1.6357504436302714,4.689237919210108,0.5877866649021191,6.826111289941627,0.33075508181351054,3.841140218022376,4,16,21,12,20,1,4,5.928613245487213e-05,0.0019772136583924294,33.5,33.5,
grid,5,1,grid_k5_N25_seed1,ok,25,40,3.2,0,24,0,8,10,8.72779929637909,2.490368604660034,3.5046214765346115,1.990757046930777,0.22119522743675302,1.006889820098877,1.245184302330017,ok,ok,70,35840,8.72779929637909,192672,377400,148478,192672,718550,202031235072,438820143104,9.236495329453035,16.320535602182225,4.639689882647046,8.198155383824558,7.920249298214816,15.544868284374212,3.9785112454710405,7.808521038938581,5,32,31,20,30,1,4,0.00022242125123739243,0.007224800996482372,33.51171875,33.51171875,
grid,5,2,grid_k5_N25_seed2,ok,25,40,3.2,0,24,0,8,10,8.7532958984375,2.483717918395996,3.5242713488536754,1.9514573022926491,0.21682858914362768,1.0137866735458374,1.241858959197998,ok,ok,70,35840,8.7532958984375,192672,377400,148478,192672,718550,202031235072,438820143104,9.236495329453035,16.320535602182225,4.733127042339914,8.363255287732002,7.920249298214816,15.544868284374212,4.058633150164133,7.965774227348703,5,32,31,20,30,1,4,0.00015333201736211777,0.004976246505975723,33.48046875,33.48046875,
grid,5,3,grid_k5_N25_seed3,ok,25,40,3.2,0,24,0,8,10,8.40333640575409,2.4867300987243652,3.379271602521241,2.241456794957518,0.24905075499527973,1.0003725290298462,1.2433650493621826,ok,ok,70,35840,8.40333640575409,192672,377400,148478,192672,718550,202031235072,438820143104,9.236495329453035,16.320535602182225,4.120755461462327,7.281218018075403,7.920249298214816,15.544868284374212,3.5335275326442,6.935163024040725,5,32,31,20,30,1,4,0.0002214685082435608,0.007119630463421345,33.6171875,33.6171875,
grid,5,4,grid_k5_N25_seed4,ok,25,40,3.2,0,24,0,8,10,8.854658246040344,2.4920763969421387,3.553124718369512,1.8937505632609763,0.21041672925121957,1.0202089548110962,1.2460381984710693,ok,ok,70,35840,8.854658246040344,192672,377400,148478,192672,718550,202031235072,438820143104,9.236495329453035,16.320535602182225,4.8773558189987245,8.618102045117706,7.920249298214816,15.544868284374212,4.18230861649298,8.20850886381069,5,32,31,20,30,1,4,0.00012852810323238373,0.00506456196308136,32.859375,33.078125,
grid,5,5,grid_k5_N25_seed5,ok,25,40,3.2,0,24,0,8,10,8.644632339477539,2.4995880126953125,3.458422866317081,2.0831542673658383,0.23146158526287097,1.0002999305725098,1.2497940063476562,ok,ok,70,35840,8.644632339477539,192672,377400,148478,192672,718550,202031235072,438820143104,9.236495329453035,16.320535602182225,4.433898859124169,7.834530479981996,7.920249298214816,15.544868284374212,3.802046455364067,7.462178163132775,5,32,31,20,30,1,4,0.00023558270186185837,0.007247894071042538,33.31640625,33.31640625,
grid,5,6,grid_k5_N25_seed6,ok,25,40,3.2,0,24,0,8,10,8.543055057525635,2.493722438812256,3.425824351805022,2.148351296389956,0.238705699598884,1.0022239685058594,1.246861219406128,ok,ok,70,35840,8.543055057525635,192672,377400,148478,192672,718550,202031235072,438820143104,9.236495329453035,16.320535602182225,4.29934124133881,7.596772292132533,7.920249298214816,15.544868284374212,3.686663960183716,7.2357199264829175,5,32,31,20,30,1,4,0.00013116002082824707,0.0049861641600728035,33.5078125,33.5078125,
grid,5,7,grid_k5_N25_seed7,ok,25,40,3.2,0,24,0,8,10,8.5012366771698,2.4977500438690186,3.4035578131754813,2.1928843736490373,0.2436538192943375,1.0009335279464722,1.2488750219345093,ok,ok,70,35840,8.5012366771698,192672,377400,148478,192672,718550,202031235072,438820143104,9.236495329453035,16.320535602182225,4.212030255878553,7.442497104862978,7.920249298214816,15.544868284374212,3.611795219752166,7.088776987592373,5,32,31,20,30,1,4,0.00014494266360998154,0.005107174627482891,33.62890625,33.62890625,
grid,5,8,grid_k5_N25_seed8,ok,25,40,3.2,0,24,0,8,10,8.454012632369995,2.493638515472412,3.3902318158445706,2.219536368310859,0.24661515203453988,1.0041955709457397,1.246819257736206,ok,ok,70,35840,8.454012632369995,192672,377400,148478,192672,718550,202031235072,438820143104,9.236495329453035,16.320535602182225,4.161452572404712,7.353128263720543,7.920249298214816,15.544868284374212,3.5684251050332594,7.0036555860557375,5,32,31,20,30,1,4,0.00021662097424268723,0.007275210693478584,33.24609375,33.24609375,
grid,5,9,grid_k5_N25_seed9,ok,25,40,3.2,0,24,0,8,10,8.609653949737549,2.493870258331299,3.452326327312011,2.095347345375978,0.23281637170844194,1.0014065504074097,1.2469351291656494,ok,ok,70,35840,8.609653949737549,192672,377400,148478,192672,718550,202031235072,438820143104,9.236495329453035,16.320535602182225,4.408097468821184,7.788940405607909,7.920249298214816,15.544868284374212,3.779921890131132,7.418754851637701,5,32,31,20,30,1,4,0.00012859143316745758,0.004922151565551758,33.1484375,33.3671875,
grid,5,10,grid_k5_N25_seed10,ok,25,40,3.2,0,24,0,8,10,8.663620233535767,2.484915256500244,3.48648518732088,2.0270296253582396,0.22522551392869328,1.033979892730713,1.242457628250122,ok,ok,70,35840,8.663620233535767,192672,377400,148478,192672,718550,202031235072,438820143104,9.236495329453035,16.320535602182225,4.556665188265641,8.051453909706858,7.920249298214816,15.544868284374212,3.9073179785495533,7.668791856767731,5,32,31,20,30,1,4,0.00013229809701442719,0.00493280403316021,33.37890625,33.37890625,
grid,5,11,grid_k5_N25_seed11,ok,25,40,3.2,0,24,0,8,10,8.519403219223022,2.4904568195343018,3.4208194867703394,2.158361026459321,0.2398178918288134,1.0071722269058228,1.2452284097671509,ok,ok,70,35840,8.519403219223022,192672,377400,148478,192672,718550,202031235072,438820143104,9.236495329453035,16.320535602182225,4.279402387377715,7.561541096280456,7.920249298214816,15.544868284374212,3.6695664910182204,7.202163166314562,5,32,31,20,30,1,4,0.0001430874690413475,0.00504988431930542,33.55078125,33.55078125,
grid,5,12,grid_k5_N25_seed12,ok,25,40,3.2,0,24,0,8,10,8.712620496749878,2.473376512527466,3.522561345844885,1.9548773083102304,0.21720858981224778,1.0007067918777466,1.236688256263733,ok,ok,70,35840,8.712620496749878,192672,377400,148478,192672,718550,202031235072,438820143104,9.236495329453035,16.320535602182225,4.724846562077564,8.348623994356698,7.920249298214816,15.544868284374212,4.0515326790820305,7.951838316549384,5,32,31,20,30,1,4,0.00021617859601974487,0.007171326316893101,32.84765625,32.84765625,
grid,5,13,grid_k5_N25_seed13,ok,25,40,3.2,0,24,0,8,10,8.59077262878418,2.49638032913208,3.4412915886782947,2.1174168226434107,0.23526853584926788,1.0006576776504517,1.24819016456604,ok,ok,70,35840,8.59077262878418,192672,377400,148478,192672,718550,202031235072,438820143104,9.236495329453035,16.320535602182225,4.362152614770517,7.707757597678598,7.920249298214816,15.544868284374212,3.7405244038474548,7.341430425100617,5,32,31,20,30,1,4,0.0002131182700395584,0.007166546769440174,32.84765625,32.84765625,
grid,5,14,grid_k5_N25_seed14,ok,25,40,3.2,0,24,0,8,10,8.770520329475403,2.488715410232544,3.524115410470292,1.9517691790594158,0.2168632421177129,1.00736665725708,1.244357705116272,ok,ok,70,35840,8.770520329475403,192672,377400,148478,192672,718550,202031235072,438820143104,9.236495329453035,16.320535602182225,4.732370727313272,8.361918907873786,7.920249298214816,15.544868284374212,4.057984613750122,7.96450136171609,5,32,31,20,30,1,4,0.00013770535588264465,0.005041598342359066,33.5234375,33.5234375,
grid,5,15,grid_k5_N25_seed15,ok,25,40,3.2,0,24,0,8,10,8.656746745109558,2.487968921661377,3.4794432799139994,2.0411134401720012,0.22679038224133352,1.0045814514160156,1.2439844608306885,ok,ok,70,35840,8.656746745109558,192672,377400,148478,192672,718550,202031235072,438820143104,9.236495329453035,16.320535602182225,4.5252239036134565,7.995898356735587,7.920249298214816,15.544868284374212,3.880357231662435,7.615876696723075,5,32,31,20,30,1,4,0.0002240799367427826,0.007256886921823025,33.42578125,33.42578125,
grid,5,16,grid_k5_N25_seed16,ok,25,40,3.2,0,24,0,8,10,8.798100709915161,2.492492437362671,3.5298404833775594,1.9403190332448812,0.21559100369387574,1.0054137706756592,1.2462462186813354,ok,ok,70,35840,8.798100709915161,192672,377400,148478,192672,718550,202031235072,438820143104,9.236495329453035,16.320535602182225,4.760297235247152,8.41126398419577,7.920249298214816,15.544868284374212,4.0819314568952265,8.011501210900272,5,32,31,20,30,1,4,0.00013814866542816162,0.005015721544623375,33.43359375,33.43359375,
grid,5,17,grid_k5_N25_seed17,ok,25,40,3.2,0,24,0,8,10,8.614743709564209,2.4988818168640137,3.44743943127944,2.1051211374411203,0.23390234860456893,1.0017316341400146,1.2494409084320068,ok,ok,70,35840,8.614743709564209,192672,377400,148478,192672,718550,202031235072,438820143104,9.236495329453035,16.320535602182225,4.387631269847233,7.752777411194802,7.920249298214816,15.544868284374212,3.7623722252118346,7.384310578568307,5,32,31,20,30,1,4,0.00013076234608888626,0.0050023626536130905,33.11328125,33.11328125,
grid,5,18,grid_k5_N25_seed18,ok,25,40,3.2,0,24,0,8,10,8.704718947410583,2.4848856925964355,3.503066146400923,1.993867707198154,0.22154085635535048,1.0018502473831177,1.2424428462982178,ok,ok,70,35840,8.704718947410583,192672,377400,148478,192672,718550,202031235072,438820143104,9.236495329453035,16.320535602182225,4.632451439033761,8.185365329536511,7.920249298214816,15.544868284374212,3.9723043156883264,7.796338858518529,5,32,31,20,30,1,4,0.0001364266499876976,0.005016578361392021,33.06640625,33.19140625,
grid,5,19,grid_k5_N25_seed19,ok,25,40,3.2,0,24,0,8,10,8.615501523017883,2.4770874977111816,3.4780771898362777,2.0438456203274447,0.22709395781416053,1.0119892358779907,1.2385437488555908,ok,ok,70,35840,8.615501523017883,192672,377400,148478,192672,718550,202031235072,438820143104,9.236495329453035,16.320535602182225,4.519174656632459,7.985209567622584,7.920249298214816,15.544868284374212,3.875170032140643,7.6056959144907275,5,32,31,20,30,1,4,0.00021215900778770447,0.007120730355381966,33.484375,33.484375,
grid,5,20,grid_k5_N25_seed20,ok,25,40,3.2,0,24,0,8,10,8.477917432785034,2.4931442737579346,3.4004921103126566,2.1990157793746867,0.2443350865971874,1.0012428760528564,1.2465721368789673,ok,ok,70,35840,8.477917432785034,192672,377400,148478,192672,718550,202031235072,438820143104,9.236495329453035,16.320535602182225,4.200286062558192,7.421745562382068,7.920249298214816,15.544868284374212,3.601724631765499,7.0690117052250345,5,32,31,20,30,1,4,0.00014536641538143158,0.004864904098212719,33.54296875,33.54296875,
grid,5,21,grid_k5_N25_seed21,ok,25,40,3.2,0,24,0,8,10,8.716009736061096,2.496370792388916,3.491472405715924,2.0170551885681522,0.2241172431742391,1.0000661611557007,1.248185396194458,ok,ok,70,35840,8.716009736061096,192672,377400,148478,192672,718550,202031235072,438820143104,9.236495329453035,16.320535602182225,4.5791981210041905,8.091268743998864,7.920249298214816,15.544868284374212,3.9266398575029404,7.7067144084486126,5,32,31,20,30,1,4,0.00013702455908060074,0.004973340779542923,33.56640625,33.56640625,
grid,5,22,grid_k5_N25_seed22,ok,25,40,3.2,0,24,0,8,10,8.595053315162659,2.493837833404541,3.446516529677013,2.1069669406459743,0.23410743784955268,1.0125353336334229,1.2469189167022705,ok,ok,70,35840,8.595053315162659,192672,377400,148478,192672,718550,202031235072,438820143104,9.236495329453035,16.320535602182225,4.383787496267606,7.745985609616882,7.920249298214816,15.544868284374212,3.759076208280016,7.377841571452619,5,32,31,20,30,1,4,0.00012723077088594437,0.004924191161990166,33.06640625,33.06640625,
grid,5,23,grid_k5_N25_seed23,ok,25,40,3.2,0,24,0,8,10,8.597910046577454,2.470301389694214,3.480510549217537,2.038978901564926,0.22655321128499173,1.0032057762145996,1.235150694847107,ok,ok,70,35840,8.597910046577454,192672,377400,148478,192672,718550,202031235072,438820143104,9.236495329453035,16.320535602182225,4.529961208703034,8.004268994473723,7.920249298214816,15.544868284374212,3.884419447467547,7.623849502534554,5,32,31,20,30,1,4,0.00012480653822422028,0.005008289590477943,33.0703125,33.0703125,
grid,5,24,grid_k5_N25_seed24,ok,25,40,3.2,0,24,0,8,10,8.708066582679749,2.4714767932891846,3.523426400897153,1.953147198205694,0.21701635535618824,1.0077372789382935,1.2357383966445923,ok,ok,70,35840,8.708066582679749,192672,377400,148478,192672,718550,202031235072,438820143104,9.236495329453035,16.320535602182225,4.729031860956699,8.35601925813655,7.920249298214816,15.544868284374212,4.055121552277751,7.958882105073741,5,32,31,20,30,1,4,0.00015822052955627441,0.005065690726041794,33.06640625,33.06640625,
grid,5,25,grid_k5_N25_seed25,ok,25,40,3.2,0,24,0,8,10,8.613105177879333,2.4954311847686768,3.4515498685962593,2.0969002628074813,0.2329889180897201,1.0000779628753662,1.2477155923843384,ok,ok,70,35840,8.613105177879333,192672,377400,148478,192672,718550,202031235072,438820143104,9.236495329453035,16.320535602182225,4.404832930435399,7.783172090565297,7.920249298214816,15.544868284374212,3.7771225645279927,7.413260687736107,5,32,31,20,30,1,4,0.00014484766870737076,0.004930182360112667,33.453125,33.453125,
grid,5,26,grid_k5_N25_seed26,ok,25,40,3.2,0,24,0,8,10,8.747418999671936,2.4812090396881104,3.525466359243755,1.94906728151249,0.21656303127916554,1.0162172317504883,1.2406045198440552,ok,ok,70,35840,8.747418999671936,192672,377400,148478,192672,718550,202031235072,438820143104,9.236495329453035,16.320535602182225,4.738930983585877,8.373510630950294,7.920249298214816,15.544868284374212,4.063610001225122,7.975542164101839,5,32,31,20,30,1,4,0.0001982804387807846,0.007086306810379028,33.06640625,33.06640625,
grid,5,27,grid_k5_N25_seed27,ok,25,40,3.2,0,24,0,8,10,8.600094676017761,2.485034465789795,3.4607546874745156,2.0784906250509687,0.23094340278344094,1.002504825592041,1.2425172328948975,ok,ok,70,35840,8.600094676017761,192672,377400,148478,192672,718550,202031235072,438820143104,9.236495329453035,16.320535602182225,4.443847481499484,7.852109316962646,7.920249298214816,15.544868284374212,3.8105773501001936,7.4789215294117675,5,32,31,20,30,1,4,0.00021164864301681519,0.0070772795006632805,33.51171875,33.51171875,
grid,5,28,grid_k5_N25_seed28,ok,25,40,3.2,0,24,0,8,10,8.747847318649292,2.4925827980041504,3.509551347964781,1.9808973040704378,0.2200997004522709,1.004197359085083,1.2462913990020752,ok,ok,70,35840,8.747847318649292,192672,377400,148478,192672,718550,202031235072,438820143104,9.236495329453035,16.320535602182225,4.662783532732093,8.238960984320615,7.920249298214816,15.544868284374212,3.998313936790124,7.847387268603935,5,32,31,20,30,1,4,0.00020068511366844177,0.007018043659627438,33.5625,33.5625,
grid,5,29,grid_k5_N25_seed29,ok,25,40,3.2,0,24,0,8,10,8.765716910362244,2.49139666557312,3.5183947347644784,1.9632105304710432,0.21813450338567142,1.0051827430725098,1.24569833278656,ok,ok,70,35840,8.765716910362244,192672,377400,148478,192672,718550,202031235072,438820143104,9.236495329453035,16.320535602182225,4.704791048180082,8.313186664838414,7.920249298214816,15.544868284374212,4.03433517459509,7.918085219645013,5,32,31,20,30,1,4,0.00012812204658985138,0.00488254614174366,33.5546875,33.5546875,
grid,5,30,grid_k5_N25_seed30,ok,25,40,3.2,0,24,0,8,10,8.515043020248413,2.4916787147521973,3.417392045705721,2.165215908588558,0.24057954539872872,1.0230683088302612,1.2458393573760986,ok,ok,70,35840,8.515043020248413,192672,377400,148478,192672,718550,202031235072,438820143104,9.236495329453035,16.320535602182225,4.2658541777822245,7.537601925722554,7.920249298214816,15.544868284374212,3.657948967952022,7.179361754508568,5,32,31,20,30,1,4,0.00013147294521331787,0.005109128542244434,33.06640625,33.06640625,
grid,5,31,grid_k5_N25_seed31,ok,25,40,3.2,0,24,0,8,10,8.793896079063416,2.497204542160034,3.5214961091881016,1.9570077816237967,0.2174453090693107,1.00482976436615,1.248602271080017,ok,ok,70,35840,8.793896079063416,192672,377400,148478,192672,718550,202031235072,438820143104,9.236495329453035,16.320535602182225,4.719702913899094,8.339535363850477,7.920249298214816,15.544868284374212,4.047122026077542,7.943181642065879,5,32,31,20,30,1,4,0.00014148186892271042,0.005073560401797295,33.5859375,33.5859375,
grid,5,32,grid_k5_N25_seed32,ok,25,40,3.2,0,24,0,8,10,8.65253484249115,2.4936375617980957,3.4698446057461685,2.060310788507663,0.22892342094529594,1.0021710395812988,1.2468187808990479,ok,ok,70,35840,8.65253484249115,192672,377400,148478,192672,718550,202031235072,438820143104,9.236495329453035,16.320535602182225,4.483059245708882,7.921395011479611,7.920249298214816,15.544868284374212,3.8442012449741427,7.544914277536627,5,32,31,20,30,1,4,0.0001995861530303955,0.007073025219142437,33.55859375,33.55859375,
grid,5,33,grid_k5_N25_seed33,ok,25,40,3.2,0,24,0,8,10,8.651340007781982,2.4700560569763184,3.5024873153576883,1.9950253692846234,0.22166948547606924,1.003859043121338,1.2350280284881592,ok,ok,70,35840,8.651340007781982,192672,377400,148478,192672,718550,202031235072,438820143104,9.236495329453035,16.320535602182225,4.629763346199983,8.18061557183829,7.920249298214816,15.544868284374212,3.9699992893097193,7.79181484291014,5,32,31,20,30,1,4,0.00013088248670101166,0.0050299884751439095,33.21875,33.21875,
grid,5,34,grid_k5_N25_seed34,ok,25,40,3.2,0,24,0,8,10,8.662094235420227,2.499750852584839,3.4651830307261573,2.0696339385476854,0.22995932650529838,1.001007080078125,1.2498754262924194,ok,ok,70,35840,8.662094235420227,192672,377400,148478,192672,718550,202031235072,438820143104,9.236495329453035,16.320535602182225,4.462864257016639,7.885711235308964,7.920249298214816,15.544868284374212,3.8268841415369597,7.510926446868397,5,32,31,20,30,1,4,0.00015886500477790833,0.004986917600035667,33.36328125,33.36328125,
grid,5,35,grid_k5_N25_seed35,ok,25,40,3.2,0,24,0,8,10,8.48334288597107,2.4894912242889404,3.407661293682254,2.1846774126354918,0.2427419347372769,1.0002230405807495,1.2447456121444702,ok,ok,70,35840,8.48334288597107,192672,377400,148478,192672,718550,202031235072,438820143104,9.236495329453035,16.320535602182225,4.227853172295384,7.470455595773245,7.920249298214816,15.544868284374212,3.6253632927253094,7.115406693211341,5,32,31,20,30,1,4,0.00014477968215942383,0.004920827224850655,33.35546875,33.35546875,
grid,5,36,grid_k5_N25_seed36,ok,25,40,3.2,0,24,0,8,10,8.475510001182556,2.467209577560425,3.43526147039488,2.12947705921024,0.23660856213447112,1.0053317546844482,1.2336047887802124,ok,ok,70,35840,8.475510001182556,192672,377400,148478,192672,718550,202031235072,438820143104,9.236495329453035,16.320535602182225,4.337447679703382,7.66410491796283,7.920249298214816,15.544868284374212,3.7193400435843165,7.299852429562845,5,32,31,20,30,1,4,0.00012963544577360153,0.005007387138903141,33.15234375,33.15234375,
grid,5,37,grid_k5_N25_seed37,ok,25,40,3.2,0,24,0,8,10,8.430517792701721,2.496428966522217,3.3770309132593916,2.2459381734812167,0.24954868594235746,1.0013015270233154,1.2482144832611084,ok,ok,70,35840,8.430517792701721,192672,377400,148478,192672,718550,202031235072,438820143104,9.236495329453035,16.320535602182225,4.112533211515977,7.26668961545157,7.920249298214816,15.544868284374212,3.5264769937715537,6.921325113896426,5,32,31,20,30,1,4,0.0001313788816332817,0.004920376464724541,33.4609375,33.4609375,
grid,5,38,grid_k5_N25_seed38,ok,25,40,3.2,0,24,0,8,10,8.608898997306824,2.4842441082000732,3.465399784542224,2.0692004309155516,0.22991115899061687,1.0098812580108643,1.2421220541000366,ok,ok,70,35840,8.608898997306824,192672,377400,148478,192672,718550,202031235072,438820143104,9.236495329453035,16.320535602182225,4.463799248952503,7.887363330463321,7.920249298214816,15.544868284374212,3.827685892521476,7.5125000227726275,5,32,31,20,30,1,4,0.0001401454210281372,0.005040238611400127,33.546875,33.546875,
grid,5,39,grid_k5_N25_seed39,ok,25,40,3.2,0,24,0,8,10,8.576589941978455,2.4880430698394775,3.4471227793222226,2.105754441355555,0.23397271570617273,1.0071817636489868,1.2440215349197388,ok,ok,70,35840,8.576589941978455,192672,377400,148478,192672,718550,202031235072,438820143104,9.236495329453035,16.320535602182225,4.386311693355446,7.750445769771745,7.920249298214816,15.544868284374212,3.761240694862905,7.382089753241781,5,32,31,20,30,1,4,0.00015714671462774277,0.004906241782009602,33.06640625,33.06640625,
grid,5,40,grid_k5_N25_seed40,ok,25,40,3.2,0,24,0,8,10,8.492644786834717,2.4709606170654297,3.436981038136002,2.1260379237279956,0.23622643596977733,1.0105822086334229,1.2354803085327148,ok,ok,70,35840,8.492644786834717,192672,377400,148478,192672,718550,202031235072,438820143104,9.236495329453035,16.320535602182225,4.34446405041397,7.676502577886408,7.920249298214816,15.544868284374212,3.7253565469456458,7.311660864974775,5,32,31,20,30,1,4,0.0002004997804760933,0.007051103748381138,33.06640625,33.06640625,
grid,6,1,grid_k6_N36_seed1,ok,36,60,3.3333333333333335,0,35,0,10,12,10.708216547966003,2.490368604660034,4.299852049182015,2.4002959016359693,0.21820871833054267,1.006889820098877,1.245184302330017,ok,ok,252,516096,10.708216547966003,613605045,685337028,166042304,613605045,1464984377,10294584378654720,16740039954268160,15.575681327683334,24.202531773052712,6.48906716753856,10.083145064138549,14.705432942440805,23.716346289720093,6.1265083744125155,9.880592752566775,6,64,42,30,41,1,4,0.0009349510073661804,0.016085121780633926,33.06640625,33.06640625,
grid,6,2,grid_k6_N36_seed2,ok,36,60,3.3333333333333335,0,35,0,10,12,10.85936176776886,2.4868392944335938,4.366732418968876,2.2665351620622474,0.2060486510965679,1.0096510648727417,1.2434196472167969,ok,ok,252,516096,10.85936176776886,613605045,685337028,166042304,613605045,1464984377,10294584378654720,16740039954268160,15.575681327683334,24.202531773052712,6.872022807495968,10.678207061668353,14.705432942440805,23.716346289720093,6.488067420520759,10.46370102113984,6,64,42,30,41,1,4,0.0005931220948696136,0.011236113496124744,33.30078125,33.51953125,
grid,6,3,grid_k6_N36_seed3,ok,36,60,3.3333333333333335,0,35,0,10,12,10.709383726119995,2.4867300987243652,4.306612821236072,2.3867743575278553,0.21697948704798686,1.0003725290298462,1.2433650493621826,ok,ok,252,516096,10.709383726119995,613605045,685337028,166042304,613605045,1464984377,10294584378654720,16740039954268160,15.575681327683334,24.202531773052712,6.52582900371702,10.140268055385397,14.705432942440805,23.716346289720093,6.161216244032478,9.936568245305237,6,64,42,30,41,1,4,0.0005864100530743599,0.01126109715551138,33.28515625,33.28515625,
grid,6,4,grid_k6_N36_seed4,ok,36,60,3.3333333333333335,0,35,0,10,12,10.978947043418884,2.4920763969421387,4.405541923550346,2.188916152899308,0.19899237753630072,1.010491967201233,1.2460381984710693,ok,ok,252,516096,10.978947043418884,613605045,685337028,166042304,613605045,1464984377,10294584378654720,16740039954268160,15.575681327683334,24.202531773052712,7.115704869303793,11.056856490823314,14.705432942440805,23.716346289720093,6.718134416872416,10.83474406194446,6,64,42,30,41,1,4,0.0006073713302612305,0.011156100779771805,33.37109375,33.37109375,
grid,6,5,grid_k6_N36_seed5,ok,36,60,3.3333333333333335,0,35,0,10,12,10.771354794502258,2.4995880126953125,4.309252060657579,2.3814958786848415,0.21649962533498557,1.0002999305725098,1.2497940063476562,ok,ok,252,516096,10.771354794502258,613605045,685337028,166042304,613605045,1464984377,10294584378654720,16740039954268160,15.575681327683334,24.202531773052712,6.540293211124454,10.162743504900932,14.705432942440805,23.716346289720093,6.174872303605136,9.958592203324416,6,64,42,30,41,1,4,0.0009403657168149948,0.016090995632112026,33.55859375,33.55859375,
grid,6,6,grid_k6_N36_seed6,ok,36,60,3.3333333333333335,0,35,0,10,12,10.719897389411926,2.493722438812256,4.298753230338556,2.4024935393228883,0.218408503574808,1.0013283491134644,1.246861219406128,ok,ok,252,516096,10.719897389411926,613605045,685337028,166042304,613605045,1464984377,10294584378654720,16740039954268160,15.575681327683334,24.202531773052712,6.483131410240187,10.073921688827468,14.705432942440805,23.716346289720093,6.120904261239071,9.871554658333956,6,64,42,30,41,1,4,0.0005816146731376648,0.01114512700587511,33.09375,33.3125,
grid,6,7,grid_k6_N36_seed7,ok,36,60,3.3333333333333335,0,35,0,10,12,10.650979995727539,2.4977500438690186,4.264229730221185,2.4715405395576298,0.22468550359614814,1.0009335279464722,1.2488750219345093,ok,ok,252,516096,10.650979995727539,613605045,685337028,166042304,613605045,1464984377,10294584378654720,16740039954268160,15.575681327683334,24.202531773052712,6.302013290249796,9.792488282383026,14.705432942440805,23.716346289720093,5.949905618409507,9.595774744591072,6,64,42,30,41,1,4,0.0005864528939127922,0.011281557381153107,33.06640625,33.20703125,
grid,6,8,grid_k6_N36_seed8,ok,36,60,3.3333333333333335,0,35,0,10,12,10.736639380455017,2.494386911392212,4.304319963923517,2.391360072152967,0.21739637019572422,1.0041955709457397,1.247193455696106,ok,ok,252,516096,10.736639380455017,613605045,685337028,166042304,613605045,1464984377,10294584378654720,16740039954268160,15.575681327683334,24.202531773052712,6.51331495790192,10.120822896931166,14.705432942440805,23.716346289720093,6.1494013861331,9.917513705231356,6,64,42,30,41,1,4,0.0006084004417061806,0.011468451470136642,33.06640625,33.06640625,
grid,6,9,grid_k6_N36_seed9,ok,36,60,3.3333333333333335,0,35,0,10,12,10.757338762283325,2.493870258331299,4.313511790096606,2.372976419806788,0.2157251290733444,1.0014065504074097,1.2469351291656494,ok,ok,252,516096,10.757338762283325,613605045,685337028,166042304,613605045,1464984377,10294584378654720,16740039954268160,15.575681327683334,24.202531773052712,6.563774168877554,10.199229782073994,14.705432942440805,23.716346289720093,6.197041327379961,9.994345536586124,6,64,42,30,41,1,4,0.0005988897755742073,0.011212318204343319,33.32421875,33.32421875,
grid,6,10,grid_k6_N36_seed10,ok,36,60,3.3333333333333335,0,35,0,10,12,10.956745028495789,2.4935622215270996,4.394013084536424,2.2119738309271515,0.2010885300842865,1.0286611318588257,1.2467811107635498,ok,ok,252,516096,10.956745028495789,613605045,685337028,166042304,613605045,1464984377,10294584378654720,16740039954268160,15.575681327683334,24.202531773052712,7.0415305596788045,10.94159950477723,14.705432942440805,23.716346289720093,6.648104392933529,10.721802382164421,6,64,42,30,41,1,4,0.0005986178293824196,0.011140755377709866,33.4375,33.4375,
grid,6,11,grid_k6_N36_seed11,ok,36,60,3.3333333333333335,0,35,0,10,12,10.42801833152771,2.498217821121216,4.174182988914693,2.6516340221706134,0.24105763837914662,1.0042192935943604,1.249108910560608,ok,ok,252,516096,10.42801833152771,613605045,685337028,166042304,613605045,1464984377,10294584378654720,16740039954268160,15.575681327683334,24.202531773052712,5.873993619576945,9.127402790389848,14.705432942440805,23.716346289720093,5.545800370445924,8.944049628050111,6,64,42,30,41,1,4,0.0009387368336319923,0.01587815396487713,33.55859375,33.55859375,
grid,6,12,grid_k6_N36_seed12,ok,36,60,3.3333333333333335,0,35,0,10,12,10.778972744941711,2.474632978439331,4.355786429282799,2.2884271414344024,0.20803883103949117,1.0007067918777466,1.2373164892196655,ok,ok,252,516096,10.778972744941711,613605045,685337028,166042304,613605045,1464984377,10294584378654720,16740039954268160,15.575681327683334,24.202531773052712,6.806282378699803,10.576055201776008,14.705432942440805,23.716346289720093,6.426000057499464,10.3636012090184,6,64,42,30,41,1,4,0.0009175864979624748,0.01582733355462551,33.5625,33.5625,
grid,6,13,grid_k6_N36_seed13,ok,36,60,3.3333333333333335,0,35,0,10,12,10.918321132659912,2.49638032913208,4.373660938297771,2.2526781234044577,0.20478892030949614,1.0004161596298218,1.24819016456604,ok,ok,252,516096,10.918321132659912,613605045,685337028,166042304,613605045,1464984377,10294584378654720,16740039954268160,15.575681327683334,24.202531773052712,6.914295107613469,10.743892579058558,14.705432942440805,23.716346289720093,6.52797787205239,10.52806703421869,6,64,42,30,41,1,4,0.0005868300795555115,0.011290335096418858,33.37109375,33.37109375,
grid,6,14,grid_k6_N36_seed14,ok,36,60,3.3333333333333335,0,35,0,10,12,10.596450448036194,2.497983455657959,4.242001853148835,2.5159962937023295,0.2287269357911209,1.00736665725708,1.2489917278289795,ok,ok,252,516096,10.596450448036194,613605045,685337028,166042304,613605045,1464984377,10294584378654720,16740039954268160,15.575681327683334,24.202531773052712,6.190661475404427,9.619462410828234,14.705432942440805,23.716346289720093,5.8447752801740105,9.426224652668745,6,64,42,30,41,1,4,0.0005792053416371346,0.011259850114583969,33.51171875,33.51171875,
grid,6,15,grid_k6_N36_seed15,ok,36,60,3.3333333333333335,0,35,0,10,12,10.851836323738098,2.4881012439727783,4.361493066259174,2.277013867481651,0.20700126068015012,1.0045814514160156,1.2440506219863892,ok,ok,252,516096,10.851836323738098,613605045,685337028,166042304,613605045,1464984377,10294584378654720,16740039954268160,15.575681327683334,24.202531773052712,6.84039809775504,10.629066479871907,14.705432942440805,23.716346289720093,6.458209654517752,10.415547585553387,6,64,42,30,41,1,4,0.0006119618192315102,0.011362859047949314,33.26953125,33.48828125,
grid,6,16,grid_k6_N36_seed16,ok,36,60,3.3333333333333335,0,35,0,10,12,10.708450675010681,2.4946014881134033,4.292649838475476,2.4147003230490487,0.21951821118627712,1.0016542673110962,1.2473007440567017,ok,ok,252,516096,10.708450675010681,613605045,685337028,166042304,613605045,1464984377,10294584378654720,16740039954268160,15.575681327683334,24.202531773052712,6.450357909430301,10.02299603890064,14.705432942440805,23.716346289720093,6.089961889710692,9.82165201343635,6,64,42,30,41,1,4,0.0005772551521658897,0.0114066107198596,33.26171875,33.48046875,
grid,6,17,grid_k6_N36_seed17,ok,36,60,3.3333333333333335,0,35,0,10,12,10.574522733688354,2.4988818168640137,4.231701820520233,2.5365963589595335,0.23059966899632123,1.0017316341400146,1.2494409084320068,ok,ok,252,516096,10.574522733688354,613605045,685337028,166042304,613605045,1464984377,10294584378654720,16740039954268160,15.575681327683334,24.202531773052712,6.1403862197737284,9.541341367761072,14.705432942440805,23.716346289720093,5.797309016272778,9.34967292133468,6,64,42,30,41,1,4,0.0009230533614754677,0.015910913236439228,33.515625,33.515625,
grid,6,18,grid_k6_N36_seed18,ok,36,60,3.3333333333333335,0,35,0,10,12,10.807488679885864,2.4848856925964355,4.34929007482562,2.3014198503487595,0.20921998639534178,1.0018502473831177,1.2424428462982178,ok,ok,252,516096,10.807488679885864,613605045,685337028,166042304,613605045,1464984377,10294584378654720,16740039954268160,15.575681327683334,24.202531773052712,6.767857383920183,10.516347883844418,14.705432942440805,23.716346289720093,6.389721953694076,10.305093304086212,6,64,42,30,41,1,4,0.0005998667329549789,0.011242675594985485,33.55078125,33.55078125,
grid,6,19,grid_k6_N36_seed19,ok,36,60,3.3333333333333335,0,35,0,10,12,10.78819465637207,2.4770874977111816,4.355193212327104,2.2896135753457916,0.20814668866779928,1.0092171430587769,1.2385437488555908,ok,ok,252,516096,10.78819465637207,613605045,685337028,166042304,613605045,1464984377,10294584378654720,16740039954268160,15.575681327683334,24.202531773052712,6.802755493503308,10.570574892489226,14.705432942440805,23.716346289720093,6.422670227319865,10.358230989322426,6,64,42,30,41,1,4,0.0005846163257956505,0.011333532631397247,33.58984375,33.58984375,
grid,6,20,grid_k6_N36_seed20,ok,36,60,3.3333333333333335,0,35,0,10,12,10.648177981376648,2.4931442737579346,4.270983469932356,2.4580330601352873,0.22345755092138975,1.0012428760528564,1.2465721368789673,ok,ok,252,516096,10.648177981376648,613605045,685337028,166042304,613605045,1464984377,10294584378654720,16740039954268160,15.575681327683334,24.202531773052712,6.336644360196712,9.846300347042783,14.705432942440805,23.716346289720093,5.982601772504815,9.648505821323157,6,64,42,30,41,1,4,0.0005866335704922676,0.011155719868838787,33.40234375,33.40234375,
grid,6,21,grid_k6_N36_seed21,ok,36,60,3.3333333333333335,0,35,0,10,12,10.671861052513123,2.496370792388916,4.274950293862646,2.4500994122747084,0.22273631020679163,1.0000661611557007,1.248185396194458,ok,ok,252,516096,10.671861052513123,613605045,685337028,166042304,613605045,1464984377,10294584378654720,16740039954268160,15.575681327683334,24.202531773052712,6.35716299904037,9.878183575654477,14.705432942440805,23.716346289720093,6.001973988797484,9.679748573018712,6,64,42,30,41,1,4,0.0005858764052391052,0.011167881079018116,33.3359375,33.3359375,
grid,6,22,grid_k6_N36_seed22,ok,36,60,3.3333333333333335,0,35,0,10,12,10.9014253616333,2.494086980819702,4.370908250381251,2.2581834992374983,0.20528940902159076,1.0065944194793701,1.247043490409851,ok,ok,252,516096,10.9014253616333,613605045,685337028,166042304,613605045,1464984377,10294584378654720,16740039954268160,15.575681327683334,24.202531773052712,6.897438287429982,10.717699328342881,14.705432942440805,23.716346289720093,6.512062880366571,10.50239995896179,6,64,42,30,41,1,4,0.0009414628148078918,0.01606728695333004,33.625,33.625,
grid,6,23,grid_k6_N36_seed23,ok,36,60,3.3333333333333335,0,35,0,10,12,10.801551699638367,2.496222734451294,4.32715861071296,2.34568277857408,0.21324388896128,1.0032057762145996,1.248111367225647,ok,ok,252,516096,10.801551699638367,613605045,685337028,166042304,613605045,1464984377,10294584378654720,16740039954268160,15.575681327683334,24.202531773052712,6.640148220362369,10.31790487363565,14.705432942440805,23.716346289720093,6.2691481886481295,10.110636658268453,6,64,42,30,41,1,4,0.0005927635356783867,0.011225931346416473,33.54296875,33.54296875,
grid,6,24,grid_k6_N36_seed24,ok,36,60,3.3333333333333335,0,35,0,10,12,10.597567796707153,2.4714767932891846,4.287949547203029,2.424100905593942,0.22037280959944927,1.0077372789382935,1.2357383966445923,ok,ok,252,516096,10.597567796707153,613605045,685337028,166042304,613605045,1464984377,10294584378654720,16740039954268160,15.575681327683334,24.202531773052712,6.425343636372699,9.984127194211299,14.705432942440805,23.716346289720093,6.06634522040977,9.78356397416931,6,64,42,30,41,1,4,0.0006326623260974884,0.011388232931494713,33.44140625,33.44140625,
grid,6,25,grid_k6_N36_seed25,ok,36,60,3.3333333333333335,0,35,0,10,12,10.753788232803345,2.4954311847686768,4.309390817282829,2.381218365434343,0.21647439685766756,1.0000779628753662,1.2477155923843384,ok,ok,252,516096,10.753788232803345,613605045,685337028,166042304,613605045,1464984377,10294584378654720,16740039954268160,15.575681327683334,24.202531773052712,6.54105543354579,10.16392789690167,14.705432942440805,23.716346289720093,6.175591938943609,9.959752803012732,6,64,42,30,41,1,4,0.000578124076128006,0.0113601703196764,33.54296875,33.54296875,
grid,6,26,grid_k6_N36_seed26,ok,36,60,3.3333333333333335,0,35,0,10,12,10.870740175247192,2.4982542991638184,4.351334521423899,2.2973309571522016,0.20884826883201835,1.0154681205749512,1.2491271495819092,ok,ok,252,516096,10.870740175247192,613605045,685337028,166042304,613605045,1464984377,10294584378654720,16740039954268160,15.575681327683334,24.202531773052712,6.779903121573363,10.53506535386371,14.705432942440805,23.716346289720093,6.401094668862963,10.323434773681521,6,64,42,30,41,1,4,0.0005785161629319191,0.01134283747524023,33.390625,33.390625,
grid,6,27,grid_k6_N36_seed27,ok,36,60,3.3333333333333335,0,35,0,10,12,10.598147749900818,2.4973397254943848,4.243774942475142,2.5124501150497167,0.22840455591361064,1.0013705492019653,1.2486698627471924,ok,ok,252,516096,10.598147749900818,613605045,685337028,166042304,613605045,1464984377,10294584378654720,16740039954268160,15.575681327683334,24.202531773052712,6.1993992375745615,9.63303972806393,14.705432942440805,23.716346289720093,5.853024843898169,9.439529225936807,6,64,42,30,41,1,4,0.0009557968005537987,0.015928312204778194,33.421875,33.421875,
grid,6,28,grid_k6_N36_seed28,ok,36,60,3.3333333333333335,0,35,0,10,12,10.798320889472961,2.497771978378296,4.323181212275382,2.353637575449236,0.21396705231356694,1.004197359085083,1.248885989189148,ok,ok,252,516096,10.798320889472961,613605045,685337028,166042304,613605045,1464984377,10294584378654720,16740039954268160,15.575681327683334,24.202531773052712,6.617705924715458,10.283032538870478,14.705432942440805,23.716346289720093,6.247959794589019,10.076464846204448,6,64,42,30,41,1,4,0.0005975039675831795,0.011252553202211857,33.06640625,33.06640625,
grid,6,29,grid_k6_N36_seed29,ok,36,60,3.3333333333333335,0,35,0,10,12,10.445426106452942,2.496809244155884,4.183509866002723,2.6329802679945544,0.2393618425449595,1.0051827430725098,1.248404622077942,ok,ok,252,516096,10.445426106452942,613605045,685337028,166042304,613605045,1464984377,10294584378654720,16740039954268160,15.575681327683334,24.202531773052712,5.915608831944177,9.192067281038495,14.705432942440805,23.716346289720093,5.585090447199363,9.007415124984577,6,64,42,30,41,1,4,0.0008607283234596252,0.011535845696926117,33.3359375,33.5546875,
grid,6,30,grid_k6_N36_seed30,ok,36,60,3.3333333333333335,0,35,0,10,12,10.809845328330994,2.4916787147521973,4.338378485288002,2.3232430294239954,0.21120391176581776,1.0230683088302612,1.2458393573760986,ok,ok,252,516096,10.809845328330994,613605045,685337028,166042304,613605045,1464984377,10294584378654720,16740039954268160,15.575681327683334,24.202531773052712,6.704284110795345,10.417563494876072,14.705432942440805,23.716346289720093,6.329700662477288,10.208293316433673,6,64,42,30,41,1,4,0.0005734888836741447,0.011179772205650806,33.24609375,33.46484375,
grid,6,31,grid_k6_N36_seed31,ok,36,60,3.3333333333333335,0,35,0,10,12,10.835258483886719,2.497204542160034,4.338955140020059,2.322089719959882,0.2110990654508984,1.00482976436615,1.248602271080017,ok,ok,252,516096,10.835258483886719,613605045,685337028,166042304,613605045,1464984377,10294584378654720,16740039954268160,15.575681327683334,24.202531773052712,6.707613919393446,10.422737573409028,14.705432942440805,23.716346289720093,6.332844427171774,10.213363457002787,6,64,42,30,41,1,4,0.0009458940476179123,0.015908803790807724,33.546875,33.546875,
grid,6,32,grid_k6_N36_seed32,ok,36,60,3.3333333333333335,0,35,0,10,12,10.760085940361023,2.495488166809082,4.311816054058744,2.376367891882513,0.21603344471659203,1.0021710395812988,1.247744083404541,ok,ok,252,516096,10.760085940361023,613605045,685337028,166042304,613605045,1464984377,10294584378654720,16740039954268160,15.575681327683334,24.202531773052712,6.5544065718480065,10.184673785454967,14.705432942440805,23.716346289720093,6.18819711908809,9.980081943849385,6,64,42,30,41,1,4,0.0005886303260922432,0.011206341907382011,33.3359375,33.3359375,
grid,6,33,grid_k6_N36_seed33,ok,36,60,3.3333333333333335,0,35,0,10,12,10.921060919761658,2.4890031814575195,4.3877247731625895,2.224550453674821,0.20223185942498378,1.003859043121338,1.2445015907287598,ok,ok,252,516096,10.921060919761658,613605045,685337028,166042304,613605045,1464984377,10294584378654720,16740039954268160,15.575681327683334,24.202531773052712,7.0017208654239615,10.8797405485102,14.705432942440805,23.716346289720093,6.610518955930323,10.661186061454412,6,64,42,30,41,1,4,0.0005926210433244705,0.011332420632243156,33.42578125,33.42578125,
grid,6,34,grid_k6_N36_seed34,ok,36,60,3.3333333333333335,0,35,0,10,12,10.85273265838623,2.499750852584839,4.341525735320417,2.3169485293591663,0.21063168448719694,1.001007080078125,1.2498754262924194,ok,ok,252,516096,10.85273265838623,613605045,685337028,166042304,613605045,1464984377,10294584378654720,16740039954268160,15.575681327683334,24.202531773052712,6.722497772529862,10.445865096427832,14.705432942440805,23.716346289720093,6.34689668592168,10.236026389537313,6,64,42,30,41,1,4,0.0005883686244487762,0.011189848184585571,33.2734375,33.4921875,
grid,6,35,grid_k6_N36_seed35,ok,36,60,3.3333333333333335,0,35,0,10,12,10.728703141212463,2.4894912242889404,4.3095966904952006,2.380806619009599,0.21643696536450896,1.0002230405807495,1.2447456121444702,ok,ok,252,516096,10.728703141212463,613605045,685337028,166042304,613605045,1464984377,10294584378654720,16740039954268160,15.575681327683334,24.202531773052712,6.542186670399431,10.165685688122297,14.705432942440805,23.716346289720093,6.176659971047197,9.961475283358356,6,64,42,30,41,1,4,0.0005880845710635185,0.01125271338969469,33.09765625,33.09765625,
grid,6,36,grid_k6_N36_seed36,ok,36,60,3.3333333333333335,0,35,0,10,12,10.72405743598938,2.467209577560425,4.346634162547845,2.3067316749043094,0.20970287953675537,1.0053317546844482,1.2336047887802124,ok,ok,252,516096,10.72405743598938,613605045,685337028,166042304,613605045,1464984377,10294584378654720,16740039954268160,15.575681327683334,24.202531773052712,6.752272705636412,10.492131372001344,14.705432942440805,23.716346289720093,6.375008026475742,10.28136325856102,6,64,42,30,41,1,4,0.0005873022601008415,0.011257409118115902,33.5078125,33.5078125,
grid,6,37,grid_k6_N36_seed37,ok,36,60,3.3333333333333335,0,35,0,10,12,10.676563382148743,2.496428966522217,4.276734297400137,2.4465314051997264,0.2224119459272479,1.0013015270233154,1.2482144832611084,ok,ok,252,516096,10.676563382148743,613605045,685337028,166042304,613605045,1464984377,10294584378654720,16740039954268160,15.575681327683334,24.202531773052712,6.366434248331992,9.892589860736695,14.705432942440805,23.716346289720093,6.010727232516479,9.693865461655077,6,64,42,30,41,1,4,0.0009512724354863167,0.016118845902383327,33.640625,33.640625,
grid,6,38,grid_k6_N36_seed38,ok,36,60,3.3333333333333335,0,35,0,10,12,10.520305752754211,2.4842441082000732,4.234811594411534,2.5303768111769323,0.23003425556153934,1.0074808597564697,1.2421220541000366,ok,ok,252,516096,10.520305752754211,613605045,685337028,166042304,613605045,1464984377,10294584378654720,16740039954268160,15.575681327683334,24.202531773052712,6.155479001737592,9.564793538317163,14.705432942440805,23.716346289720093,5.811558530526129,9.37265397981936,6,64,42,30,41,1,4,0.0009496361017227173,0.01599570084363222,33.51171875,33.51171875,
grid,6,39,grid_k6_N36_seed39,ok,36,60,3.3333333333333335,0,35,0,10,12,10.768192172050476,2.4884042739868164,4.327348367232199,2.345303265535602,0.21320938777596377,1.001800775527954,1.2442021369934082,ok,ok,252,516096,10.768192172050476,613605045,685337028,166042304,613605045,1464984377,10294584378654720,16740039954268160,15.575681327683334,24.202531773052712,6.641222718003713,10.319574499686517,14.705432942440805,23.716346289720093,6.270162651686964,10.112272744524551,6,64,42,30,41,1,4,0.0005973763763904572,0.01129937544465065,33.28515625,33.28515625,
grid,6,40,grid_k6_N36_seed40,ok,36,60,3.3333333333333335,0,35,0,10,12,10.608773469924927,2.4906978607177734,4.2593578439368285,2.481284312126343,0.22557130110239487,1.0105822086334229,1.2453489303588867,ok,ok,252,516096,10.608773469924927,613605045,685337028,166042304,613605045,1464984377,10294584378654720,16740039954268160,15.575681327683334,24.202531773052712,6.277265870566728,9.754034092252931,14.705432942440805,23.716346289720093,5.926540892784248,9.5580930302164,6,64,42,30,41,1,4,0.0005853241309523582,0.011200927197933197,33.28515625,33.28515625,
grid,7,1,grid_k7_N49_seed1,ok,49,84,3.4285714285714284,0,48,0,12,14,12.907772064208984,2.490368604660034,5.183076930883111,2.6338461382337783,0.20260354909490608,1.0017729997634888,1.245184302330017,ok,ok,924,7569408,12.907772064208984,1997525404384,1540195147680,265910313876,1997525404384,3803630865940,536206642797403439104,760773075285739307008,22.138265145865056,32.241241375573814,8.405299316652824,12.24112559482854,21.494218160953892,31.89142586935307,8.160772130511626,12.108310127310258,7,128,53,41,52,1,4,0.003544059582054615,0.023943341337144375,33.34765625,33.56640625,
grid,7,2,grid_k7_N49_seed2,ok,49,84,3.4285714285714284,0,48,0,12,14,12.886362314224243,2.4868392944335938,5.181823507079198,2.6363529858416044,0.20279638352627727,1.0049777030944824,1.2434196472167969,ok,ok,924,7569408,12.886362314224243,1997525404384,1540195147680,265910313876,1997525404384,3803630865940,536206642797403439104,760773075285739307008,22.138265145865056,32.241241375573814,8.39730691024967,12.229485789165453,21.494218160953892,31.89142586935307,8.153012239403246,12.096796612830035,7,128,53,41,52,1,4,0.0035849865525960922,0.023969046771526337,33.28515625,33.484375,
grid,7,3,grid_k7_N49_seed3,ok,49,84,3.4285714285714284,0,48,0,12,14,12.99664556980133,2.4867300987243652,5.226399751411827,2.5472004971763464,0.19593849978279587,1.0003725290298462,1.2433650493621826,ok,ok,924,7569408,12.99664556980133,1997525404384,1540195147680,265910313876,1997525404384,3803630865940,536206642797403439104,760773075285739307008,22.138265145865056,32.241241375573814,8.69121420571566,12.657520054394723,21.494218160953892,31.89142586935307,8.438369176192028,12.5201867323384,7,128,53,41,52,1,4,0.005769385024905205,0.03373237419873476,33.52734375,33.74609375,
grid,7,4,grid_k7_N49_seed4,ok,49,84,3.4285714285714284,0,48,0,12,14,13.127269625663757,2.4920763969421387,5.26760320902335,2.4647935819533,0.18959950630410005,1.010491967201233,1.2460381984710693,ok,ok,924,7569408,13.127269625663757,1997525404384,1540195147680,265910313876,1997525404384,3803630865940,536206642797403439104,760773075285739307008,22.138265145865056,32.241241375573814,8.98179275861345,13.08070647848055,21.494218160953892,31.89142586935307,8.720494210277906,12.938781609484616,7,128,53,41,52,1,4,0.0035303104668855667,0.02395422849804163,33.48828125,33.70703125,
grid,7,5,grid_k7_N49_seed5,ok,49,84,3.4285714285714284,0,48,0,12,14,12.971475601196289,2.4995880126953125,5.189445434733507,2.621109130532986,0.2016237792717681,1.0002999305725098,1.2497940063476562,ok,ok,924,7569408,12.971475601196289,1997525404384,1540195147680,265910313876,1997525404384,3803630865940,536206642797403439104,760773075285739307008,22.138265145865056,32.241241375573814,8.446143996058408,12.300610073804048,21.494218160953892,31.89142586935307,8.20042855544255,12.167149203310032,7,128,53,41,52,1,4,0.003605497069656849,0.024042938835918903,33.33984375,33.55859375,
grid,7,6,grid_k7_N49_seed6,ok,49,84,3.4285714285714284,0,48,0,12,14,12.932462453842163,2.4968981742858887,5.179411233916593,2.6411775321668145,0.20316750247437032,1.0013283491134644,1.2484490871429443,ok,ok,924,7569408,12.932462453842163,1997525404384,1540195147680,265910313876,1997525404384,3803630865940,536206642797403439104,760773075285739307008,22.138265145865056,32.241241375573814,8.381967844358757,12.2071466165787,21.494218160953892,31.89142586935307,8.138119418015833,12.07469981890594,7,128,53,41,52,1,4,0.0035884901881217957,0.02374862413853407,33.55859375,33.55859375,
grid,7,7,grid_k7_N49_seed7,ok,49,84,3.4285714285714284,0,48,0,12,14,13.00283169746399,2.4977500438690186,5.205817823677258,2.5883643526454847,0.19910495020349883,1.0009335279464722,1.2488750219345093,ok,ok,924,7569408,13.00283169746399,1997525404384,1540195147680,265910313876,1997525404384,3803630865940,536206642797403439104,760773075285739307008,22.138265145865056,32.241241375573814,8.552994142126181,12.456222147635849,21.494218160953892,31.89142586935307,8.304170214284298,12.321072895613735,7,128,53,41,52,1,4,0.003625364974141121,0.023889991454780102,33.421875,33.640625,
grid,7,8,grid_k7_N49_seed8,ok,49,84,3.4285714285714284,0,48,0,12,14,12.855895400047302,2.494386911392212,5.153929946205475,2.6921401075890508,0.20708770058377313,1.0041955709457397,1.247193455696106,ok,ok,924,7569408,12.855895400047302,1997525404384,1540195147680,265910313876,1997525404384,3803630865940,536206642797403439104,760773075285739307008,22.138265145865056,32.241241375573814,8.223296062288156,11.976063684310805,21.494218160953892,31.89142586935307,7.984063719552496,11.846124122385842,7,128,53,41,52,1,4,0.005872860550880432,0.03189667873084545,33.45703125,33.67578125,
grid,7,9,grid_k7_N49_seed9,ok,49,84,3.4285714285714284,0,48,0,12,14,13.153242945671082,2.493870258331299,5.2742290428822045,2.451541914235591,0.1885801472488916,1.0014065504074097,1.2469351291656494,ok,ok,924,7569408,13.153242945671082,1997525404384,1540195147680,265910313876,1997525404384,3803630865940,536206642797403439104,760773075285739307008,22.138265145865056,32.241241375573814,9.030343318754936,13.151413479147825,21.494218160953892,31.89142586935307,8.767632336262116,13.008721443498981,7,128,53,41,52,1,4,0.003679746761918068,0.024117186665534973,33.65234375,33.65234375,
grid,7,10,grid_k7_N49_seed10,ok,49,84,3.4285714285714284,0,48,0,12,14,13.03829538822174,2.4935622215270996,5.2287828535663605,2.542434292867279,0.19557186868209842,1.0161789655685425,1.2467811107635498,ok,ok,924,7569408,13.03829538822174,1997525404384,1540195147680,265910313876,1997525404384,3803630865940,536206642797403439104,760773075285739307008,22.138265145865056,32.241241375573814,8.707507292508316,12.68124862303251,21.494218160953892,31.89142586935307,8.454188264080319,12.543657847450959,7,128,53,41,52,1,4,0.005840166471898556,0.03396093659102917,33.640625,33.859375,
grid,7,11,grid_k7_N49_seed11,ok,49,84,3.4285714285714284,0,48,0,12,14,12.760067224502563,2.498217821121216,5.107668001013525,2.7846639979729506,0.21420492292099624,1.0042192935943604,1.249108910560608,ok,ok,924,7569408,12.760067224502563,1997525404384,1540195147680,265910313876,1997525404384,3803630865940,536206642797403439104,760773075285739307008,22.138265145865056,32.241241375573814,7.9500669244046085,11.57814422100594,21.494218160953892,31.89142586935307,7.718783370848421,11.452522061034257,7,128,53,41,52,1,4,0.005792432464659214,0.0344118420034647,33.51171875,33.73046875,
grid,7,12,grid_k7_N49_seed12,ok,49,84,3.4285714285714284,0,48,0,12,14,12.80665385723114,2.481114625930786,5.161653445344849,2.6766931093103015,0.2058994699469463,1.0007067918777466,1.240557312965393,ok,ok,924,7569408,12.80665385723114,1997525404384,1540195147680,265910313876,1997525404384,3803630865940,536206642797403439104,760773075285739307008,22.138265145865056,32.241241375573814,8.270752096630675,12.045176663484353,21.494218160953892,31.89142586935307,8.030139161710723,11.91448722994265,7,128,53,41,52,1,4,0.0034826239570975304,0.02402372844517231,33.3046875,33.5234375,
grid,7,13,grid_k7_N49_seed13,ok,49,84,3.4285714285714284,0,48,0,12,14,13.069645166397095,2.49638032913208,5.235438291945297,2.5291234161094067,0.19454795508533895,1.0004161596298218,1.24819016456604,ok,ok,924,7569408,13.069645166397095,1997525404384,1540195147680,265910313876,1997525404384,3803630865940,536206642797403439104,760773075285739307008,22.138265145865056,32.241241375573814,8.753335248431934,12.747990537041906,21.494218160953892,31.89142586935307,8.498682991919315,12.609675615756304,7,128,53,41,52,1,4,0.00355555210262537,0.0241167601197958,33.62890625,33.84765625,
grid,7,14,grid_k7_N49_seed14,ok,49,84,3.4285714285714284,0,48,0,12,14,12.640242457389832,2.4989871978759766,5.058146143419003,2.8837077131619946,0.22182367024323035,1.0012232065200806,1.2494935989379883,ok,ok,924,7569408,12.640242457389832,1997525404384,1540195147680,265910313876,1997525404384,3803630865940,536206642797403439104,760773075285739307008,22.138265145865056,32.241241375573814,7.67701422887633,11.180481720951251,21.494218160953892,31.89142586935307,7.453674331434033,11.059174174897228,7,128,53,41,52,1,4,0.0035278666764497757,0.023924841545522213,33.40625,33.625,
grid,7,15,grid_k7_N49_seed15,ok,49,84,3.4285714285714284,0,48,0,12,14,12.93833339214325,2.4989960193634033,5.177412565642731,2.6451748687145376,0.20347498990111823,1.0045814514160156,1.2494980096817017,ok,ok,924,7569408,12.93833339214325,1997525404384,1540195147680,265910313876,1997525404384,3803630865940,536206642797403439104,760773075285739307008,22.138265145865056,32.241241375573814,8.369301178422083,12.188699415264718,21.494218160953892,31.89142586935307,8.125821251053747,12.05645276860323,7,128,53,41,52,1,4,0.005710317753255367,0.034256924875080585,33.69921875,33.91796875,
grid,7,16,grid_k7_N49_seed16,ok,49,84,3.4285714285714284,0,48,0,12,14,12.77153193950653,2.4946014881134033,5.1196682116810885,2.760663576637823,0.21235873666444793,1.0016542673110962,1.2473007440567017,ok,ok,924,7569408,12.77153193950653,1997525404384,1540195147680,265910313876,1997525404384,3803630865940,536206642797403439104,760773075285739307008,22.138265145865056,32.241241375573814,8.019182537564744,11.67880130285198,21.494218160953892,31.89142586935307,7.785888270794454,11.552087019669827,7,128,53,41,52,1,4,0.003557080402970314,0.02387404255568981,33.54296875,33.76171875,
grid,7,17,grid_k7_N49_seed17,ok,49,84,3.4285714285714284,0,48,0,12,14,12.875747561454773,2.4988818168640137,5.152603646383432,2.6947927072331357,0.2072917467102412,1.0016469955444336,1.2494409084320068,ok,ok,924,7569408,12.875747561454773,1997525404384,1540195147680,265910313876,1997525404384,3803630865940,536206642797403439104,760773075285739307008,22.138265145865056,32.241241375573814,8.215201520489272,11.964275132938644,21.494218160953892,31.89142586935307,7.976204664373969,11.834463476078435,7,128,53,41,52,1,4,0.0036096759140491486,0.02400531992316246,33.61328125,33.83203125,
grid,7,18,grid_k7_N49_seed18,ok,49,84,3.4285714285714284,0,48,0,12,14,12.973099946975708,2.4848856925964355,5.220803510450506,2.558392979098988,0.19679945993069137,1.0018502473831177,1.2424428462982178,ok,ok,924,7569408,12.973099946975708,1997525404384,1540195147680,265910313876,1997525404384,3803630865940,536206642797403439104,760773075285739307008,22.138265145865056,32.241241375573814,8.65319179919798,12.602145815350266,21.494218160953892,31.89142586935307,8.401452918512817,12.465413300416637,7,128,53,41,52,1,4,0.0038480516523122787,0.024280304089188576,33.30078125,33.51953125,
grid,7,19,grid_k7_N49_seed19,ok,49,84,3.4285714285714284,0,48,0,12,14,12.832524299621582,2.4770874977111816,5.180488905409591,2.6390221891808174,0.2030017068600629,1.003856897354126,1.2385437488555908,ok,ok,924,7569408,12.832524299621582,1997525404384,1540195147680,265910313876,1997525404384,3803630865940,536206642797403439104,760773075285739307008,22.138265145865056,32.241241375573814,8.3888135676256,12.217116440988267,21.494218160953892,31.89142586935307,8.144765985323504,12.08456147132758,7,128,53,41,52,1,4,0.003889530897140503,0.023841911926865578,33.35546875,33.57421875,
grid,7,20,grid_k7_N49_seed20,ok,49,84,3.4285714285714284,0,48,0,12,14,12.846321105957031,2.4981906414031982,5.142250112161751,2.7154997756764985,0.20888459812896143,1.0012428760528564,1.2490953207015991,ok,ok,924,7569408,12.846321105957031,1997525404384,1540195147680,265910313876,1997525404384,3803630865940,536206642797403439104,760773075285739307008,22.138265145865056,32.241241375573814,8.152556425952886,11.873041443187644,21.494218160953892,31.89142586935307,7.915382042555739,11.744219666307329,7,128,53,41,52,1,4,0.0035460414364933968,0.023598517291247845,33.28515625,33.4453125,
grid,7,21,grid_k7_N49_seed21,ok,49,84,3.4285714285714284,0,48,0,12,14,12.986774802207947,2.496370792388916,5.202261956357925,2.5954760872841494,0.1996520067141654,1.0000661611557007,1.248185396194458,ok,ok,924,7569408,12.986774802207947,1997525404384,1540195147680,265910313876,1997525404384,3803630865940,536206642797403439104,760773075285739307008,22.138265145865056,32.241241375573814,8.529558509256027,12.422091474289157,21.494218160953892,31.89142586935307,8.281416371454604,12.28731253799513,7,128,53,41,52,1,4,0.0034835394471883774,0.024012920446693897,33.37109375,33.58984375,
grid,7,22,grid_k7_N49_seed22,ok,49,84,3.4285714285714284,0,48,0,12,14,13.261879205703735,2.494086980819702,5.317328267895897,2.3653434642082054,0.181949497246785,1.0065944194793701,1.247043490409851,ok,ok,924,7569408,13.261879205703735,1997525404384,1540195147680,265910313876,1997525404384,3803630865940,536206642797403439104,760773075285739307008,22.138265145865056,32.241241375573814,9.359429394020712,13.630680644667608,21.494218160953892,31.89142586935307,9.087144630874588,13.482788589448539,7,128,53,41,52,1,4,0.0035003647208213806,0.02400558441877365,33.28515625,33.33203125,
grid,7,23,grid_k7_N49_seed23,ok,49,84,3.4285714285714284,0,48,0,12,14,13.073709964752197,2.497645378112793,5.23441401222083,2.5311719755583404,0.19470553658141077,1.0032057762145996,1.2488226890563965,ok,ok,924,7569408,13.073709964752197,1997525404384,1540195147680,265910313876,1997525404384,3803630865940,536206642797403439104,760773075285739307008,22.138265145865056,32.241241375573814,8.74625089074861,12.73767317547116,21.494218160953892,31.89142586935307,8.49180473255381,12.599470196930525,7,128,53,41,52,1,4,0.005854279734194279,0.029627482406795025,33.50390625,33.72265625,
grid,7,24,grid_k7_N49_seed24,ok,49,84,3.4285714285714284,0,48,0,12,14,12.839650511741638,2.486194133758545,5.164379698833528,2.6712406023329436,0.2054800463333033,1.0077372789382935,1.2430970668792725,ok,ok,924,7569408,12.839650511741638,1997525404384,1540195147680,265910313876,1997525404384,3803630865940,536206642797403439104,760773075285739307008,22.138265145865056,32.241241375573814,8.2876342649668,12.069763145789166,21.494218160953892,31.89142586935307,8.04653019356691,11.938806950411172,7,128,53,41,52,1,4,0.003681725822389126,0.024083828553557396,33.28515625,33.37890625,
grid,7,25,grid_k7_N49_seed25,ok,49,84,3.4285714285714284,0,48,0,12,14,12.64845323562622,2.4954311847686768,5.068644374097904,2.8627112518041926,0.22020855783109172,1.0000779628753662,1.2477155923843384,ok,ok,924,7569408,12.64845323562622,1997525404384,1540195147680,265910313876,1997525404384,3803630865940,536206642797403439104,760773075285739307008,22.138265145865056,32.241241375573814,7.733321036801269,11.26248459576708,21.494218160953892,31.89142586935307,7.508343060239622,11.140287323513277,7,128,53,41,52,1,4,0.003543371334671974,0.023928160779178143,33.5,33.71875,
grid,7,26,grid_k7_N49_seed26,ok,49,84,3.4285714285714284,0,48,0,12,14,12.788273334503174,2.4982542991638184,5.118883749658107,2.762232500683785,0.21247942312952195,1.0004465579986572,1.2491271495819092,ok,ok,924,7569408,12.788273334503174,1997525404384,1540195147680,265910313876,1997525404384,3803630865940,536206642797403439104,760773075285739307008,22.138265145865056,32.241241375573814,8.01462771160095,11.672167845245669,21.494218160953892,31.89142586935307,7.781465953945963,11.545525534674729,7,128,53,41,52,1,4,0.0035791005939245224,0.024117358028888702,33.28515625,33.28515625,
grid,7,27,grid_k7_N49_seed27,ok,49,84,3.4285714285714284,0,48,0,12,14,12.97699761390686,2.4973397254943848,5.1963285096655705,2.607342980668859,0.20056484466683533,1.0013705492019653,1.2486698627471924,ok,ok,924,7569408,12.97699761390686,1997525404384,1540195147680,265910313876,1997525404384,3803630865940,536206642797403439104,760773075285739307008,22.138265145865056,32.241241375573814,8.490737624470851,12.365554364966208,21.494218160953892,31.89142586935307,8.243724864858402,12.231388852866605,7,128,53,41,52,1,4,0.00581764429807663,0.03417949751019478,33.44921875,33.66796875,
grid,7,28,grid_k7_N49_seed28,ok,49,84,3.4285714285714284,0,48,0,12,14,13.122287154197693,2.497771978378296,5.2535969126843485,2.492806174631303,0.19175432112548485,1.004197359085083,1.248885989189148,ok,ok,924,7569408,13.122287154197693,1997525404384,1540195147680,265910313876,1997525404384,3803630865940,536206642797403439104,760773075285739307008,22.138265145865056,32.241241375573814,8.880861003619506,12.933713701323946,21.494218160953892,31.89142586935307,8.62249876452307,12.793383695011888,7,128,53,41,52,1,4,0.0035445895045995712,0.023835742846131325,33.50390625,33.51953125,
grid,7,29,grid_k7_N49_seed29,ok,49,84,3.4285714285714284,0,48,0,12,14,12.82228672504425,2.496809244155884,5.135469101236519,2.7290617975269615,0.209927830578997,1.0051827430725098,1.248404622077942,ok,ok,924,7569408,12.82228672504425,1997525404384,1540195147680,265910313876,1997525404384,3803630865940,536206642797403439104,760773075285739307008,22.138265145865056,32.241241375573814,8.11204244840716,11.814038584538608,21.494218160953892,31.89142586935307,7.876046698697574,11.685856985082802,7,128,53,41,52,1,4,0.005840749479830265,0.03390583675354719,33.58203125,33.80078125,
grid,7,30,grid_k7_N49_seed30,ok,49,84,3.4285714285714284,0,48,0,12,14,13.103657841682434,2.4994304180145264,5.242657585999771,2.5146848280004583,0.19343729446157376,1.0230683088302612,1.2497152090072632,ok,ok,924,7569408,13.103657841682434,1997525404384,1540195147680,265910313876,1997525404384,3803630865940,536206642797403439104,760773075285739307008,22.138265145865056,32.241241375573814,8.803594350815013,12.82118578701185,21.494218160953892,31.89142586935307,8.547479955189825,12.682076701719877,7,128,53,41,52,1,4,0.003433222882449627,0.023754258640110493,33.50390625,33.50390625,
grid,7,31,grid_k7_N49_seed31,ok,49,84,3.4285714285714284,0,48,0,12,14,12.872925996780396,2.497204542160034,5.15493455960382,2.69013088079236,0.2069331446763354,1.00482976436615,1.248602271080017,ok,ok,924,7569408,12.872925996780396,1997525404384,1540195147680,265910313876,1997525404384,3803630865940,536206642797403439104,760773075285739307008,22.138265145865056,32.241241375573814,8.2294379444261,11.98500846400357,21.494218160953892,31.89142586935307,7.990026921895679,11.85497185176346,7,128,53,41,52,1,4,0.0035193245857954025,0.024078556336462498,33.54296875,33.54296875,
grid,7,32,grid_k7_N49_seed32,ok,49,84,3.4285714285714284,0,48,0,12,14,12.687509298324585,2.495488166809082,5.0841793069080286,2.831641386183943,0.2178185681679956,1.0006499290466309,1.247744083404541,ok,ok,924,7569408,12.687509298324585,1997525404384,1540195147680,265910313876,1997525404384,3803630865940,536206642797403439104,760773075285739307008,22.138265145865056,32.241241375573814,7.818174029339095,11.386060937265674,21.494218160953892,31.89142586935307,7.590727507313538,11.262522869229391,7,128,53,41,52,1,4,0.0035818908363580704,0.02405612077564001,33.53125,33.75,
grid,7,33,grid_k7_N49_seed33,ok,49,84,3.4285714285714284,0,48,0,12,14,13.009188294410706,2.499396800994873,5.204931161483627,2.5901376770327467,0.19924135977174973,1.003859043121338,1.2496984004974365,ok,ok,924,7569408,13.009188294410706,1997525404384,1540195147680,265910313876,1997525404384,3803630865940,536206642797403439104,760773075285739307008,22.138265145865056,32.241241375573814,8.547138378847329,12.447694059456051,21.494218160953892,31.89142586935307,8.298484807022922,12.312637336671534,7,128,53,41,52,1,4,0.005671771243214607,0.033831111155450344,33.50390625,33.71875,
grid,7,34,grid_k7_N49_seed34,ok,49,84,3.4285714285714284,0,48,0,12,14,12.889896392822266,2.499750852584839,5.156472445841398,2.687055108317203,0.20669654679363103,1.001007080078125,1.2498754262924194,ok,ok,924,7569408,12.889896392822266,1997525404384,1540195147680,265910313876,1997525404384,3803630865940,536206642797403439104,760773075285739307008,22.138265145865056,32.241241375573814,8.238857877287593,11.998727259362104,21.494218160953892,31.89142586935307,7.999172809825577,11.868541799027492,7,128,53,41,52,1,4,0.0036571258679032326,0.024093611165881157,33.50390625,33.50390625,
grid,7,35,grid_k7_N49_seed35,ok,49,84,3.4285714285714284,0,48,0,12,14,12.745022296905518,2.4894912242889404,5.119528911191807,2.7609421776163856,0.21238016750895272,1.0002230405807495,1.2447456121444702,ok,ok,924,7569408,12.745022296905518,1997525404384,1540195147680,265910313876,1997525404384,3803630865940,536206642797403439104,760773075285739307008,22.138265145865056,32.241241375573814,8.018373338400648,11.677622819109079,21.494218160953892,31.89142586935307,7.78510261287347,11.550921322403793,7,128,53,41,52,1,4,0.0036013545468449593,0.023714705370366573,33.50390625,33.50390625,
grid,7,36,grid_k7_N49_seed36,ok,49,84,3.4285714285714284,0,48,0,12,14,12.781018257141113,2.468224287033081,5.1782240067431164,2.643551986513767,0.20335015280875135,1.0011533498764038,1.2341121435165405,ok,ok,924,7569408,12.781018257141113,1997525404384,1540195147680,265910313876,1997525404384,3803630865940,536206642797403439104,760773075285739307008,22.138265145865056,32.241241375573814,8.37443911025949,12.196182083822965,21.494218160953892,31.89142586935307,8.130809710044623,12.06385425066313,7,128,53,41,52,1,4,0.00360656064003706,0.024035213515162468,33.50390625,33.546875,
grid,7,37,grid_k7_N49_seed37,ok,49,84,3.4285714285714284,0,48,0,12,14,12.876465678215027,2.496428966522217,5.157953961795785,2.6840920764084295,0.2064686212621869,1.0013015270233154,1.2482144832611084,ok,ok,924,7569408,12.876465678215027,1997525404384,1540195147680,265910313876,1997525404384,3803630865940,536206642797403439104,760773075285739307008,22.138265145865056,32.241241375573814,8.24795294485134,12.011972934518573,21.494218160953892,31.89142586935307,8.008003283447415,11.881643759414853,7,128,53,41,52,1,4,0.003515479154884815,0.023840411566197872,33.50390625,33.62890625,
grid,7,38,grid_k7_N49_seed38,ok,49,84,3.4285714285714284,0,48,0,12,14,12.670271754264832,2.4842441082000732,5.100252311132545,2.7994953777349103,0.21534579828730083,1.000887393951416,1.2421220541000366,ok,ok,924,7569408,12.670271754264832,1997525404384,1540195147680,265910313876,1997525404384,3803630865940,536206642797403439104,760773075285739307008,22.138265145865056,32.241241375573814,7.907948454545143,11.516804647007637,21.494218160953892,31.89142586935307,7.677890212608603,11.391848017679754,7,128,53,41,52,1,4,0.0037311455234885216,0.02393887471407652,33.50390625,33.67578125,
grid,7,39,grid_k7_N49_seed39,ok,49,84,3.4285714285714284,0,48,0,12,14,12.84545373916626,2.4949896335601807,5.148499844000021,2.7030003119999577,0.20792310092307364,1.001800775527954,1.2474948167800903,ok,ok,924,7569408,12.84545373916626,1997525404384,1540195147680,265910313876,1997525404384,3803630865940,536206642797403439104,760773075285739307008,22.138265145865056,32.241241375573814,8.190256230301687,11.927945857956052,21.494218160953892,31.89142586935307,7.951985083216752,11.798528371517838,7,128,53,41,52,1,4,0.0038902563974261284,0.023893906734883785,33.50390625,33.50390625,
grid,7,40,grid_k7_N49_seed40,ok,49,84,3.4285714285714284,0,48,0,12,14,13.186106204986572,2.4979212284088135,5.278831876290262,2.442336247419476,0.18787201903226736,1.0105822086334229,1.2489606142044067,ok,ok,924,7569408,13.186106204986572,1997525404384,1540195147680,265910313876,1997525404384,3803630865940,536206642797403439104,760773075285739307008,22.138265145865056,32.241241375573814,9.06438053697803,13.200983857009561,21.494218160953892,31.89142586935307,8.800679342848166,13.057753985778541,7,128,53,41,52,1,4,0.0035251453518867493,0.023798126727342606,33.50390625,33.50390625,
grid,8,1,grid_k8_N64_seed1,ok,64,112,3.5,0,63,0,14,16,15.10965347290039,2.498070478439331,6.048529696544088,2.902940606911825,0.1935293737941216,1.0014561414718628,1.2490352392196655,ok,ok,3432,112459776,15.10965347290039,7561681603209033,4404007045141356,585766312819692,7561681603209033,12551454961170081,32477175188547645386784768,42563670092830275916529664,28.927714526321857,40.474937137549745,9.964969471798952,13.942736906562947,28.420971534046345,40.20447360356542,9.790407515185382,13.849568092381784,8,256,65,53,64,1,4,0.03734617121517658,0.06700610555708408,33.50390625,33.6953125,
grid,8,2,grid_k8_N64_seed2,ok,64,112,3.5,0,63,0,14,16,14.899380803108215,2.4909417629241943,5.981424786751083,3.037150426497835,0.20247669509985566,1.0016963481903076,1.2454708814620972,ok,ok,3432,112459776,14.899380803108215,7561681603209033,4404007045141356,585766312819692,7561681603209033,12551454961170081,32477175188547645386784768,42563670092830275916529664,28.927714526321857,40.474937137549745,9.524623566202042,13.326615891140353,28.420971534046345,40.20447360356542,9.357775395675354,13.237564149868453,8,256,65,53,64,1,4,0.037263824604451656,0.0677088825032115,33.63671875,33.85546875,
grid,8,3,grid_k8_N64_seed3,ok,64,112,3.5,0,63,0,14,16,14.811324000358582,2.4867300987243652,5.956144580369396,3.0877108392612076,0.20584738928408053,1.0003725290298462,1.2433650493621826,ok,ok,3432,112459776,14.811324000358582,7561681603209033,4404007045141356,585766312819692,7561681603209033,12551454961170081,32477175188547645386784768,42563670092830275916529664,28.927714526321857,40.474937137549745,9.368660484167407,13.10839623416101,28.420971534046345,40.20447360356542,9.204544406381846,13.020802690573541,8,256,65,53,64,1,4,0.02250231895595789,0.04693542793393135,33.62109375,33.83984375,
grid,8,4,grid_k8_N64_seed4,ok,64,112,3.5,0,63,0,14,16,15.341521263122559,2.4920763969421387,6.1561199656427545,2.687760068714491,0.17918400458096606,1.010491967201233,1.2460381984710693,ok,ok,3432,112459776,15.341521263122559,7561681603209033,4404007045141356,585766312819692,7561681603209033,12551454961170081,32477175188547645386784768,42563670092830275916529664,28.927714526321857,40.474937137549745,10.762759244413317,15.05898447137367,28.420971534046345,40.20447360356542,10.574221957110778,14.958356615065913,8,256,65,53,64,1,4,0.022944453172385693,0.04719617962837219,33.50390625,33.50390625,
grid,8,5,grid_k8_N64_seed5,ok,64,112,3.5,0,63,0,14,16,15.054395079612732,2.4995880126953125,6.022750550551543,2.9544988988969134,0.19696659325979426,1.0002299547195435,1.2497940063476562,ok,ok,3432,112459776,15.054395079612732,7561681603209033,4404007045141356,585766312819692,7561681603209033,12551454961170081,32477175188547645386784768,42563670092830275916529664,28.927714526321857,40.474937137549745,9.791073043595398,13.69942535861543,28.420971534046345,40.20447360356542,9.619557328201255,13.60788241233601,8,256,65,53,64,1,4,0.02249947376549244,0.04726940952241421,33.50390625,33.50390625,
grid,8,6,grid_k8_N64_seed6,ok,64,112,3.5,0,63,0,14,16,15.244321942329407,2.4968981742858887,6.1053038122747125,2.789392375450575,0.185959491696705,1.0013283491134644,1.2484490871429443,ok,ok,3432,112459776,15.244321942329407,7561681603209033,4404007045141356,585766312819692,7561681603209033,12551454961170081,32477175188547645386784768,42563670092830275916529664,28.927714526321857,40.474937137549745,10.370615041797093,14.510306077326883,28.420971534046345,40.20447360356542,10.188947164328383,14.41334462566283,8,256,65,53,64,1,4,0.02313806675374508,0.047210510820150375,33.50390625,33.50390625,
grid,8,7,grid_k8_N64_seed7,ok,64,112,3.5,0,63,0,14,16,15.278868079185486,2.4977500438690186,6.117052471558962,2.7658950568820764,0.1843930037921384,1.0009335279464722,1.2488750219345093,ok,ok,3432,112459776,15.278868079185486,7561681603209033,4404007045141356,585766312819692,7561681603209033,12551454961170081,32477175188547645386784768,42563670092830275916529664,28.927714526321857,40.474937137549745,10.45871731624241,14.633576583768193,28.420971534046345,40.20447360356542,10.27550610184198,14.535791408111812,8,256,65,53,64,1,4,0.022533698938786983,0.04716290161013603,33.55859375,33.77734375,
grid,8,8,grid_k8_N64_seed8,ok,64,112,3.5,0,63,0,14,16,14.993774652481079,2.4948461055755615,6.009899616241865,2.980200767516269,0.19868005116775123,1.0032583475112915,1.2474230527877808,ok,ok,3432,112459776,14.993774652481079,7561681603209033,4404007045141356,585766312819692,7561681603209033,12551454961170081,32477175188547645386784768,42563670092830275916529664,28.927714526321857,40.474937137549745,9.706632801933852,13.581278677168447,28.420971534046345,40.20447360356542,9.536596273590213,13.490525216216305,8,256,65,53,64,1,4,0.022710631601512432,0.047189736738801,33.59765625,33.81640625,
grid,8,9,grid_k8_N64_seed9,ok,64,112,3.5,0,63,0,14,16,14.857610583305359,2.493870258331299,5.957651779867209,3.0846964402655814,0.20564642935103872,1.0014065504074097,1.2469351291656494,ok,ok,3432,112459776,14.857610583305359,7561681603209033,4404007045141356,585766312819692,7561681603209033,12551454961170081,32477175188547645386784768,42563670092830275916529664,28.927714526321857,40.474937137549745,9.377815641344366,13.121205901889327,28.420971534046345,40.20447360356542,9.213539187538142,13.033526760935983,8,256,65,53,64,1,4,0.03756952937692404,0.05100116413086653,33.52734375,33.52734375,
grid,8,10,grid_k8_N64_seed10,ok,64,112,3.5,0,63,0,14,16,14.89513099193573,2.4935622215270996,5.973434656390367,3.053130687219266,0.20354204581461777,1.003259301185608,1.2467811107635498,ok,ok,3432,112459776,14.89513099193573,7561681603209033,4404007045141356,585766312819692,7561681603209033,12551454961170081,32477175188547645386784768,42563670092830275916529664,28.927714526321857,40.474937137549745,9.474771141443892,13.256863620998011,28.420971534046345,40.20447360356542,9.308796263789032,13.168277981635597,8,256,65,53,64,1,4,0.023502107709646225,0.047352029010653496,33.50390625,33.50390625,
grid,8,11,grid_k8_N64_seed11,ok,64,112,3.5,0,63,0,14,16,14.865802526473999,2.499401330947876,5.94774530300673,3.1045093939865396,0.206967292932436,1.0042192935943604,1.249700665473938,ok,ok,3432,112459776,14.865802526473999,7561681603209033,4404007045141356,585766312819692,7561681603209033,12551454961170081,32477175188547645386784768,42563670092830275916529664,28.927714526321857,40.474937137549745,9.317966498138185,13.037466472464226,28.420971534046345,40.20447360356542,9.154738455325019,12.950346899075846,8,256,65,53,64,1,4,0.022777481004595757,0.04735332075506449,33.50390625,33.50390625,
grid,8,12,grid_k8_N64_seed12,ok,64,112,3.5,0,63,0,14,16,15.016230463981628,2.481114625930786,6.052211496818013,2.8955770063639736,0.19303846709093153,1.0007067918777466,1.240557312965393,ok,ok,3432,112459776,15.016230463981628,7561681603209033,4404007045141356,585766312819692,7561681603209033,12551454961170081,32477175188547645386784768,42563670092830275916529664,28.927714526321857,40.474937137549745,9.990310899259036,13.978194000226168,28.420971534046345,40.20447360356542,9.815305022654208,13.884788252981355,8,256,65,53,64,1,4,0.02337490674108267,0.04688199330121279,33.50390625,33.50390625,
grid,8,13,grid_k8_N64_seed13,ok,64,112,3.5,0,63,0,14,16,15.378969669342041,2.49638032913208,6.160507471507303,2.6789850569853932,0.17859900379902627,1.0004161596298218,1.24819016456604,ok,ok,3432,112459776,15.378969669342041,7561681603209033,4404007045141356,585766312819692,7561681603209033,12551454961170081,32477175188547645386784768,42563670092830275916529664,28.927714526321857,40.474937137549745,10.798012646951312,15.108310153508418,28.420971534046345,40.20447360356542,10.60885780603341,15.007352690801003,8,256,65,53,64,1,4,0.037503682076931,0.06573256198316813,33.50390625,33.57421875,
grid,8,14,grid_k8_N64_seed14,ok,64,112,3.5,0,63,0,14,16,15.023203015327454,2.4989871978759766,6.011716677899143,2.9765666442017142,0.19843777628011428,1.0012232065200806,1.2494935989379883,ok,ok,3432,112459776,15.023203015327454,7561681603209033,4404007045141356,585766312819692,7561681603209033,12551454961170081,32477175188547645386784768,42563670092830275916529664,28.927714526321857,40.474937137549745,9.718483737856971,13.597860211325697,28.420971534046345,40.20447360356542,9.548239610025115,13.506995948463926,8,256,65,53,64,1,4,0.033703395165503025,0.047213598154485226,33.50390625,33.546875,
grid,8,15,grid_k8_N64_seed15,ok,64,112,3.5,0,63,0,14,16,15.229706287384033,2.4989960193634033,6.09432995065901,2.8113400986819794,0.18742267324546524,1.0045814514160156,1.2494980096817017,ok,ok,3432,112459776,15.229706287384033,7561681603209033,4404007045141356,585766312819692,7561681603209033,12551454961170081,32477175188547645386784768,42563670092830275916529664,28.927714526321857,40.474937137549745,10.289653158607111,14.397026228354699,28.420971534046345,40.20447360356542,10.109403535833586,14.300821740640414,8,256,65,53,64,1,4,0.022804305888712406,0.04808992054313421,33.50390625,33.50390625,
grid,8,16,grid_k8_N64_seed16,ok,64,112,3.5,0,63,0,14,16,14.967764258384705,2.495990037918091,5.9967243582708125,3.006551283458375,0.20043675223055835,1.0016542673110962,1.2479950189590454,ok,ok,3432,112459776,14.967764258384705,7561681603209033,4404007045141356,585766312819692,7561681603209033,12551454961170081,32477175188547645386784768,42563670092830275916529664,28.927714526321857,40.474937137549745,9.621560319119817,13.46224737965961,28.420971534046345,40.20447360356542,9.453014053149387,13.372289315257921,8,256,65,53,64,1,4,0.022783644497394562,0.04731957148760557,33.50390625,33.50390625,
grid,8,17,grid_k8_N64_seed17,ok,64,112,3.5,0,63,0,14,16,14.98581850528717,2.4988818168640137,5.997009704161885,3.0059805916762308,0.2003987061117487,1.0016469955444336,1.2494409084320068,ok,ok,3432,112459776,14.98581850528717,7561681603209033,4404007045141356,585766312819692,7561681603209033,12551454961170081,32477175188547645386784768,42563670092830275916529664,28.927714526321857,40.474937137549745,9.623386992725338,13.464803215838339,28.420971534046345,40.20447360356542,9.454808727889326,13.374828072707588,8,256,65,53,64,1,4,0.022543487139046192,0.047526976093649864,33.50390625,33.50390625,
grid,8,18,grid_k8_N64_seed18,ok,64,112,3.5,0,63,0,14,16,14.982585549354553,2.499232530593872,5.994874572873123,3.010250854253753,0.2006833902835835,1.001313328742981,1.249616265296936,ok,ok,3432,112459776,14.982585549354553,7561681603209033,4404007045141356,585766312819692,7561681603209033,12551454961170081,32477175188547645386784768,42563670092830275916529664,28.927714526321857,40.474937137549745,9.609735509399297,13.445702400633836,28.420971534046345,40.20447360356542,9.441396385249746,13.355854893871356,8,256,65,53,64,1,4,0.038465529680252075,0.06784606166183949,33.50390625,33.67578125,
grid,8,19,grid_k8_N64_seed19,ok,64,112,3.5,0,63,0,14,16,14.875770211219788,2.4951589107513428,5.961852829141208,3.0762943417175848,0.20508628944783902,1.0026217699050903,1.2475794553756714,ok,ok,3432,112459776,14.875770211219788,7561681603209033,4404007045141356,585766312819692,7561681603209033,12551454961170081,32477175188547645386784768,42563670092830275916529664,28.927714526321857,40.474937137549745,9.40342870772589,13.157043065960785,28.420971534046345,40.20447360356542,9.23870357547714,13.069124452219384,8,256,65,53,64,1,4,0.037613521330058575,0.06739271525293589,33.50390625,33.70703125,
grid,8,20,grid_k8_N64_seed20,ok,64,112,3.5,0,63,0,14,16,14.766946792602539,2.4981906414031982,5.911056805619989,3.1778863887600224,0.21185909258400148,1.0012428760528564,1.2490953207015991,ok,ok,3432,112459776,14.766946792602539,7561681603209033,4404007045141356,585766312819692,7561681603209033,12551454961170081,32477175188547645386784768,42563670092830275916529664,28.927714526321857,40.474937137549745,9.102815830244058,12.736433020609851,28.420971534046345,40.20447360356542,8.943356702294164,12.651325027152017,8,256,65,53,64,1,4,0.022626054473221302,0.04706223960965872,33.50390625,33.51171875,
grid,8,21,grid_k8_N64_seed21,ok,64,112,3.5,0,63,0,14,16,15.06742775440216,2.499204397201538,6.028889742381127,2.9422205152377465,0.19614803434918315,1.0000661611557007,1.249602198600769,ok,ok,3432,112459776,15.06742775440216,7561681603209033,4404007045141356,585766312819692,7561681603209033,12551454961170081,32477175188547645386784768,42563670092830275916529664,28.927714526321857,40.474937137549745,9.83193284680919,13.756595376835364,28.420971534046345,40.20447360356542,9.659701367336087,13.664670406363708,8,256,65,53,64,1,4,0.022638323716819286,0.04713421314954758,33.50390625,33.55078125,
grid,8,22,grid_k8_N64_seed22,ok,64,112,3.5,0,63,0,14,16,15.269380807876587,2.4985885620117188,6.111202556527581,2.777594886944838,0.18517299246298924,1.0065944194793701,1.2492942810058594,ok,ok,3432,112459776,15.269380807876587,7561681603209033,4404007045141356,585766312819692,7561681603209033,12551454961170081,32477175188547645386784768,42563670092830275916529664,28.927714526321857,40.474937137549745,10.414662938172507,14.57193679603485,28.420971534046345,40.20447360356542,10.232223449009673,14.474563512675369,8,256,65,53,64,1,4,0.022876134142279625,0.04682328272610903,33.50390625,33.50390625,
grid,8,23,grid_k8_N64_seed23,ok,64,112,3.5,0,63,0,14,16,15.027248978614807,2.497645378112793,6.016566286911921,2.966867426176158,0.19779116174507716,1.0032057762145996,1.2488226890563965,ok,ok,3432,112459776,15.027248978614807,7561681603209033,4404007045141356,585766312819692,7561681603209033,12551454961170081,32477175188547645386784768,42563670092830275916529664,28.927714526321857,40.474937137549745,9.75025519209171,13.642314038182622,28.420971534046345,40.20447360356542,9.579454505884904,13.551152723862314,8,256,65,53,64,1,4,0.02326212450861931,0.04706618469208479,33.50390625,33.50390625,
grid,8,24,grid_k8_N64_seed24,ok,64,112,3.5,0,63,0,14,16,15.047533869743347,2.486194133758545,6.05243720328267,2.89512559343466,0.193008372895644,1.0077372789382935,1.2430970668792725,ok,ok,3432,112459776,15.047533869743347,7561681603209033,4404007045141356,585766312819692,7561681603209033,12551454961170081,32477175188547645386784768,42563670092830275916529664,28.927714526321857,40.474937137549745,9.991868605604495,13.980373504118665,28.420971534046345,40.20447360356542,9.81683544178436,13.886953192890143,8,256,65,53,64,1,4,0.02260230015963316,0.047694019973278046,33.50390625,33.68359375,
grid,8,25,grid_k8_N64_seed25,ok,64,112,3.5,0,63,0,14,16,14.959238171577454,2.4954311847686768,5.9946506491078235,3.010698701784353,0.20071324678562352,1.0000779628753662,1.2477155923843384,ok,ok,3432,112459776,14.959238171577454,7561681603209033,4404007045141356,585766312819692,7561681603209033,12551454961170081,32477175188547645386784768,42563670092830275916529664,28.927714526321857,40.474937137549745,9.608306041776032,13.443702325165063,28.420971534046345,40.20447360356542,9.4399919584122,13.353868183401216,8,256,65,53,64,1,4,0.022519378922879696,0.047409133054316044,33.50390625,33.51171875,
grid,8,26,grid_k8_N64_seed26,ok,64,112,3.5,0,63,0,14,16,14.915527105331421,2.4982542991638184,5.9703798409648465,3.059240318070307,0.20394935453802043,1.0004465579986572,1.2491271495819092,ok,ok,3432,112459776,14.915527105331421,7561681603209033,4404007045141356,585766312819692,7561681603209033,12551454961170081,32477175188547645386784768,42563670092830275916529664,28.927714526321857,40.474937137549745,9.455849007824511,13.230388243274831,28.420971534046345,40.20447360356542,9.290205599792039,13.141979518930178,8,256,65,53,64,1,4,0.037528068758547306,0.06738889310508966,33.5546875,33.7734375,
grid,8,27,grid_k8_N64_seed27,ok,64,112,3.5,0,63,0,14,16,14.848237872123718,2.4989171028137207,5.941868922104282,3.1162621557914356,0.20775081038609566,1.0013705492019653,1.2494585514068604,ok,ok,3432,112459776,14.848237872123718,7561681603209033,4404007045141356,585766312819692,7561681603209033,12551454961170081,32477175188547645386784768,42563670092830275916529664,28.927714526321857,40.474937137549745,9.282824448052606,12.98829659190542,28.420971534046345,40.20447360356542,9.120212008231471,12.901505583812062,8,256,65,53,64,1,4,0.02280881069600582,0.04697214346379042,33.50390625,33.50390625,
grid,8,28,grid_k8_N64_seed28,ok,64,112,3.5,0,63,0,14,16,15.03109586238861,2.497771978378296,6.017801461664129,2.9643970766717427,0.1976264717781162,1.004197359085083,1.248885989189148,ok,ok,3432,112459776,15.03109586238861,7561681603209033,4404007045141356,585766312819692,7561681603209033,12551454961170081,32477175188547645386784768,42563670092830275916529664,28.927714526321857,40.474937137549745,9.75838046595305,13.65368271884572,28.420971534046345,40.20447360356542,9.587437444768973,13.56244543619127,8,256,65,53,64,1,4,0.0223069004714489,0.04719031322747469,33.50390625,33.5703125,
grid,8,29,grid_k8_N64_seed29,ok,64,112,3.5,0,63,0,14,16,14.854883313179016,2.496960401535034,5.9491865806309185,3.101626838738163,0.20677512258254416,1.0051827430725098,1.248480200767517,ok,ok,3432,112459776,14.854883313179016,7561681603209033,4404007045141356,585766312819692,7561681603209033,12551454961170081,32477175188547645386784768,42563670092830275916529664,28.927714526321857,40.474937137549745,9.326626325586782,13.049583087182787,28.420971534046345,40.20447360356542,9.163246583721486,12.962382547580042,8,256,65,53,64,1,4,0.02283325605094433,0.04721500538289547,33.72265625,33.94140625,
grid,8,30,grid_k8_N64_seed30,ok,64,112,3.5,0,63,0,14,16,15.050312399864197,2.4994304180145264,6.02149685439922,2.9570062912015604,0.1971337527467707,1.007773995399475,1.2497152090072632,ok,ok,3432,112459776,15.050312399864197,7561681603209033,4404007045141356,585766312819692,7561681603209033,12551454961170081,32477175188547645386784768,42563670092830275916529664,28.927714526321857,40.474937137549745,9.782770707115157,13.687808936349274,28.420971534046345,40.20447360356542,9.61140042840344,13.596343613874623,8,256,65,53,64,1,4,0.022636275738477707,0.04735388606786728,33.50390625,33.546875,
grid,8,31,grid_k8_N64_seed31,ok,64,112,3.5,0,63,0,14,16,14.721306681632996,2.497204542160034,5.895114490260917,3.2097710194781666,0.21398473463187773,1.0031263828277588,1.248602271080017,ok,ok,3432,112459776,14.721306681632996,7561681603209033,4404007045141356,585766312819692,7561681603209033,12551454961170081,32477175188547645386784768,42563670092830275916529664,28.927714526321857,40.474937137549745,9.01239195904536,12.60991419385736,28.420971534046345,40.20447360356542,8.854516836739004,12.52565163047105,8,256,65,53,64,1,4,0.03768792748451233,0.06680411845445633,33.50390625,33.52734375,
grid,8,32,grid_k8_N64_seed32,ok,64,112,3.5,0,63,0,14,16,15.018040180206299,2.495488166809082,6.018077096077554,2.9638458078448924,0.19758972052299284,1.0006499290466309,1.247744083404541,ok,ok,3432,112459776,15.018040180206299,7561681603209033,4404007045141356,585766312819692,7561681603209033,12551454961170081,32477175188547645386784768,42563670092830275916529664,28.927714526321857,40.474937137549745,9.760195503340347,13.656222273917946,28.420971534046345,40.20447360356542,9.589220687128845,13.56496802132881,8,256,65,53,64,1,4,0.03857238218188286,0.05271065980195999,33.50390625,33.5859375,
grid,8,33,grid_k8_N64_seed33,ok,64,112,3.5,0,63,0,14,16,14.924267649650574,2.499396800994873,5.971147776019414,3.0577044479611715,0.20384696319741147,1.003859043121338,1.2496984004974365,ok,ok,3432,112459776,14.924267649650574,7561681603209033,4404007045141356,585766312819692,7561681603209033,12551454961170081,32477175188547645386784768,42563670092830275916529664,28.927714526321857,40.474937137549745,9.460598634904166,13.237033803099507,28.420971534046345,40.20447360356542,9.294872024991491,13.148580671481549,8,256,65,53,64,1,4,0.02282145991921425,0.047201198525726795,33.50390625,33.67578125,
grid,8,34,grid_k8_N64_seed34,ok,64,112,3.5,0,63,0,14,16,15.02998423576355,2.499750852584839,6.012592903097509,2.9748141938049812,0.19832094625366536,1.001007080078125,1.2498754262924194,ok,ok,3432,112459776,15.02998423576355,7561681603209033,4404007045141356,585766312819692,7561681603209033,12551454961170081,32477175188547645386784768,42563670092830275916529664,28.927714526321857,40.474937137549745,9.724208855317254,13.605870652976703,28.420971534046345,40.20447360356542,9.553864437393338,13.51495286236391,8,256,65,53,64,1,4,0.037032414227724075,0.06672004889696836,33.5234375,33.7421875,
grid,8,35,grid_k8_N64_seed35,ok,64,112,3.5,0,63,0,14,16,14.879957795143127,2.4981625080108643,5.956361024323889,3.087277951352222,0.20581853009014817,1.0002230405807495,1.2490812540054321,ok,ok,3432,112459776,14.879957795143127,7561681603209033,4404007045141356,585766312819692,7561681603209033,12551454961170081,32477175188547645386784768,42563670092830275916529664,28.927714526321857,40.474937137549745,9.36997412677131,13.110234250149649,28.420971534046345,40.20447360356542,9.205835037171827,13.022628424485049,8,256,65,53,64,1,4,0.022878254763782024,0.04706531297415495,33.5703125,33.7890625,
grid,8,36,grid_k8_N64_seed36,ok,64,112,3.5,0,63,0,14,16,14.950251817703247,2.494204521179199,5.993995957731298,3.0120080845374044,0.20080053896916028,1.0000150203704834,1.2471022605895996,ok,ok,3432,112459776,14.950251817703247,7561681603209033,4404007045141356,585766312819692,7561681603209033,12551454961170081,32477175188547645386784768,42563670092830275916529664,28.927714526321857,40.474937137549745,9.604129110684205,13.43785806729202,28.420971534046345,40.20447360356542,9.435888196963901,13.348062978303783,8,256,65,53,64,1,4,0.02245521079748869,0.04709354415535927,33.546875,33.765625,
grid,8,37,grid_k8_N64_seed37,ok,64,112,3.5,0,63,0,14,16,15.06173551082611,2.496428966522217,6.033312268367348,2.9333754632653033,0.1955583642176869,1.0013015270233154,1.2482144832611084,ok,ok,3432,112459776,15.06173551082611,7561681603209033,4404007045141356,585766312819692,7561681603209033,12551454961170081,32477175188547645386784768,42563670092830275916529664,28.927714526321857,40.474937137549745,9.861579224543185,13.798075849620302,28.420971534046345,40.20447360356542,9.688828412851514,13.705873696376932,8,256,65,53,64,1,4,0.022887881845235825,0.04737906903028488,33.56640625,33.78515625,
grid,8,38,grid_k8_N64_seed38,ok,64,112,3.5,0,63,0,14,16,14.976010084152222,2.492915630340576,6.007427568700444,2.985144862599112,0.19900965750660748,1.000887393951416,1.246457815170288,ok,ok,3432,112459776,14.976010084152222,7561681603209033,4404007045141356,585766312819692,7561681603209033,12551454961170081,32477175188547645386784768,42563670092830275916529664,28.927714526321857,40.474937137549745,9.690556357501196,13.558784916826093,28.420971534046345,40.20447360356542,9.52080144924716,13.468181764740256,8,256,65,53,64,1,4,0.03755860961973667,0.06720964331179857,33.54296875,33.76171875,
grid,8,39,grid_k8_N64_seed39,ok,64,112,3.5,0,63,0,14,16,15.117853283882141,2.4949896335601807,6.059285008855925,2.88142998228815,0.19209533215254337,1.001800775527954,1.2474948167800903,ok,ok,3432,112459776,15.117853283882141,7561681603209033,4404007045141356,585766312819692,7561681603209033,12551454961170081,32477175188547645386784768,42563670092830275916529664,28.927714526321857,40.474937137549745,10.039360561990922,14.046823065750328,28.420971534046345,40.20447360356542,9.863495454946708,13.952958722126905,8,256,65,53,64,1,4,0.03749058581888676,0.06695442739874125,33.5859375,33.8046875,
grid,8,40,grid_k8_N64_seed40,ok,64,112,3.5,0,63,0,14,16,14.860177993774414,2.4979212284088135,5.9490178572365995,3.101964285526801,0.20679761903512006,1.007863998413086,1.2489606142044067,ok,ok,3432,112459776,14.860177993774414,7561681603209033,4404007045141356,585766312819692,7561681603209033,12551454961170081,32477175188547645386784768,42563670092830275916529664,28.927714526321857,40.474937137549745,9.325611729733088,13.048163489953257,28.420971534046345,40.20447360356542,9.162249761112147,12.960972436450074,8,256,65,53,64,1,4,0.022508185356855392,0.04750597104430199,33.515625,33.734375,
grid,9,1,grid_k9_N81_seed1,ok,81,144,3.5555555555555554,0,80,0,16,18,17.07963800430298,2.498070478439331,6.837132159286987,3.3257356814260266,0.19563151067211926,1.0014561414718628,1.2490352392196655,ok,ok,12870,1686896640,17.07963800430298,34204769390823023214,15902650344565430756,1711519348995525849,34204769390823023214,51818939084383979819,2350533854412907635647660949504,2926348438131588862968151932928,35.93163307513526,48.90515179865545,10.804115695607026,14.705062723952146,35.51624246352016,48.68603889415911,10.679213823839216,14.639178683401338,9,512,76,65,75,1,4,0.1504048304632306,0.08835732564330101,33.50390625,33.859375,
grid,9,2,grid_k9_N81_seed2,ok,81,144,3.5555555555555554,0,80,0,16,18,17.08393943309784,2.4909417629241943,6.858425872246194,3.283148255507612,0.193126367971036,1.0007966756820679,1.2454708814620972,ok,ok,12870,1686896640,17.08393943309784,34204769390823023214,15902650344565430756,1711519348995525849,34204769390823023214,51818939084383979819,2350533854412907635647660949504,2926348438131588862968151932928,35.93163307513526,48.90515179865545,10.944261507185523,14.89580975108727,35.51624246352016,48.68603889415911,10.817739468188877,14.829071094333417,9,512,76,65,75,1,4,0.1639117645099759,0.11069046426564455,33.50390625,33.79296875,
grid,9,3,grid_k9_N81_seed3,ok,81,144,3.5555555555555554,0,80,0,16,18,17.084497094154358,2.4867300987243652,6.870265937955352,3.2594681240892953,0.19173341906407615,1.0003725290298462,1.2433650493621826,ok,ok,12870,1686896640,17.084497094154358,34204769390823023214,15902650344565430756,1711519348995525849,34204769390823023214,51818939084383979819,2350533854412907635647660949504,2926348438131588862968151932928,35.93163307513526,48.90515179865545,11.023771887683258,15.004028245350518,35.51624246352016,48.68603889415911,10.896330662366424,14.936804730300018,9,512,76,65,75,1,4,0.19145325478166342,0.08876377064734697,33.62109375,34.05859375,
grid,9,4,grid_k9_N81_seed4,ok,81,144,3.5555555555555554,0,80,0,16,18,17.337278604507446,2.4920763969421387,6.956961121168223,3.0860777576635545,0.18153398574491497,1.0020534992218018,1.2460381984710693,ok,ok,12870,1686896640,17.337278604507446,34204769390823023214,15902650344565430756,1711519348995525849,34204769390823023214,51818939084383979819,2350533854412907635647660949504,2926348438131588862968151932928,35.93163307513526,48.90515179865545,11.643139252051387,15.847025136424678,35.51624246352016,48.68603889415911,11.5085377791677,15.776024688055474,9,512,76,65,75,1,4,0.15223167836666107,0.08848066069185734,33.56640625,34.00390625,
grid,9,5,grid_k9_N81_seed5,ok,81,144,3.5555555555555554,0,80,0,16,18,17.10549831390381,2.4995880126953125,6.843327071111572,3.3133458577768558,0.19490269751628564,1.0002299547195435,1.2497940063476562,ok,ok,12870,1686896640,17.10549831390381,34204769390823023214,15902650344565430756,1711519348995525849,34204769390823023214,51818939084383979819,2350533854412907635647660949504,2926348438131588862968151932928,35.93163307513526,48.90515179865545,10.844516273723439,14.760050383472244,35.51624246352016,48.68603889415911,10.719147347735792,14.693919978165459,9,512,76,65,75,1,4,0.24861498177051544,0.12698620557785034,33.50390625,33.50390625,
grid,9,6,grid_k9_N81_seed6,ok,81,144,3.5555555555555554,0,80,0,16,18,17.11056399345398,2.497986078262329,6.849743536343717,3.3005129273125657,0.1941478192536803,1.0013283491134644,1.2489930391311646,ok,ok,12870,1686896640,17.11056399345398,34204769390823023214,15902650344565430756,1711519348995525849,34204769390823023214,51818939084383979819,2350533854412907635647660949504,2926348438131588862968151932928,35.93163307513526,48.90515179865545,10.886681514800944,14.817439857287985,35.51624246352016,48.68603889415911,10.760825134061562,14.751052326221789,9,512,76,65,75,1,4,0.2532615065574646,0.12711761333048344,33.50390625,33.50390625,
grid,9,7,grid_k9_N81_seed7,ok,81,144,3.5555555555555554,0,80,0,16,18,17.108182549476624,2.4977500438690186,6.849437393253339,3.3011252134933216,0.1941838360878424,1.0009335279464722,1.2488750219345093,ok,ok,12870,1686896640,17.108182549476624,34204769390823023214,15902650344565430756,1711519348995525849,34204769390823023214,51818939084383979819,2350533854412907635647660949504,2926348438131588862968151932928,35.93163307513526,48.90515179865545,10.884662274628363,14.814691547826195,35.51624246352016,48.68603889415911,10.758829237481757,14.748316330188063,9,512,76,65,75,1,4,0.15532209537923336,0.08857141435146332,33.50390625,33.8671875,
grid,9,8,grid_k9_N81_seed8,ok,81,144,3.5555555555555554,0,80,0,16,18,17.23892879486084,2.4948461055755615,6.909816503845561,3.180366992308878,0.18708041131228692,1.0032583475112915,1.2474230527877808,ok,ok,12870,1686896640,17.23892879486084,34204769390823023214,15902650344565430756,1711519348995525849,34204769390823023214,51818939084383979819,2350533854412907635647660949504,2926348438131588862968151932928,35.93163307513526,48.90515179865545,11.297951828210136,15.377203925497719,35.51624246352016,48.68603889415911,11.167340923047416,15.30830844738899,9,512,76,65,75,1,4,0.14985562395304441,0.08839330915361643,33.50390625,33.76171875,
grid,9,9,grid_k9_N81_seed9,ok,81,144,3.5555555555555554,0,80,0,16,18,17.102075219154358,2.497089385986328,6.848803777362255,3.3023924452754905,0.19425837913385235,1.0014065504074097,1.248544692993164,ok,ok,12870,1686896640,17.102075219154358,34204769390823023214,15902650344565430756,1711519348995525849,34204769390823023214,51818939084383979819,2350533854412907635647660949504,2926348438131588862968151932928,35.93163307513526,48.90515179865545,10.880485487586498,14.809006685023382,35.51624246352016,48.68603889415911,10.754700736531433,14.742656937642566,9,512,76,65,75,1,4,0.1513826185837388,0.08850067295134068,33.62109375,34.05859375,
grid,9,10,grid_k9_N81_seed10,ok,81,144,3.5555555555555554,0,80,0,16,18,17.34206211566925,2.4935622215270996,6.954734061157166,3.0905318776856685,0.18179599280503933,1.003259301185608,1.2467811107635498,ok,ok,12870,1686896640,17.34206211566925,34204769390823023214,15902650344565430756,1711519348995525849,34204769390823023214,51818939084383979819,2350533854412907635647660949504,2926348438131588862968151932928,35.93163307513526,48.90515179865545,11.626358988421924,15.824186170594643,35.51624246352016,48.68603889415911,11.49195150516174,15.753288049116465,9,512,76,65,75,1,4,0.2519666189327836,0.12753460463136435,33.546875,33.984375,
grid,9,11,grid_k9_N81_seed11,ok,81,144,3.5555555555555554,0,80,0,16,18,17.134525418281555,2.499401330947876,6.855451826051255,3.2890963478974893,0.19347625575867589,1.0042192935943604,1.249700665473938,ok,ok,12870,1686896640,17.134525418281555,34204769390823023214,15902650344565430756,1711519348995525849,34204769390823023214,51818939084383979819,2350533854412907635647660949504,2926348438131588862968151932928,35.93163307513526,48.90515179865545,10.924469603362052,14.868871758626778,35.51624246352016,48.68603889415911,10.798176370304093,14.802253793897224,9,512,76,65,75,1,4,0.15174368768930435,0.08860851172357798,33.50390625,33.87890625,
grid,9,12,grid_k9_N81_seed12,ok,81,144,3.5555555555555554,0,80,0,16,18,17.153382182121277,2.481114625930786,6.913579083709691,3.172841832580618,0.1866377548576834,1.0007067918777466,1.240557312965393,ok,ok,12870,1686896640,17.153382182121277,34204769390823023214,15902650344565430756,1711519348995525849,34204769390823023214,51818939084383979819,2350533854412907635647660949504,2926348438131588862968151932928,35.93163307513526,48.90515179865545,11.324747646153673,15.413674673747808,35.51624246352016,48.68603889415911,11.193826965724657,15.344615793394441,9,512,76,65,75,1,4,0.15149511024355888,0.08897056058049202,33.50390625,33.76953125,
grid,9,13,grid_k9_N81_seed13,ok,81,144,3.5555555555555554,0,80,0,16,18,17.21730327606201,2.49638032913208,6.896907123942919,3.2061857521141626,0.18859916188906833,1.0004161596298218,1.24819016456604,ok,ok,12870,1686896640,17.21730327606201,34204769390823023214,15902650344565430756,1711519348995525849,34204769390823023214,51818939084383979819,2350533854412907635647660949504,2926348438131588862968151932928,35.93163307513526,48.90515179865545,11.206971726900695,15.253374439209376,35.51624246352016,48.68603889415911,11.077412604712846,15.185033762331294,9,512,76,65,75,1,4,0.24949385598301888,0.12724698334932327,33.5390625,34.1953125,
grid,9,14,grid_k9_N81_seed14,ok,81,144,3.5555555555555554,0,80,0,16,18,16.735692858695984,2.4989871978759766,6.696990233851757,3.606019532296486,0.21211879601744033,1.0012187957763672,1.2494935989379883,ok,ok,12870,1686896640,16.735692858695984,34204769390823023214,15902650344565430756,1711519348995525849,34204769390823023214,51818939084383979819,2350533854412907635647660949504,2926348438131588862968151932928,35.93163307513526,48.90515179865545,9.964347878130399,13.562087326662457,35.51624246352016,48.68603889415911,9.849154211569596,13.501324232471228,9,512,76,65,75,1,4,0.15074207726866007,0.08838065154850483,33.50390625,33.55078125,
grid,9,15,grid_k9_N81_seed15,ok,81,144,3.5555555555555554,0,80,0,16,18,17.307888746261597,2.4989960193634033,6.925936901120244,3.1481261977595114,0.18518389398585366,1.004207968711853,1.2494980096817017,ok,ok,12870,1686896640,17.307888746261597,34204769390823023214,15902650344565430756,1711519348995525849,34204769390823023214,51818939084383979819,2350533854412907635647660949504,2926348438131588862968151932928,35.93163307513526,48.90515179865545,11.413657146497949,15.534685945392132,35.51624246352016,48.68603889415911,11.281708620447521,15.465084890436875,9,512,76,65,75,1,4,0.1511500058695674,0.08878337498754263,33.50390625,33.94140625,
grid,9,16,grid_k9_N81_seed16,ok,81,144,3.5555555555555554,0,80,0,16,18,17.044678926467896,2.4985127449035645,6.821929950621794,3.3561400987564127,0.19742000580920072,1.0016542673110962,1.2492563724517822,ok,ok,12870,1686896640,17.044678926467896,34204769390823023214,15902650344565430756,1711519348995525849,34204769390823023214,51818939084383979819,2350533854412907635647660949504,2926348438131588862968151932928,35.93163307513526,48.90515179865545,10.706237528179887,14.571844547483824,35.51624246352016,48.68603889415911,10.582467185049985,14.50655737291756,9,512,76,65,75,1,4,0.15101413801312447,0.08912815153598785,33.50390625,33.875,
grid,9,17,grid_k9_N81_seed17,ok,81,144,3.5555555555555554,0,80,0,16,18,17.107422351837158,2.4988818168640137,6.846030987294236,3.307938025411527,0.19458458973008985,1.000700831413269,1.2494409084320068,ok,ok,12870,1686896640,17.107422351837158,34204769390823023214,15902650344565430756,1711519348995525849,34204769390823023214,51818939084383979819,2350533854412907635647660949504,2926348438131588862968151932928,35.93163307513526,48.90515179865545,10.862244939025166,14.784180182024832,35.51624246352016,48.68603889415911,10.736671059338159,14.717941666425954,9,512,76,65,75,1,4,0.15019951667636633,0.08854307699948549,33.50390625,33.8984375,
grid,9,18,grid_k9_N81_seed18,ok,81,144,3.5555555555555554,0,80,0,16,18,17.25840163230896,2.499232530593872,6.905480550946569,3.189038898106862,0.18759052341805071,1.001313328742981,1.249616265296936,ok,ok,12870,1686896640,17.25840163230896,34204769390823023214,15902650344565430756,1711519348995525849,34204769390823023214,51818939084383979819,2350533854412907635647660949504,2926348438131588862968151932928,35.93163307513526,48.90515179865545,11.267229476713402,15.335388924759577,35.51624246352016,48.68603889415911,11.136973739832396,15.266680793094448,9,512,76,65,75,1,4,0.1568802548572421,0.09755383897572756,33.78515625,34.22265625,
grid,9,19,grid_k9_N81_seed19,ok,81,144,3.5555555555555554,0,80,0,16,18,16.924762964248657,2.4951589107513428,6.78304010671299,3.4339197865740196,0.2019952815631776,1.0026217699050903,1.2475794553756714,ok,ok,12870,1686896640,16.924762964248657,34204769390823023214,15902650344565430756,1711519348995525849,34204769390823023214,51818939084383979819,2350533854412907635647660949504,2926348438131588862968151932928,35.93163307513526,48.90515179865545,10.463736868758899,14.241786307841377,35.51624246352016,48.68603889415911,10.342769974529395,14.177977914484888,9,512,76,65,75,1,4,0.15172187704592943,0.08846546243876219,33.52734375,33.96484375,
grid,9,20,grid_k9_N81_seed20,ok,81,144,3.5555555555555554,0,80,0,16,18,17.2389475107193,2.4981906414031982,6.900573248900023,3.1988535021999542,0.1881678530705856,1.0012428760528564,1.2490953207015991,ok,ok,12870,1686896640,17.2389475107193,34204769390823023214,15902650344565430756,1711519348995525849,34204769390823023214,51818939084383979819,2350533854412907635647660949504,2926348438131588862968151932928,35.93163307513526,48.90515179865545,11.232659779644152,15.28833745122176,35.51624246352016,48.68603889415911,11.102803688601087,15.219840127306911,9,512,76,65,75,1,4,0.1784080984070897,0.08934259787201881,33.50390625,33.92578125,
grid,9,21,grid_k9_N81_seed21,ok,81,144,3.5555555555555554,0,80,0,16,18,17.286493062973022,2.499204397201538,6.9167984348656795,3.166403130268641,0.1862590076628612,1.0000661611557007,1.249602198600769,ok,ok,12870,1686896640,17.286493062973022,34204769390823023214,15902650344565430756,1711519348995525849,34204769390823023214,51818939084383979819,2350533854412907635647660949504,2926348438131588862968151932928,35.93163307513526,48.90515179865545,11.347775882247433,15.445017512506782,35.51624246352016,48.68603889415911,11.216588981993244,15.375818204812264,9,512,76,65,75,1,4,0.2528733005747199,0.12670095823705196,33.50390625,33.94140625,
grid,9,22,grid_k9_N81_seed22,ok,81,144,3.5555555555555554,0,80,0,16,18,17.117132544517517,2.4985885620117188,6.850720764820837,3.2985584703583264,0.19403285119754865,1.0057332515716553,1.2492942810058594,ok,ok,12870,1686896640,17.117132544517517,34204769390823023214,15902650344565430756,1711519348995525849,34204769390823023214,51818939084383979819,2350533854412907635647660949504,2926348438131588862968151932928,35.93163307513526,48.90515179865545,10.893132075124914,14.826219464693263,35.51624246352016,48.68603889415911,10.767201122150182,14.759792597785992,9,512,76,65,75,1,4,0.1510966271162033,0.08806225843727589,33.55859375,33.99609375,
grid,9,23,grid_k9_N81_seed23,ok,81,144,3.5555555555555554,0,80,0,16,18,16.995320916175842,2.497645378112793,6.80453721137042,3.3909255772591607,0.1994662104270094,1.0032057762145996,1.2488226890563965,ok,ok,12870,1686896640,16.995320916175842,34204769390823023214,15902650344565430756,1711519348995525849,34204769390823023214,51818939084383979819,2350533854412907635647660949504,2926348438131588862968151932928,35.93163307513526,48.90515179865545,10.596408637248333,14.422360704886017,35.51624246352016,48.68603889415911,10.473907980082375,14.3577432724169,9,512,76,65,75,1,4,0.24711153749376535,0.12830273993313313,33.5078125,33.9453125,
grid,9,24,grid_k9_N81_seed24,ok,81,144,3.5555555555555554,0,80,0,16,18,16.956565380096436,2.491300106048584,6.806311828481798,3.3873763430364043,0.1992574319433179,1.0057843923568726,1.245650053024292,ok,ok,12870,1686896640,16.956565380096436,34204769390823023214,15902650344565430756,1711519348995525849,34204769390823023214,51818939084383979819,2350533854412907635647660949504,2926348438131588862968151932928,35.93163307513526,48.90515179865545,10.607511370563143,14.437472204466495,35.51624246352016,48.68603889415911,10.48488235933177,14.372787066971577,9,512,76,65,75,1,4,0.152762308716774,0.08907603845000267,33.50390625,33.8984375,
grid,9,25,grid_k9_N81_seed25,ok,81,144,3.5555555555555554,0,80,0,16,18,17.059805512428284,2.4954311847686768,6.8364159334691115,3.327168133061777,0.19571577253304573,1.0000779628753662,1.2477155923843384,ok,ok,12870,1686896640,17.059805512428284,34204769390823023214,15902650344565430756,1711519348995525849,34204769390823023214,51818939084383979819,2350533854412907635647660949504,2926348438131588862968151932928,35.93163307513526,48.90515179865545,10.799464180389858,14.698731727047173,35.51624246352016,48.68603889415911,10.674616082847868,14.632876051669955,9,512,76,65,75,1,4,0.15800104942172766,0.08902419544756413,33.50390625,33.71875,
grid,9,26,grid_k9_N81_seed26,ok,81,144,3.5555555555555554,0,80,0,16,18,17.200150847434998,2.4982542991638184,6.884867906838786,3.2302641863224277,0.1900155403719075,1.0004465579986572,1.2491271495819092,ok,ok,12870,1686896640,17.200150847434998,34204769390823023214,15902650344565430756,1711519348995525849,34204769390823023214,51818939084383979819,2350533854412907635647660949504,2926348438131588862968151932928,35.93163307513526,48.90515179865545,11.123434803653783,15.139675573821318,35.51624246352016,48.68603889415911,10.994841416966109,15.071844309299948,9,512,76,65,75,1,4,0.1552420984953642,0.08912180829793215,33.50390625,33.59765625,
grid,9,27,grid_k9_N81_seed27,ok,81,144,3.5555555555555554,0,80,0,16,18,17.19075119495392,2.4989171028137207,6.87928029929346,3.2414394014130803,0.19067290596547526,1.0013705492019653,1.2494585514068604,ok,ok,12870,1686896640,17.19075119495392,34204769390823023214,15902650344565430756,1711519348995525849,34204769390823023214,51818939084383979819,2350533854412907635647660949504,2926348438131588862968151932928,35.93163307513526,48.90515179865545,11.085085551644477,15.087479894683712,35.51624246352016,48.68603889415911,10.956935504651769,15.019882485828614,9,512,76,65,75,1,4,0.15181786008179188,0.0884297601878643,33.50390625,33.8671875,
grid,9,28,grid_k9_N81_seed28,ok,81,144,3.5555555555555554,0,80,0,16,18,17.517838835716248,2.49985408782959,7.0075445286990705,2.984910942601859,0.17558299662363874,1.004197359085083,1.249927043914795,ok,ok,12870,1686896640,17.517838835716248,34204769390823023214,15902650344565430756,1711519348995525849,34204769390823023214,51818939084383979819,2350533854412907635647660949504,2926348438131588862968151932928,35.93163307513526,48.90515179865545,12.037757161295644,16.384124263361194,35.51624246352016,48.68603889415911,11.898593675482223,16.310717415147042,9,512,76,65,75,1,4,0.2508213138207793,0.12699228711426258,33.50390625,33.87890625,
grid,9,29,grid_k9_N81_seed29,ok,81,144,3.5555555555555554,0,80,0,16,18,17.106942534446716,2.496960401535034,6.851106859335868,3.297786281328264,0.1939874283134273,1.0051827430725098,1.248480200767517,ok,ok,12870,1686896640,17.106942534446716,34204769390823023214,15902650344565430756,1711519348995525849,34204769390823023214,51818939084383979819,2350533854412907635647660949504,2926348438131588862968151932928,35.93163307513526,48.90515179865545,10.895682742868017,14.829691079604379,35.51624246352016,48.68603889415911,10.76972230268819,14.763248658597009,9,512,76,65,75,1,4,0.16893138736486435,0.08902954962104559,33.50390625,33.9375,
grid,9,30,grid_k9_N81_seed30,ok,81,144,3.5555555555555554,0,80,0,16,18,17.250314474105835,2.4994304180145264,6.901698222833095,3.1966035543338105,0.1880355031961065,1.003984808921814,1.2497152090072632,ok,ok,12870,1686896640,17.250314474105835,34204769390823023214,15902650344565430756,1711519348995525849,34204769390823023214,51818939084383979819,2350533854412907635647660949504,2926348438131588862968151932928,35.93163307513526,48.90515179865545,11.240565952077722,15.29909823579845,35.51624246352016,48.68603889415911,11.110618461075301,15.230552699646719,9,512,76,65,75,1,4,0.15075239073485136,0.08947614766657352,33.50390625,33.83984375,
grid,9,31,grid_k9_N81_seed31,ok,81,144,3.5555555555555554,0,80,0,16,18,17.330729365348816,2.497204542160034,6.940051995243476,3.119896009513049,0.18352329467723816,1.0031263828277588,1.248602271080017,ok,ok,12870,1686896640,17.330729365348816,34204769390823023214,15902650344565430756,1711519348995525849,34204769390823023214,51818939084383979819,2350533854412907635647660949504,2926348438131588862968151932928,35.93163307513526,48.90515179865545,11.516932925191774,15.675250601153381,35.51624246352016,48.68603889415911,11.383790470972624,15.605019765308779,9,512,76,65,75,1,4,0.16417643800377846,0.08871373161673546,33.58984375,34.02734375,
grid,9,32,grid_k9_N81_seed32,ok,81,144,3.5555555555555554,0,80,0,16,18,17.11506474018097,2.495488166809082,6.8584034850646365,3.283193029870727,0.19312900175710157,1.0006499290466309,1.247744083404541,ok,ok,12870,1686896640,17.11506474018097,34204769390823023214,15902650344565430756,1711519348995525849,34204769390823023214,51818939084383979819,2350533854412907635647660949504,2926348438131588862968151932928,35.93163307513526,48.90515179865545,10.944112255425335,14.895606610306752,35.51624246352016,48.68603889415911,10.817591941865988,14.82886886369763,9,512,76,65,75,1,4,0.1503069018945098,0.08867470920085907,33.5703125,34.0078125,
grid,9,33,grid_k9_N81_seed33,ok,81,144,3.5555555555555554,0,80,0,16,18,17.115054488182068,2.499396800994873,6.847673999330359,3.3046520013392815,0.1943912941964283,1.0028612613677979,1.2496984004974365,ok,ok,12870,1686896640,17.115054488182068,34204769390823023214,15902650344565430756,1711519348995525849,34204769390823023214,51818939084383979819,2350533854412907635647660949504,2926348438131588862968151932928,35.93163307513526,48.90515179865545,10.873045954785312,14.79888102554689,35.51624246352016,48.68603889415911,10.747347209063596,14.732576644811026,9,512,76,65,75,1,4,0.1511470153927803,0.08848706819117069,33.546875,33.984375,
grid,9,34,grid_k9_N81_seed34,ok,81,144,3.5555555555555554,0,80,0,16,18,17.086748838424683,2.499750852584839,6.835380742347312,3.3292385153053754,0.19583755972384564,1.0004801750183105,1.2498754262924194,ok,ok,12870,1686896640,17.086748838424683,34204769390823023214,15902650344565430756,1711519348995525849,34204769390823023214,51818939084383979819,2350533854412907635647660949504,2926348438131588862968151932928,35.93163307513526,48.90515179865545,10.792748224540896,14.68959090008894,35.51624246352016,48.68603889415911,10.66797776736114,14.623776178948047,9,512,76,65,75,1,4,0.15248877089470625,0.08969427179545164,33.50390625,33.91796875,
grid,9,35,grid_k9_N81_seed35,ok,81,144,3.5555555555555554,0,80,0,16,18,17.15653705596924,2.4981625080108643,6.867662532342602,3.2646749353147957,0.1920397020773409,1.0002230405807495,1.2490812540054321,ok,ok,12870,1686896640,17.15653705596924,34204769390823023214,15902650344565430756,1711519348995525849,34204769390823023214,51818939084383979819,2350533854412907635647660949504,2926348438131588862968151932928,35.93163307513526,48.90515179865545,11.00619013747859,14.980098407236916,35.51624246352016,48.68603889415911,10.878952167437005,14.912982106582863,9,512,76,65,75,1,4,0.18306743819266558,0.08834132645279169,33.5625,34.0,
grid,9,36,grid_k9_N81_seed36,ok,81,144,3.5555555555555554,0,80,0,16,18,17.272005915641785,2.494204521179199,6.924855507629342,3.150288984741316,0.1853111167494892,1.0000150203704834,1.2471022605895996,ok,ok,12870,1686896640,17.272005915641785,34204769390823023214,15902650344565430756,1711519348995525849,34204769390823023214,51818939084383979819,2350533854412907635647660949504,2926348438131588862968151932928,35.93163307513526,48.90515179865545,11.405821259310839,15.524020823337663,35.51624246352016,48.68603889415911,11.273963320681373,15.454467552016323,9,512,76,65,75,1,4,0.25077277049422264,0.12732617184519768,33.52734375,33.96484375,
grid,9,37,grid_k9_N81_seed37,ok,81,144,3.5555555555555554,0,80,0,16,18,17.290583729743958,2.497422695159912,6.923370946878028,3.1532581062439444,0.1854857709555261,1.0013015270233154,1.248711347579956,ok,ok,12870,1686896640,17.290583729743958,34204769390823023214,15902650344565430756,1711519348995525849,34204769390823023214,51818939084383979819,2350533854412907635647660949504,2926348438131588862968151932928,35.93163307513526,48.90515179865545,11.395081488567333,15.509403338031733,35.51624246352016,48.68603889415911,11.263347707944504,15.439915558372192,9,512,76,65,75,1,4,0.14913844596594572,0.08899700362235308,33.50390625,33.72265625,
grid,9,38,grid_k9_N81_seed38,ok,81,144,3.5555555555555554,0,80,0,16,18,17.11868107318878,2.494809627532959,6.86171837893576,3.2765632421284803,0.19273901424285178,1.000887393951416,1.2474048137664795,ok,ok,12870,1686896640,17.11868107318878,34204769390823023214,15902650344565430756,1711519348995525849,34204769390823023214,51818939084383979819,2350533854412907635647660949504,2926348438131588862968151932928,35.93163307513526,48.90515179865545,10.966256537686665,14.925746333797695,35.51624246352016,48.68603889415911,10.839480223323429,14.858873550242324,9,512,76,65,75,1,4,0.15151566173881292,0.08870330173522234,33.50390625,33.8046875,
grid,9,39,grid_k9_N81_seed39,ok,81,144,3.5555555555555554,0,80,0,16,18,17.18778705596924,2.4949896335601807,6.888921230283203,3.222157539433594,0.18953867879021136,1.0015339851379395,1.2474948167800903,ok,ok,12870,1686896640,17.18778705596924,34204769390823023214,15902650344565430756,1711519348995525849,34204769390823023214,51818939084383979819,2350533854412907635647660949504,2926348438131588862968151932928,35.93163307513526,48.90515179865545,11.151420324858321,15.177765581025014,35.51624246352016,48.68603889415911,11.022503409241551,15.109763659388726,9,512,76,65,75,1,4,0.2499020528048277,0.12949604075402021,33.6171875,34.0546875,
grid,9,40,grid_k9_N81_seed40,ok,81,144,3.5555555555555554,0,80,0,16,18,17.178542613983154,2.4979212284088135,6.877135443108412,3.2457291137831756,0.1909252419872456,1.007863998413086,1.2489606142044067,ok,ok,12870,1686896640,17.178542613983154,34204769390823023214,15902650344565430756,1711519348995525849,34204769390823023214,51818939084383979819,2350533854412907635647660949504,2926348438131588862968151932928,35.93163307513526,48.90515179865545,11.07043496715407,15.06753955250822,35.51624246352016,48.68603889415911,10.942454289453297,15.000031483653716,9,512,76,65,75,1,4,0.2512500761076808,0.12965038884431124,33.63671875,34.07421875,
mtn_knn,20,1,mtnknn_N20_seed1,ok,20,50,5.0,0,19,0,5,7,7.47469174861908,8.977804183959961,0.8325746023703222,4.334850795259356,0.7224751325432259,0.1059250682592392,4.4889020919799805,ok,ok,13,832,7.47469174861908,501068,416232,65803,501068,983103,8209498112,11888799744,11.233519817460383,16.475030155054554,2.5914432463847414,3.800599128595578,10.559547741938095,16.104725186417657,2.435965674640092,3.7151740502879536,5,30,28,19,27,1,4,9.156297892332077e-05,0.0037246253341436386,56.4140625,56.4140625,
mtn_knn,20,2,mtnknn_N20_seed2,ok,20,48,4.8,0,19,0,5,7,9.302945613861084,11.712918281555176,0.7942466079107564,4.411506784178487,0.7352511306964145,0.10564838349819183,5.856459140777588,ok,ok,6,384,9.302945613861084,391584,329628,52879,391584,774091,6415712256,9332617216,11.767685247492306,17.00613877606498,2.667497937370551,3.854950158312376,11.086195861557341,16.631373306036902,2.5130179786455478,3.7699983519653606,5,24,28,19,27,1,4,0.0001076841726899147,0.003658565692603588,56.375,56.375,
mtn_knn,20,3,mtnknn_N20_seed3,ok,20,49,4.9,0,19,0,4,6,7.703580170869827,17.731338500976562,0.4344612884382952,4.1310774231234095,0.8262154846246819,0.053530242294073105,8.865669250488281,ok,ok,4,128,7.703580170869827,419185,229087,23982,419185,672254,1716981760,2210709504,12.032097163160866,16.664549079567266,2.9125808913219746,4.0339474119484295,11.559773267786124,16.411803531705743,2.7982465792292155,3.9727659035974128,5,16,25,19,24,1,4,6.325356662273407e-05,0.0035988185554742813,56.30859375,56.30859375,
mtn_knn,20,4,mtnknn_N20_seed4,ok,20,51,5.1,0,19,0,6,8,3.042272299528122,16.075868606567383,0.18924466067639292,6.621510678647214,0.9459300969496021,0.07314811646938324,8.037934303283691,ok,ok,165,21120,3.042272299528122,291791,390854,97167,291791,779812,19122814976,33522302976,8.460862670072821,14.277501076914655,1.2777843426813578,2.156230167075948,7.477847597651405,13.716172222690913,1.1293265178542524,2.071456634046107,5,30,31,20,30,1,4,0.00032597873359918594,0.0040056174620985985,56.421875,56.421875,
mtn_knn,20,5,mtnknn_N20_seed5,ok,20,49,4.9,0,19,0,3,5,16.65324902534485,16.554241180419922,1.0059808144538833,1.9880383710922334,0.49700959277305834,0.1213267594575882,8.277120590209961,ok,ok,1,16,16.65324902534485,212130,79518,5511,212130,297159,217221120,259345152,12.60202262806961,16.601081643461125,6.338923237757241,8.35048351422938,12.264954573266396,16.423837656626066,6.169375174850372,8.261328300018057,5,28,22,18,21,1,4,5.6196004152297974e-05,0.003569064661860466,56.8046875,56.8046875,
mtn_knn,20,6,mtnknn_N20_seed6,ok,20,49,4.9,0,19,0,6,8,2.307960480451584,17.06820297241211,0.13521988718917952,6.729560225621641,0.9613657465173773,0.04942174628376961,8.534101486206055,ok,ok,162,20736,2.307960480451584,204047,272640,68102,204047,544789,13372424192,23422074880,8.120557507485476,13.937318186403525,1.206699581432952,2.0710592845784466,7.138509303214635,13.376833928254142,1.0607690642303773,1.9877723773574612,5,24,30,19,29,1,4,0.000266488641500473,0.0037120869383215904,56.65625,56.65625,
mtn_knn,20,7,mtnknn_N20_seed7,ok,20,48,4.8,0,19,0,5,7,10.858452573418617,12.485223770141602,0.8697042819037488,4.260591436192502,0.7100985726987503,0.16109712421894073,6.242611885070801,ok,ok,6,384,10.858452573418617,409070,352155,57084,409070,818309,6702202880,9820872704,11.823235825638276,17.057133272837447,2.775022201190961,4.0034660746726365,11.129882100296795,16.675059544776357,2.6122857042221037,3.9137898562923703,4,16,28,19,27,1,4,0.00018215831369161606,0.005112608894705772,56.24609375,56.24609375,
mtn_knn,20,8,mtnknn_N20_seed8,ok,20,52,5.2,0,19,0,4,6,12.028059005737305,14.571126937866211,0.8254721173610672,3.349055765277866,0.6698111530555731,0.19624380767345428,7.2855634689331055,ok,ok,4,128,12.028059005737305,529006,291173,30250,529006,850429,2166808576,2794106880,12.267201845907785,16.898748086530066,3.6628837217614962,5.045824635627709,11.792460691811232,16.644490955730852,3.5211299895547814,4.969905586015193,5,30,26,20,25,1,4,8.580926805734634e-05,0.00385845173150301,55.7890625,55.7890625,
mtn_knn,20,9,mtnknn_N20_seed9,ok,20,49,4.9,0,19,0,5,7,10.071031957864761,16.951908111572266,0.594094298504942,4.8118114029901164,0.8019685671650193,0.07042234390974045,8.475954055786133,ok,ok,7,448,10.071031957864761,452384,376844,59747,452384,888975,7411859456,10743689216,11.751914243560497,16.992791137049554,2.4423056639871046,3.5314748883320806,11.076376506611446,16.62155395109101,2.301914098239273,3.4543236546557456,6,60,28,19,27,1,4,8.95792618393898e-05,0.003730696626007557,56.64453125,56.64453125,
mtn_knn,20,10,mtnknn_N20_seed10,ok,20,46,4.6,0,19,0,5,7,15.866718292236328,16.66048240661621,0.9523564747402115,4.095287050519577,0.6825478417532629,0.15696141123771667,8.330241203308105,ok,ok,17,1088,15.866718292236328,285922,244307,40164,285922,570393,4684546048,6850420736,10.420867531860942,15.655479481232316,2.5446000251774357,3.822803942215986,9.7302609812762,15.275438425755762,2.3759655577846983,3.730004328711888,4,12,27,19,26,1,4,0.00010297168046236038,0.0034381337463855743,55.8515625,55.8515625,
mtn_knn,20,11,mtnknn_N20_seed11,ok,20,50,5.0,0,19,0,4,6,9.240429520606995,8.80259895324707,1.0497387839302186,2.900522432139563,0.5801044864279126,0.17173749208450317,4.401299476623535,ok,ok,5,160,9.240429520606995,424758,244177,26242,424758,695177,1739808768,2266755072,11.842483855947329,16.466441346818904,4.082879596008417,5.677060506190423,11.349836961531302,16.20186722545092,3.9130319544397127,5.585844483022893,6,32,25,19,24,1,4,7.344316691160202e-05,0.0038723554462194443,56.19140625,56.19140625,
mtn_knn,20,12,mtnknn_N20_seed12,ok,20,50,5.0,0,19,0,5,7,14.768841572105885,16.315547943115234,0.9052004642196512,4.189599071560698,0.698266511926783,0.11113763600587845,8.157773971557617,ok,ok,27,1728,14.768841572105885,503289,425696,67851,503289,996836,8245886976,12011106304,10.516504675928669,15.754377634669257,2.5101458388501814,3.7603544791698837,9.833082970769246,15.378260415248807,2.347022424536258,3.6705804428012105,4,16,28,19,27,1,4,0.00013780314475297928,0.00350783858448267,55.90625,55.90625,
mtn_knn,20,13,mtnknn_N20_seed13,ok,20,52,5.2,0,19,0,4,6,7.724549889564514,15.652386665344238,0.4935062016240212,4.012987596751958,0.8025975193503916,0.19684039056301117,7.826193332672119,ok,ok,2,64,7.724549889564514,599215,320202,32290,599215,951707,2454384640,3143223296,13.07286531273245,17.70963155437649,3.2576391024266806,4.413079065758976,12.61022856368971,17.462258827609325,3.1423542335132577,4.3514360327809065,6,40,26,20,25,1,4,8.763745427131653e-05,0.003984546288847923,55.91015625,55.91015625,
mtn_knn,20,14,mtnknn_N20_seed14,ok,20,49,4.9,0,19,0,5,7,25.594350576400757,25.77793312072754,0.9928783062836343,4.014243387432732,0.6690405645721219,0.11382671445608139,12.88896656036377,ok,ok,8,512,25.594350576400757,435257,355949,56043,435257,847249,7131250688,10276737024,11.570308367499594,16.814824011431938,2.882313614496421,4.188790361858374,10.90425039853236,16.44942784301192,2.716389951010435,4.097765445540657,6,18,28,19,27,1,4,0.00011031050235033035,0.0035161329433321953,56.30859375,56.30859375,
mtn_knn,20,15,mtnknn_N20_seed15,ok,20,49,4.9,0,19,0,7,9,18.080402582883835,23.11025619506836,0.7823540522559037,6.435291895488192,0.804411486936024,0.27427512407302856,11.55512809753418,ok,ok,57,14592,18.080402582883835,31671,85215,38391,31671,155277,8302362624,21987655680,7.909914629883533,14.225518315057492,1.229146207871193,2.2105474850381004,6.320105446823255,13.251577252422706,0.9821008198951013,2.0592037575969844,4,8,32,19,31,1,4,0.0006765592843294144,0.0048046838492155075,56.171875,56.171875,
mtn_knn,20,16,mtnknn_N20_seed16,ok,20,52,5.2,0,19,0,4,6,8.335237324237823,12.998797416687012,0.6412314198802411,3.7175371602395177,0.7435074320479036,0.12075670808553696,6.499398708343506,ok,ok,3,96,8.335237324237823,581096,320652,32886,581096,934634,2380169216,3070539776,12.649297999118303,17.280771014423966,3.4026016294893795,4.648446073182112,12.17405896587458,17.026089229794195,3.2747645661974274,4.5799378717433505,5,30,26,20,25,1,4,7.150322198867798e-05,0.004122191108763218,56.71484375,56.71484375,
mtn_knn,20,17,mtnknn_N20_seed17,ok,20,54,5.4,0,19,0,5,7,13.383262634277344,13.10734748840332,1.0210504181809583,3.9578991636380834,0.6596498606063472,0.17761404812335968,6.55367374420166,ok,ok,28,1792,13.383262634277344,661603,569158,91260,661603,1322021,10839703552,15876046848,10.762467674115092,15.996989729197239,2.7192374613764234,4.041788097120917,10.070216446968045,15.615393891447606,2.5443337565254054,3.945374362972402,5,28,29,20,28,1,4,0.00016185175627470016,0.004010438919067383,56.55078125,56.55078125,
mtn_knn,20,18,mtnknn_N20_seed18,ok,20,51,5.1,0,19,0,5,7,7.090021908283234,17.76708984375,0.3990536419095848,5.20189271618083,0.8669821193634717,0.08357049524784088,8.883544921875,ok,ok,32,2048,7.090021908283234,488023,424244,68989,488023,981256,7995768832,11753754624,10.330852759910016,15.562819582802444,1.985979589270501,2.99176096700212,9.63238191207246,15.177559356552024,1.8517071453838911,2.917699419163572,5,32,28,19,27,1,4,0.00011926703155040741,0.004079606384038925,56.3125,56.3125,
mtn_knn,20,19,mtnknn_N20_seed19,ok,20,52,5.2,0,19,0,4,6,9.658672362565994,18.425731658935547,0.5241947805031681,3.9516104389936637,0.7903220877987327,0.12900260090827942,9.212865829467773,ok,ok,6,192,9.658672362565994,487016,271238,28606,487016,786860,1994817536,2579605504,11.784046151622785,16.413406946734575,2.982087008208169,4.153599450181251,11.30429278650643,16.156323050426046,2.8606799584690936,4.08854144401453,5,16,26,19,25,1,4,8.002575486898422e-05,0.0036324122920632362,56.6484375,56.6484375,
mtn_knn,20,20,mtnknn_N20_seed20,ok,20,50,5.0,0,19,0,6,8,7.500052556395531,13.470488548278809,0.5567765808578524,5.886446838284295,0.8409209768977565,0.19385899603366852,6.735244274139404,ok,ok,102,13056,7.500052556395531,259511,361757,90892,259511,712160,17007312896,30350540800,8.85108507096541,14.659077095870169,1.5036379863994849,2.490309943942823,7.841581556615432,14.07990618165494,1.3321417439150771,2.3919193646805734,5,28,31,19,30,1,4,0.0005253078415989876,0.0053789047524333,55.921875,55.921875,
mtn_knn,20,21,mtnknn_N20_seed21,ok,20,54,5.4,0,19,0,5,7,9.965148031711578,16.728256225585938,0.5957075200982301,4.8085849598035395,0.8014308266339233,0.06163090094923973,8.364128112792969,ok,ok,57,3648,9.965148031711578,802674,651836,99548,802674,1554058,13151010816,18898599936,10.213328864416017,15.460419327613597,2.1239780413141114,3.2151702542124263,9.55265266507908,15.09783010955864,1.986582902232711,3.1397656973446675,5,32,29,20,28,1,4,0.00017557479441165924,0.004427950829267502,56.390625,56.390625,
mtn_knn,20,22,mtnknn_N20_seed22,ok,20,51,5.1,0,19,0,5,7,4.34784322977066,8.351808547973633,0.5205870327122814,4.9588259345754375,0.8264709890959062,0.21652522683143616,4.175904273986816,ok,ok,27,1728,4.34784322977066,552368,460375,72676,552368,1085419,9049997312,13119070208,10.601639779521157,15.842612800294393,2.1379334381554256,3.1948313994713344,9.926132903798063,15.471310348277626,2.001710290854949,3.1199543102337675,5,32,28,20,27,1,4,0.00011830590665340424,0.003952138125896454,56.0859375,56.0859375,
mtn_knn,20,23,mtnknn_N20_seed23,ok,20,50,5.0,0,19,0,4,6,5.894418269395828,15.863533020019531,0.3715703344240633,4.256859331151873,0.8513718662303746,0.16645824909210205,7.931766510009766,ok,ok,1,32,5.894418269395828,463081,258027,27035,463081,748143,1896779776,2452902912,13.52534941515531,18.154802119349092,3.1773071090642437,4.264834871683801,13.045657263771423,17.89768752769104,3.0646202396923856,4.204434804015021,4,16,25,19,24,1,4,0.00010281428694725037,0.005185380578041077,55.73046875,55.73046875,
mtn_knn,20,24,mtnknn_N20_seed24,ok,20,48,4.8,0,19,0,5,7,18.88710880279541,22.918188095092773,0.8241100354194014,4.351779929161197,0.7252966548601996,0.16677555441856384,11.459094047546387,ok,ok,25,1600,18.88710880279541,374610,323718,52952,374610,751280,6137610240,9006399488,10.310657872610294,15.5434423075977,2.3692967108742713,3.571743645270612,9.614764938909099,15.159942383388664,2.2093867556308937,3.483618801999193,5,16,28,19,27,1,4,0.00012011360377073288,0.0033574914559721947,56.78125,56.78125,
mtn_knn,20,25,mtnknn_N20_seed25,ok,20,48,4.8,0,19,0,4,6,9.867614388465881,18.51360511779785,0.532992592511318,3.934014814977364,0.7868029629954728,0.019733337685465813,9.256802558898926,ok,ok,3,96,9.867614388465881,358514,205545,22236,358514,586295,1468473344,1912199168,12.182966066190525,16.80717162204676,3.096827703802286,4.272269529351903,11.691110701195115,16.54314096511473,2.971801391465371,4.205154719329626,4,16,25,19,24,1,4,9.172968566417694e-05,0.0035612983629107475,56.38671875,56.38671875,
mtn_knn,20,26,mtnknn_N20_seed26,ok,20,49,4.9,0,19,0,4,6,7.491461634635925,17.146329879760742,0.4369134203745099,4.12617315925098,0.825234631850196,0.1519632786512375,8.573164939880371,ok,ok,4,128,7.491461634635925,412041,225732,23703,412041,661476,1687719936,2174290944,12.01593461957994,16.647938181658372,2.9121256321102096,4.0347163192444535,11.542583776823633,16.394614040743253,2.7974065390214857,3.9733218670152346,5,14,25,19,24,1,4,6.394553929567337e-05,0.0034634750336408615,56.4296875,56.4296875,
mtn_knn,20,27,mtnknn_N20_seed27,ok,20,49,4.9,0,19,0,4,6,8.832448422908783,11.504792213439941,0.7677190738473906,3.464561852305219,0.6929123704610438,0.12645959854125977,5.752396106719971,ok,ok,3,96,8.832448422908783,408997,225819,23801,408997,658617,1675251712,2162101248,12.299285172252343,16.92999819431137,3.550026149502499,4.886620275821209,11.822850811366603,16.67488107528622,3.412509666554234,4.812984090381079,5,24,25,19,24,1,4,7.673446089029312e-05,0.0036178259178996086,56.65625,56.65625,
mtn_knn,20,28,mtnknn_N20_seed28,ok,20,50,5.0,0,19,0,4,6,6.186055839061737,12.317535400390625,0.502215389522287,3.995569220955426,0.7991138441910852,0.21207404136657715,6.1587677001953125,ok,ok,2,64,6.186055839061737,460144,242070,24326,460144,726540,1884749824,2405419008,12.802901638416522,17.4421068656699,3.204274767977884,4.365362205262738,12.346147582395707,17.198177846315325,3.0899596276906647,4.304312325792437,5,16,25,19,24,1,4,8.619949221611023e-05,0.003645864315330982,56.60546875,56.60546875,
mtn_knn,20,29,mtnknn_N20_seed29,ok,20,48,4.8,0,19,0,6,8,15.355268031358719,19.988527297973633,0.768204070387686,5.463591859224628,0.7805131227463754,0.2027941197156906,9.994263648986816,ok,ok,107,13696,15.355268031358719,194931,269164,68550,194931,532645,12774998016,22718087168,8.512781605506252,14.321568137324235,1.5580925195086501,2.6212734234794572,7.5075720943118105,13.745896719351318,1.3741092467652325,2.5159084121818136,6,56,30,19,29,1,4,0.00027732178568840027,0.003999699838459492,56.3359375,56.3359375,
mtn_knn,20,30,mtnknn_N20_seed30,ok,20,52,5.2,0,19,0,6,8,14.779917776584625,15.091630935668945,0.9793452967135853,5.04130940657283,0.7201870580818328,0.18340006470680237,7.545815467834473,ok,ok,161,20608,14.779917776584625,277728,406131,107209,277728,791068,18201182208,33265795072,8.49973484520058,14.294360902107925,1.686017294260629,2.8354460615869006,7.4529931314595075,13.691317756499014,1.478384389925034,2.715825721517579,5,32,31,20,30,1,4,0.0007502883672714233,0.0059539517387747765,56.84765625,56.84765625,
mtn_knn,20,31,mtnknn_N20_seed31,ok,20,51,5.1,0,19,0,6,8,7.758787393569946,11.509230613708496,0.6741360612175548,5.65172787756489,0.8073896967949843,0.15411488711833954,5.754615306854248,ok,ok,67,8576,7.758787393569946,272754,366286,91509,272754,730549,17875206144,31376949248,9.296858965876627,15.112616476584241,1.6449587041834508,2.6739816218992623,8.31163294964136,14.54995757468087,1.4706357294085646,2.574426421420325,4,16,31,20,30,1,4,0.00024374015629291534,0.0037754131481051445,56.5234375,56.5234375,
mtn_knn,20,32,mtnknn_N20_seed32,ok,20,49,4.9,0,19,0,4,6,8.674431800842285,12.196531295776367,0.7112212144977829,3.5775575710044345,0.7155115142008869,0.14230124652385712,6.098265647888184,ok,ok,1,32,8.674431800842285,433497,237621,24776,433497,695894,1775603712,2287622144,13.452952628867335,18.085042847172847,3.760373484385406,5.055136776483877,12.979640154763562,17.83167041868318,3.628073035067721,4.984314036818355,4,16,25,19,24,1,4,6.249267607927322e-05,0.0034940363839268684,56.5625,56.5625,
mtn_knn,20,33,mtnknn_N20_seed33,ok,20,52,5.2,0,19,0,5,7,17.821732103824615,16.506750106811523,1.0796632885640198,3.8406734228719603,0.6401122371453267,0.04570331797003746,8.253375053405762,ok,ok,7,448,17.821732103824615,575568,497212,80036,575568,1152816,9430106112,13831094272,12.011808053766341,17.245391870143827,3.127526537985156,4.490200017383449,11.317202509232011,16.862379953711574,2.9466713940935096,4.3904748196742815,5,22,28,20,27,1,4,9.512435644865036e-05,0.0036542294546961784,56.75390625,56.75390625,
mtn_knn,20,34,mtnknn_N20_seed34,ok,20,53,5.3,0,19,0,6,8,4.607539847493172,14.89515495300293,0.30933144784534594,6.381337104309308,0.9116195863299011,0.15429852902889252,7.447577476501465,ok,ok,336,43008,4.607539847493172,372090,489685,118884,372090,980659,24385290240,42379083776,7.9788689136706346,13.800779346415679,1.2503443687816642,2.16267831033343,7.00977987951428,13.248104504553789,1.0984813629075614,2.0760703106575207,6,64,31,20,30,1,4,0.00046494416892528534,0.004383191466331482,55.96875,55.96875,
mtn_knn,20,35,mtnknn_N20_seed35,ok,20,56,5.6,0,19,0,5,7,8.19339644908905,11.39242172241211,0.7191970810710357,4.561605837857929,0.760267639642988,0.16458843648433685,5.696210861206055,ok,ok,48,3072,8.19339644908905,837418,711737,112360,837418,1661515,13720256512,20011032576,10.452039383814903,15.689465492941602,2.2913069991867263,3.4394610254859663,9.766877616532167,15.312055061011728,2.1411051203666833,3.356724716092978,5,24,29,20,28,1,4,0.00028572604060173035,0.005873880349099636,56.01171875,56.01171875,
mtn_knn,20,36,mtnknn_N20_seed36,ok,20,52,5.2,0,19,0,4,6,9.125251531600952,10.197713851928711,0.8948330639690462,3.2103338720619075,0.6420667744123816,0.14075139164924622,5.0988569259643555,ok,ok,2,64,9.125251531600952,531342,283014,28912,531342,843268,2176376832,2785595392,12.951892918118933,17.588844389395447,4.034437985043685,5.478820923413372,12.490013980138093,17.34204424405771,3.8905654296062693,5.401944138887773,5,32,26,20,25,1,4,8.019153028726578e-05,0.004224717617034912,55.8828125,55.8828125,
mtn_knn,20,37,mtnknn_N20_seed37,ok,20,47,4.7,0,19,0,4,6,10.809350848197937,10.589168548583984,1.0207931622396733,2.9584136755206534,0.5916827351041307,0.12541435658931732,5.294584274291992,ok,ok,4,128,10.809350848197937,334212,190072,20564,334212,544848,1368932352,1779257344,11.821967774543339,16.447431627797368,3.9960495965672487,5.559544212457973,11.33323644002164,16.18526670394126,3.830849124920671,5.470927489913256,4,15,25,19,24,1,4,0.00010346900671720505,0.004863169975578785,56.80859375,56.80859375,
mtn_knn,20,38,mtnknn_N20_seed38,ok,20,50,5.0,0,19,0,6,8,2.144226312637329,9.426916122436523,0.22745787538450302,6.545084249230994,0.9350120356044277,0.05832597613334656,4.713458061218262,ok,ok,57,7296,2.144226312637329,240934,328025,82878,240934,651837,15789850624,27896446976,9.344498541819032,15.156683637379585,1.4277124916943509,2.31573545278052,8.349227048210878,14.587551673250386,1.2756485218951703,2.228779816694389,5,32,31,19,30,1,4,0.0002592196688055992,0.0037474678829312325,56.4375,56.4375,
mtn_knn,20,39,mtnknn_N20_seed39,ok,20,48,4.8,0,19,0,5,7,21.8413724899292,20.265281677246094,1.0777729536546607,3.8444540926906785,0.6407423487817798,0.2572334110736847,10.132640838623047,ok,ok,1,64,21.8413724899292,348579,309031,51628,348579,709238,5711118336,8454168576,13.471946433247034,18.699042395915782,3.504254728613032,4.863900555209541,12.761620169289642,18.306797613769206,3.3194882450418253,4.761871821691214,5,12,28,19,27,1,4,0.00013345293700695038,0.0032828133553266525,56.72265625,56.72265625,
mtn_knn,20,40,mtnknn_N20_seed40,ok,20,56,5.6,0,19,0,5,7,5.54420904815197,11.500665664672852,0.48207723011915593,5.035845539761688,0.8393075899602813,0.03863441199064255,5.750332832336426,ok,ok,43,2752,5.54420904815197,954789,817832,127538,954789,1900159,15643262976,22865338368,10.696248009152304,15.93280479340671,2.124022256977025,3.163878770229458,10.00804553694956,15.55322298142912,1.9873614982685057,3.0885027863990335,4,16,29,20,28,1,4,0.0002579241991043091,0.003907590173184872,56.54296875,56.54296875,
mtn_knn,30,1,mtnknn_N30_seed1,ok,30,71,4.733333333333333,0,29,0,6,8,6.6002881824970245,8.977804183959961,0.7351784520194053,5.529643095961189,0.7899490137087413,0.1059250682592392,4.4889020919799805,ok,ok,4,512,6.6002881824970245,177786675,79918914,7460055,177786675,265165644,11651427532800,14392436047872,18.009570899252775,24.05939928501271,3.2569137983619294,4.35098592576174,17.609800573358733,23.848125198398243,3.184617934242592,4.312778380907936,5,18,35,28,34,1,4,0.0001812642440199852,0.007669857703149319,56.26953125,56.26953125,
mtn_knn,30,2,mtnknn_N30_seed2,ok,30,70,4.666666666666667,0,29,0,7,9,9.272099375724792,11.712918281555176,0.7916130850435418,6.416773829912916,0.8020967287391145,0.08690616488456726,5.856459140777588,ok,ok,42,10752,9.272099375724792,279799855,167305933,20819872,279799855,467925660,73347853189120,96641427570688,16.22615037682732,22.9191815592907,2.52870847670932,3.5717608516056645,15.711915483684846,22.6433872892843,2.448569312267326,3.528780644212233,5,32,37,29,36,1,4,0.00042976532131433487,0.007791265845298767,56.2578125,56.2578125,
mtn_knn,30,3,mtnknn_N30_seed3,ok,30,75,5.0,0,29,0,7,9,10.684018835425377,17.731338500976562,0.6025500463395332,6.794899907320934,0.8493624884151167,0.053530242294073105,8.865669250488281,ok,ok,109,27904,10.684018835425377,447870865,262743119,31942828,447870865,742556812,117406660034560,153938331303936,15.734262057963017,22.43104786535519,2.3155987980059383,3.3011594241715936,15.228667618830885,22.160139424430334,2.2411908676422554,3.261290044987218,6,64,38,29,37,1,4,0.0016373787075281143,0.012110406532883644,56.75,56.75,
mtn_knn,30,4,mtnknn_N30_seed4,ok,30,74,4.933333333333334,0,29,0,6,8,2.1253171861171722,13.487488746643066,0.15757693860142405,6.684846122797152,0.9549780175424503,0.007261931896209717,6.743744373321533,ok,ok,30,3840,2.1253171861171722,237192202,106251233,9811194,237192202,353254629,15544628150272,19187015155712,16.28150230181487,22.33202722661725,2.435583707198659,3.3406942832175197,15.883183967674496,22.121508592714,2.3759984412368893,3.309202364026542,6,64,35,28,34,1,4,0.0003160731866955757,0.008803052827715874,56.76171875,56.76171875,
mtn_knn,30,5,mtnknn_N30_seed5,ok,30,74,4.933333333333334,0,29,0,4,6,16.398646593093872,16.554241180419922,0.9906009230124009,3.0187981539751982,0.6037596307950397,0.04802950471639633,8.277120590209961,ok,ok,4,128,16.398646593093872,23263421,6003255,310159,23263421,29576835,95286972416,107899241472,15.816207650430744,20.552433415349586,5.2392398708750125,6.808150915385262,15.576098409646434,20.428128673566054,5.159701846622503,6.76697401800978,6,32,29,25,28,1,4,8.187908679246902e-05,0.008149545639753342,56.546875,56.546875,
mtn_knn,30,6,mtnknn_N30_seed6,ok,30,76,5.066666666666666,0,29,0,7,9,21.639379799365997,16.0632266998291,1.3471377951477346,5.305724409704531,0.6632155512130664,0.00711912102997303,8.03161334991455,ok,ok,9,2304,21.639379799365997,445177176,260208092,31648689,445177176,737033957,116700525625344,152880649142272,18.220919946382857,24.918276640125985,3.4342002221328256,4.696489058977273,17.716758331868895,24.64823013746835,3.3391780205288724,4.6455918615722025,5,24,39,29,38,1,4,0.0007635513320565224,0.00819413736462593,56.4765625,56.4765625,
mtn_knn,30,7,mtnknn_N30_seed7,ok,30,78,5.2,0,29,0,7,9,7.660810202360153,9.636548042297363,0.79497452497874,6.41005095004252,0.801256368755315,0.15928159654140472,4.818274021148682,ok,ok,184,47104,7.660810202360153,662223862,379222535,44840369,662223862,1086286766,173598012080128,226242126610432,15.591095323082472,22.292513696302613,2.432288829619841,3.4777436045426033,15.096178459249897,22.02765026484935,2.3550793241588446,3.436423584855161,5,28,39,30,38,1,4,0.0016230959445238113,0.012364013120532036,56.66015625,56.66015625,
mtn_knn,30,8,mtnknn_N30_seed8,ok,30,79,5.266666666666667,0,29,0,5,7,10.19409316778183,9.327685356140137,1.092885617231006,3.814228765537988,0.6357047942563314,0.07933682203292847,4.663842678070068,ok,ok,4,256,10.19409316778183,143990553,46647436,3068867,143990553,193706856,2359141220352,2753847095296,17.695562161571576,23.098842549261306,4.63935522731439,6.055966741681072,17.39896389010167,22.944141334581232,4.561594219859958,6.0154077652301,7,88,33,28,32,1,4,0.00015666428953409195,0.010192181915044785,56.33984375,56.55859375,
mtn_knn,30,9,mtnknn_N30_seed9,ok,30,73,4.866666666666666,0,29,0,6,8,14.370711170136929,13.28571891784668,1.0816660550324289,4.836667889935143,0.6909525557050203,0.07042234390974045,6.64285945892334,ok,ok,6,768,14.370711170136929,198243111,90463914,8522240,198243111,297229265,12992060522496,16096010436608,17.71825486577648,23.765802825095612,3.6633184806108474,4.913672670094018,17.31324519959319,23.5515698246327,3.5795811483399893,4.869379159491663,6,32,35,28,34,1,4,0.00017882511019706726,0.007394067943096161,56.85546875,56.85546875,
mtn_knn,30,10,mtnknn_N30_seed10,ok,30,73,4.866666666666666,0,29,0,8,10,15.300332695245743,13.579133987426758,1.126753201596853,6.746493596806294,0.7496103996451438,0.14933274686336517,6.789566993713379,ok,ok,245,125440,15.300332695245743,445773810,342450881,54741116,445773810,842965807,467427718594560,661320661204992,15.051178743507439,22.38567711785305,2.23096317035452,3.318120264495641,14.414064018327934,22.038683004487332,2.1365267470425486,3.2666870112972712,5,28,41,29,40,1,4,0.0013427278026938438,0.00774768553674221,56.63671875,56.63671875,
mtn_knn,30,11,mtnknn_N30_seed11,ok,30,72,4.8,0,29,0,8,10,9.731170311570168,8.80259895324707,1.1054883180813968,6.789023363837206,0.7543359293152452,0.06890195608139038,4.401299476623535,ok,ok,214,109568,9.731170311570168,389567214,293553057,46444004,389567214,729564275,408490830987264,574572193120256,15.04198201531731,22.380346227785502,2.215632677807647,3.296548712293128,14.414570958192332,22.039189944351726,2.123217167726038,3.246297554630157,6,32,40,29,39,1,4,0.0006106635555624962,0.008316460996866226,56.6171875,56.6171875,
mtn_knn,30,12,mtnknn_N30_seed12,ok,30,75,5.0,0,29,0,5,7,9.359481647610664,16.315547943115234,0.5736541414510162,4.852691717097968,0.8087819528496613,0.09505316615104675,8.157773971557617,ok,ok,2,128,9.359481647610664,99449614,33465804,2294352,99449614,135209770,1629382475776,1912932007936,18.029190801715938,23.427627999721455,3.71529696357836,4.827759389119358,17.722014501349367,23.26719194582893,3.651996775090337,4.794698139148081,5,31,32,27,31,1,4,0.00013951677829027176,0.008456661365926266,56.28125,56.28125,
mtn_knn,30,13,mtnknn_N30_seed13,ok,30,77,5.133333333333334,0,29,0,6,8,7.087070882320404,16.171146392822266,0.43825407983852493,6.12349184032295,0.8747845486175643,0.16045214235782623,8.085573196411133,ok,ok,27,3456,7.087070882320404,317068271,136658491,12182563,317068271,465909325,20779386208256,25457010753536,16.66366472560708,22.720145162717493,2.721268380873395,3.7103250490359505,16.278790808579913,22.517115433619416,2.6584163469255766,3.6771691741867127,7,64,36,29,35,1,4,0.0003888877108693123,0.00903851818293333,56.328125,56.546875,
mtn_knn,30,14,mtnknn_N30_seed14,ok,30,71,4.733333333333333,0,29,0,6,8,17.80772179365158,21.493927001953125,0.828500152253863,5.342999695492274,0.7632856707846105,0.05840511620044708,10.746963500976562,ok,ok,22,2816,17.80772179365158,173705625,73169147,6499695,173705625,253374467,11383971840000,13888069451776,16.25933660577453,22.318978557404034,3.0431101501824966,4.177237475089859,15.881830160748375,22.120154785787882,2.972455748808556,4.1400254625599135,6,24,35,28,34,1,4,0.00017242692410945892,0.011410466395318508,56.5546875,56.5546875,
mtn_knn,30,15,mtnknn_N30_seed15,ok,30,71,4.733333333333333,0,29,0,8,10,7.288902431726456,23.857511520385742,0.30551813526311167,8.388963729473776,0.9321070810526418,0.1349291354417801,11.928755760192871,ok,ok,14,7168,7.288902431726456,344770295,263537040,42162727,344770295,650470062,361517856849920,510739870384128,17.654148502183297,24.989499561948854,2.1044492587513797,2.9788541669516073,17.0193316120352,24.6439505981946,2.0287763972848634,2.9376632672293685,6,56,40,29,39,1,4,0.0036121178418397903,0.01214098185300827,56.76171875,56.76171875,
mtn_knn,30,16,mtnknn_N30_seed16,ok,30,74,4.933333333333334,0,29,0,7,9,9.854624301195145,9.863378524780273,0.9991124518274205,6.001775096345159,0.7502218870431449,0.11536268889904022,4.931689262390137,ok,ok,18,4608,9.854624301195145,390093133,230698728,28288591,390093133,649080452,102260574257152,134352639033344,17.40069547210945,24.09593989139382,2.8992581682552183,4.014802205112165,16.89152431324711,23.822996118846568,2.8144214073488647,3.969325030748623,5,32,38,29,37,1,4,0.0008157631382346153,0.00800672173500061,56.77734375,56.77734375,
mtn_knn,30,17,mtnknn_N30_seed17,ok,30,82,5.466666666666667,0,29,0,6,8,15.831970691680908,11.55473804473877,1.3701713210962576,4.259657357807485,0.6085224796867835,0.09818650782108307,5.777369022369385,ok,ok,1,128,15.831970691680908,445316204,194927467,17386536,445316204,657630207,29184242745344,35856486989824,20.304153335870232,26.35851535079767,4.76661656803333,6.187942629349143,19.914295158581137,26.152619783620647,4.675093202527292,6.139606448787662,7,88,37,29,36,1,4,0.0003195004537701607,0.009490451775491238,56.5078125,56.7265625,
mtn_knn,30,18,mtnknn_N30_seed18,ok,30,79,5.266666666666667,0,29,0,7,9,14.624027997255325,16.809040069580078,0.8700097052966727,6.259980589406655,0.7824975736758318,0.08357049524784088,8.404520034790039,ok,ok,40,10240,14.624027997255325,629884422,362991115,43321423,629884422,1036196960,165120421920768,215537506123776,17.069943624430156,23.770099154072945,2.72683651021482,3.797152213905821,16.57216744926274,23.503639254862193,2.647319302763767,3.7545866028140447,7,112,39,30,38,1,4,0.0006701527163386345,0.010044914670288563,56.52734375,56.74609375,
mtn_knn,30,19,mtnknn_N30_seed19,ok,30,75,5.0,0,29,0,5,7,9.011101007461548,16.04761505126953,0.5615227545446809,4.876954490910638,0.8128257484851064,0.12900260090827942,8.023807525634766,ok,ok,4,256,9.011101007461548,92729277,31827258,2219865,92729277,126776400,1519276474368,1789097938944,17.271641101651237,22.667555219554806,3.5414808839904164,4.647891478544894,16.95890044479662,22.50407788927618,3.477354663941104,4.614371106233997,6,32,32,27,31,1,4,0.0001547597348690033,0.011549258604645729,56.50390625,56.50390625,
mtn_knn,30,20,mtnknn_N30_seed20,ok,30,79,5.266666666666667,0,29,0,5,7,10.107550472021103,12.932995796203613,0.7815320310386322,4.436935937922735,0.7394893229871227,0.07473621517419815,6.466497898101807,ok,ok,16,1024,10.107550472021103,138035170,45158001,2998961,138035170,186192132,2261568225280,2643786313728,16.269700944035566,21.67176140973629,3.666877586619527,4.884398087542025,15.970430343484125,21.515607787963685,3.5994277508007224,4.849204065370564,4,16,33,28,32,1,4,0.00015218369662761688,0.008235198445618153,56.4921875,56.7109375,
mtn_knn,30,21,mtnknn_N30_seed21,ok,30,72,4.8,0,29,0,6,8,12.564864039421082,13.259482383728027,0.9476134645226137,5.1047730709547725,0.7292532958506818,0.06163090094923973,6.629741191864014,ok,ok,2,256,12.564864039421082,199632481,87586719,8035240,199632481,295254440,13083114274816,16084805255168,18.810200870472034,24.863718724834353,3.6848260655304435,4.870680513949655,18.41884145850345,24.657166083542958,3.6081606767797965,4.830217864891534,6,64,35,28,34,1,4,0.0001541106030344963,0.008794071152806282,56.37109375,56.37109375,
mtn_knn,30,22,mtnknn_N30_seed22,ok,30,76,5.066666666666666,0,29,0,6,8,6.096173882484436,8.038960456848145,0.7583286315696817,5.483342736860637,0.7833346766943767,0.044839322566986084,4.019480228424072,ok,ok,18,2304,6.096173882484436,292202064,121083724,10434775,292202064,423720563,19149754466304,23288389287936,16.974212988503158,23.03657401666234,3.09559584419145,4.201191704068348,16.602584363014792,22.8409089880543,3.027821743004929,4.165508173419658,5,30,36,29,35,1,4,0.0003645690158009529,0.008159281685948372,56.08984375,56.30859375,
mtn_knn,30,23,mtnknn_N30_seed23,ok,30,76,5.066666666666666,0,29,0,5,7,6.717748999595642,14.997964859008789,0.4479107040686596,5.104178591862681,0.8506964319771134,0.06586597114801407,7.4989824295043945,ok,ok,2,128,6.717748999595642,105834190,35867720,2461073,105834190,144162983,1733987368960,2037896286208,18.093307863336623,23.490908895528264,3.5448030545368883,4.602289765679156,17.784237001524396,23.32941444600396,3.484250537368903,4.570650110714542,5,28,33,27,32,1,4,0.0001376904547214508,0.007798749953508377,56.64453125,56.64453125,
mtn_knn,30,24,mtnknn_N30_seed24,ok,30,76,5.066666666666666,0,29,0,7,9,18.943205654621124,17.58490753173828,1.0772422670083028,5.845515465983395,0.7306894332479243,0.16677555441856384,8.79245376586914,ok,ok,18,4608,18.943205654621124,550177623,311949271,36802927,550177623,898929821,144225762803712,187525494276096,17.726343768088842,24.42938671919279,3.032468885121105,4.179167237064699,17.235379977066295,24.166851782665752,2.9484790652532773,4.134255041030868,5,24,39,30,38,1,4,0.001308748498558998,0.011202936060726643,56.53515625,56.53515625,
mtn_knn,30,25,mtnknn_N30_seed25,ok,30,74,4.933333333333334,0,29,0,7,9,12.31971824169159,18.18041229248047,0.6776369008301919,6.644726198339616,0.830590774792452,0.019733337685465813,9.090206146240234,ok,ok,12,3072,12.31971824169159,394205575,229610309,27933508,394205575,651749392,103338626252800,135264759054336,17.810264028116414,24.508171057680435,2.6803608601008784,3.6883643247489317,17.307476445362113,24.238948250961563,2.6046936967375576,3.647847560222781,5,16,38,29,37,1,4,0.0005835350602865219,0.007373797707259655,56.29296875,56.29296875,
mtn_knn,30,26,mtnknn_N30_seed26,ok,30,74,4.933333333333334,0,29,0,6,8,9.21127325296402,13.024432182312012,0.7072303133086678,5.585539373382664,0.7979341961975235,0.1519632786512375,6.512216091156006,ok,ok,31,3968,9.21127325296402,249975233,109407898,9916448,249975233,369299579,16382376869888,20129925955584,16.29313153534241,22.347211208856947,2.917020263608868,4.000904785552202,15.902885198433818,22.141209823473325,2.8471530026656775,3.9640235872268796,5,28,35,28,34,1,4,0.0002566082403063774,0.007864497601985931,56.43359375,56.43359375,
mtn_knn,30,27,mtnknn_N30_seed27,ok,30,74,4.933333333333334,0,29,0,6,8,8.756251335144043,11.249406814575195,0.7783744938265619,5.4432510123468765,0.7776072874781252,0.062237318605184555,5.624703407287598,ok,ok,4,512,8.756251335144043,230054722,101025079,9226860,230054722,340306661,15076866260992,18538428923904,18.259063352065056,24.312542307625126,3.354440813155261,4.466548070716785,17.867533399207822,24.10585802424733,3.282511381282814,4.4285773280652005,5,24,35,28,34,1,4,0.00027481094002723694,0.008361106738448143,56.6640625,56.6640625,
mtn_knn,30,28,mtnknn_N30_seed28,ok,30,73,4.866666666666666,0,29,0,7,9,7.813947767019272,12.622312545776367,0.6190583333031114,6.761883333393778,0.8452354166742222,0.21207404136657715,6.311156272888184,ok,ok,66,16896,7.813947767019272,373177915,220277589,27002620,373177915,620458124,97826351349760,128468219199488,16.056313930795056,22.751870481764087,2.3745328245313604,3.3647239030882483,15.547911105775208,22.479382911374657,2.299346252987145,3.32442631779219,5,32,38,29,37,1,4,0.000592903234064579,0.008119449950754642,56.57421875,56.57421875,
mtn_knn,30,29,mtnknn_N30_seed29,ok,30,72,4.8,0,29,0,7,9,7.284086748957634,16.4554500579834,0.44265496983011676,7.1146900603397665,0.8893362575424708,0.04625062271952629,8.2277250289917,ok,ok,49,12544,7.284086748957634,359569781,208237266,25177439,359569781,592984486,94259060670464,123203164241920,16.30885849662044,23.007858107889774,2.2922795453216978,3.23385248166257,15.808598523881038,22.740070329480496,2.2219658748038404,3.196213768501748,7,96,38,29,37,1,4,0.0005259551107883453,0.008916577324271202,56.609375,56.609375,
mtn_knn,30,30,mtnknn_N30_seed30,ok,30,76,5.066666666666666,0,29,0,7,9,14.645299077033997,19.650638580322266,0.7452836210472819,6.5094327579054365,0.8136790947381796,0.11643343418836594,9.825319290161133,ok,ok,111,28416,14.645299077033997,494739549,289854537,35114624,494739549,819708710,129693004333056,169986090205184,15.814929402093195,22.51203008151684,2.4295403286694404,3.4583704784686367,15.310011817111608,22.24148362271106,2.3519732650311553,3.41680826116526,6,46,39,29,38,1,4,0.0023250970989465714,0.012276615016162395,56.8125,56.8125,
mtn_knn,30,31,mtnknn_N30_seed31,ok,30,76,5.066666666666666,0,29,0,5,7,4.2452822625637054,13.215414047241211,0.3212371740596301,5.3575256518807395,0.8929209419801233,0.15411488711833954,6.6077070236206055,ok,ok,2,128,4.2452822625637054,109253834,35863855,2418049,109253834,147535738,1790014816256,2093715845120,18.116433815361777,23.51793125568861,3.381492687580893,4.389700168291817,17.816037304585766,23.36121474906533,3.3254226787195154,4.360448510566527,6,64,33,27,32,1,4,0.00011963862925767899,0.0100869070738554,56.62890625,56.84765625,
mtn_knn,30,32,mtnknn_N30_seed32,ok,30,74,4.933333333333334,0,29,0,6,8,15.50810045003891,11.831701278686523,1.310724475268405,4.37855104946319,0.6255072927804557,0.013381284661591053,5.915850639343262,ok,ok,4,512,15.50810045003891,221740656,98241363,9027740,221740656,329009759,14531995631616,17899079106560,18.22530360978381,24.27744575585144,4.16240518927334,5.544630057203022,17.830724679603982,24.069049304643492,4.072288864095813,5.4970352138738585,5,26,35,28,34,1,4,0.0001823948696255684,0.007822570390999317,56.5546875,56.5546875,
mtn_knn,30,33,mtnknn_N30_seed33,ok,30,76,5.066666666666666,0,29,0,7,9,2.491914987564087,11.729302406311035,0.21245210509904613,7.575095789801908,0.9468869737252384,0.008404836989939213,5.864651203155518,ok,ok,8,2048,2.491914987564087,464785670,284624755,35632038,464785670,785042463,121840774676480,161482291806208,18.401806825597504,25.090797618161275,2.4292507099872225,3.3122746318191987,17.877645390882158,24.80911719648161,2.3600553559930186,3.275089567828472,5,24,39,29,38,1,4,0.0004097558557987213,0.007439163513481617,56.3515625,56.3515625,
mtn_knn,30,34,mtnknn_N30_seed34,ok,30,79,5.266666666666667,0,29,0,6,8,6.34220814704895,15.997175216674805,0.3964580034378876,6.2070839931242245,0.8867262847320321,0.15429852902889252,7.998587608337402,ok,ok,64,8192,6.34220814704895,380364987,164832303,14627100,380364987,559824390,24927599788032,30568475099136,15.984250619868682,22.04007702104209,2.575162610587342,3.550794067787153,15.597758758452908,21.836083383492415,2.512896357731105,3.517929418657925,7,96,36,29,35,1,4,0.00033739302307367325,0.009616740047931671,56.625,56.84375,
mtn_knn,30,35,mtnknn_N30_seed35,ok,30,73,4.866666666666666,0,29,0,7,9,11.0327408015728,10.189201354980469,1.0827875921973031,5.834424815605393,0.7293031019506742,0.05952512100338936,5.094600677490234,ok,ok,23,5888,11.0327408015728,369235699,219148726,26949025,369235699,615333450,96792923078656,127283316195328,17.102180658028928,23.79676489354157,2.9312539279425724,4.07868224300228,16.591451532838775,23.522923338438225,2.8437167428160968,4.031746758570139,4,16,38,29,37,1,4,0.000665648840367794,0.011500351130962372,56.7734375,56.7734375,
mtn_knn,30,36,mtnknn_N30_seed36,ok,30,73,4.866666666666666,0,29,0,6,8,9.070378720760345,10.242972373962402,0.8855221306480543,5.228955738703892,0.7469936769576988,0.1396607607603073,5.121486186981201,ok,ok,4,512,9.070378720760345,208247579,92561806,8541978,208247579,309351363,13647713337344,16820730363904,18.163693924824283,24.215308566839752,3.4736752102106228,4.631002780842439,17.76794385237358,24.006268477413087,3.3979908685893263,4.59102537428698,6,48,35,28,34,1,4,0.0003746757283806801,0.01308443583548069,56.7265625,56.7265625,
mtn_knn,30,37,mtnknn_N30_seed37,ok,30,75,5.0,0,29,0,8,10,11.430179446935654,5.840350151062012,1.9571051651513027,5.0857896696973945,0.5650877410774883,0.12541435658931732,2.920175075531006,ok,ok,2,1024,11.430179446935654,482252521,396430227,66358102,482252521,945040850,505678419460096,730917408604160,19.97359153147702,27.29384977957005,3.9273333796097494,5.366688666303819,19.30083125675556,26.92545024291496,3.795051016709459,5.294251628875763,4,16,41,29,40,1,4,0.0015431512147188187,0.007317235693335533,56.5625,56.5625,
mtn_knn,30,38,mtnknn_N30_seed38,ok,30,79,5.266666666666667,0,29,0,8,10,2.3409181982278824,12.513768196105957,0.18706740939602276,8.625865181207955,0.9584294645786616,0.05832597613334656,6.2568840980529785,ok,ok,543,278016,2.3409181982278824,867480305,662046299,103981041,867480305,1633507645,909619028295680,1283979964317696,14.916886149195193,22.253307050969326,1.7293205766411308,2.5798347856687696,14.283994046423604,21.908613032583006,1.6559491420689343,2.5398742702717447,6,64,42,30,41,1,4,0.008088773116469383,0.01382410991936922,56.609375,56.609375,
mtn_knn,30,39,mtnknn_N30_seed39,ok,30,72,4.8,0,29,0,7,9,3.002142161130905,17.49131965637207,0.1716361155195759,7.656727768960848,0.957090971120106,0.1399669647216797,8.745659828186035,ok,ok,32,8192,3.002142161130905,356276359,205218903,24726322,356276359,586221584,93395709853696,121914626146304,16.72347250296138,23.42342878273219,2.1841539894830357,3.059195715131343,16.22548137418571,23.15695317978516,2.11911430885152,3.024392910201111,6,64,38,29,37,1,4,0.00035767722874879837,0.008497048169374466,56.12109375,56.12109375,
mtn_knn,30,40,mtnknn_N30_seed40,ok,30,80,5.333333333333333,0,29,0,6,8,10.92821741104126,14.817473411560059,0.737522322970086,5.524955354059828,0.7892793362942612,0.03863441199064255,7.408736705780029,ok,ok,43,5504,10.92821741104126,415245105,181756647,16182775,415245105,613184527,27213503201280,33434443595776,16.47297635574714,22.5273773503123,2.9815582751528527,4.077386314761586,16.083179402615166,22.321504027654676,2.9110062203121663,4.040123873806956,6,64,36,29,35,1,4,0.0007505156099796295,0.008940918371081352,56.078125,56.078125,
mtn_knn,40,1,mtnknn_N40_seed1,ok,40,96,4.8,0,39,0,7,9,7.563297688961029,8.977804183959961,0.842444046894436,6.315111906211128,0.789388988276391,0.1059250682592392,4.4889020919799805,ok,ok,2,512,7.563297688961029,29531575334,9605253632,674028833,29531575334,39810857799,7741525284356096,9044678242009088,23.714258340491345,30.50262831506294,3.755160429883683,4.830100997111795,23.41557869762086,30.347050503220313,3.7078644124407103,4.805465200604434,5,28,42,35,41,1,4,0.0005519194528460503,0.014363475143909454,56.28125,56.5,
mtn_knn,40,2,mtnknn_N40_seed2,ok,40,99,4.95,0,39,0,8,10,9.2954942882061,8.521328926086426,1.0908503085416308,6.818299382916738,0.757588820324082,0.012241768650710583,4.260664463043213,ok,ok,68,34816,9.2954942882061,110391943489,44232062813,3825107959,110391943489,158449114261,115754342535921664,139947411384827904,21.56919162786952,29.022210783771122,3.1634268923290714,4.256517520554513,21.20779528730733,28.832414273466725,3.1104230096501047,4.2286811790204455,6,40,45,37,44,1,4,0.001884235069155693,0.015377514064311981,56.50390625,56.72265625,
mtn_knn,40,3,mtnknn_N40_seed3,ok,40,101,5.05,0,39,0,7,9,10.080915197730064,12.304130554199219,0.8193114623844426,6.361377075231115,0.7951721344038893,0.053530242294073105,6.152065277099609,ok,ok,8,2048,10.080915197730064,47906749292,15078267032,1019203738,47906749292,64004220062,12558466886402048,14601600038993920,22.802773314921154,29.595288523172755,3.5845655815164372,4.652339921556612,22.513080693557022,29.444552499156472,3.539026287439359,4.628644419429691,6,56,42,36,41,1,4,0.0009241113439202309,0.015195396728813648,56.4609375,56.6796875,
mtn_knn,40,4,mtnknn_N40_seed4,ok,40,96,4.8,0,39,0,9,11,3.1361956521868706,13.487488746643066,0.2325262849963412,9.534947430007318,0.9534947430007318,0.007261931896209717,6.743744373321533,ok,ok,1188,1216512,3.1361956521868706,195864489399,96250656191,10288687799,195864489399,302403833389,821515211344183296,1034155938573975552,19.35500265779978,27.468618944086156,2.0299013497324467,2.880835908716182,18.92066237652319,27.238428543242538,1.984348892892498,2.856694149935301,6,64,48,38,47,1,4,0.0045196982100605965,0.01627710834145546,56.72265625,56.94140625,
mtn_knn,40,5,mtnknn_N40_seed5,ok,40,99,4.95,0,39,0,7,9,7.829276144504547,16.846473693847656,0.46474272816891077,7.070514543662179,0.8838143179577723,0.04802950471639633,8.423236846923828,ok,ok,69,17664,7.829276144504547,39446465035,12675070631,874468251,39446465035,52996003917,10340654130135040,12059310139179008,20.459375845266262,27.249329433106986,2.8936190879637613,3.8539386723322084,20.164103769415764,27.095575575015218,2.8518580429892944,3.832192891718605,7,128,42,36,41,1,4,0.0008943257853388786,0.016699692234396935,56.70703125,56.92578125,
mtn_knn,40,6,mtnknn_N40_seed6,ok,40,98,4.9,0,39,0,8,10,18.145952820777893,12.409281730651855,1.4622887298912741,6.075422540217452,0.6750469489130502,0.00711912102997303,6.204640865325928,ok,ok,18,9216,18.145952820777893,104421001597,41719425109,3604954016,104421001597,149745380722,109493356170575872,132311367187693568,22.841830468972375,30.295237999191073,3.7597105909533695,4.986523620150829,22.481324898990096,30.105943885149493,3.700372237514437,4.955366262322873,5,24,45,37,44,1,4,0.001851201057434082,0.013582304120063782,56.51171875,56.73046875,
mtn_knn,40,7,mtnknn_N40_seed7,ok,40,100,5.0,0,39,0,8,10,7.882948637008667,8.06103515625,0.9779077356953025,7.044184528609395,0.7826871698454884,0.15928159654140472,4.030517578125,ok,ok,151,77312,7.882948637008667,132893718552,52158204315,4422064453,132893718552,189473987320,139349163824381952,167854302112251904,20.95023774515241,28.40626828684941,2.974118247479845,4.032584349753987,20.595535700264158,28.220154686423555,2.923764364294693,4.006163463181529,7,112,45,37,44,1,4,0.003088470548391342,0.017626424320042133,56.1015625,56.3203125,
mtn_knn,40,8,mtnknn_N40_seed8,ok,40,100,5.0,0,39,0,7,9,12.639021635055542,10.15628433227539,1.244453308075506,5.511093383848988,0.6888866729811235,0.06429343670606613,5.078142166137695,ok,ok,42,10752,12.639021635055542,41041886820,13105063025,900918794,41041886820,55047868639,10758884378542080,12535633813438464,20.993799364261143,27.784504625977,3.8093710089882236,5.041559394983813,20.70018939361493,27.631661199214385,3.7560948348797107,5.013825619466501,6,64,42,36,41,1,4,0.000849294476211071,0.015803593210875988,56.6171875,56.6171875,
mtn_knn,40,9,mtnknn_N40_seed9,ok,40,100,5.0,0,39,0,8,10,10.210996232926846,16.810062408447266,0.6074335707281904,7.785132858543619,0.8650147620604022,0.07042234390974045,8.405031204223633,ok,ok,36,18432,10.210996232926846,122810078771,48798281655,4183668446,122810078771,175792028872,128775701157380096,155456778230824960,22.30904854068837,29.7633005708986,2.8655963804401625,3.8230947514576497,21.950385985517812,29.57500497167721,2.819526189771939,3.7989081893728742,7,126,45,37,44,1,4,0.0018627140671014786,0.023980663157999516,56.76953125,56.98828125,
mtn_knn,40,10,mtnknn_N40_seed10,ok,40,101,5.05,0,39,0,8,10,12.713177278637886,13.579133987426758,0.9362288707372148,7.127542258525571,0.7919491398361744,0.14933274686336517,6.789566993713379,ok,ok,18,9216,12.713177278637886,135755033527,54611021697,4712883700,135755033527,195078938924,142349470035607552,172216827563737088,23.10629837069338,30.55883432023802,3.2418325325332034,4.287429412808494,22.74374611656545,30.36836510272485,3.190966155179318,4.2607064260334475,6,50,46,37,45,1,4,0.002912832424044609,0.0218545226380229,56.7109375,56.9296875,
mtn_knn,40,11,mtnknn_N40_seed11,ok,40,99,4.95,0,39,0,7,9,10.326815858483315,9.108552932739258,1.1337493380935628,5.732501323812874,0.7165626654766093,0.06890195608139038,4.554276466369629,ok,ok,21,5376,10.326815858483315,37498588538,12177261749,847559552,37498588538,50523409839,9830029993705472,11481673708470272,21.601180189261335,28.389828686393045,3.768194540057024,4.952432992638202,21.303046692504324,28.234518498103775,3.716186964320659,4.925340074640239,6,64,42,36,41,1,4,0.0005471613258123398,0.015657800249755383,56.49609375,56.71484375,
mtn_knn,40,12,mtnknn_N40_seed12,ok,40,93,4.65,0,39,0,6,8,14.862727880477905,16.315547943115234,0.9109548715309691,5.178090256938062,0.7397271795625803,0.09505316615104675,8.157773971557617,ok,ok,6,768,14.862727880477905,5855135314,1612709413,94342710,5855135314,7562187437,383722147938304,438113120944128,20.954666859576555,27.069708526807872,4.046794439610172,5.2277398005060824,20.698825475346418,26.937150100385928,3.9973859952735094,5.2021399326311775,6,64,38,33,37,1,4,0.0002128100022673607,0.013911617919802666,56.296875,56.515625,
mtn_knn,40,13,mtnknn_N40_seed13,ok,40,102,5.1,0,39,0,8,10,7.881716549396515,16.171146392822266,0.48739380362637114,8.025212392747259,0.8916902658608064,0.03057786077260971,8.085573196411133,ok,ok,314,160768,7.881716549396515,144426668355,56153284004,4724093603,144426668355,205304045962,151442338197012480,182121223954366464,20.298364882428523,27.75573131499975,2.5293243205342524,3.4585665720303975,19.946644744343807,27.571263730503205,2.4854974258837657,3.4355805654963825,6,56,46,38,45,1,4,0.003178485669195652,0.016078488901257515,56.64453125,56.86328125,
mtn_knn,40,14,mtnknn_N40_seed14,ok,40,97,4.85,0,39,0,7,9,8.464325875043869,20.00055503845215,0.42320454901230214,7.153590901975396,0.8941988627469245,0.02352660708129406,10.000277519226074,ok,ok,6,1536,8.464325875043869,34207531321,10666714163,718915374,34207531321,45593160858,8967299090612224,10412521487335424,22.751264091806185,29.54484855230354,3.180397705650688,4.130072428959421,22.463952201607686,29.39542400720714,3.1402343954844385,4.109184381663463,6,60,42,35,41,1,4,0.0005438877269625664,0.01988222822546959,56.8125,57.03125,
mtn_knn,40,15,mtnknn_N40_seed15,ok,40,98,4.9,0,39,0,9,11,10.371757537126541,23.11025619506836,0.448794571967568,9.102410856064864,0.9102410856064864,0.029004346579313278,11.55512809753418,ok,ok,155,158720,10.371757537126541,258638453913,127200518512,13534238947,258638453913,399373211372,1084808301801111552,1365758801737678848,21.66973706658117,29.783344924265517,2.38065908134028,3.272028190687647,21.235271875669746,29.553038042389094,2.332928299047373,3.2467264453019213,6,64,48,38,47,1,4,0.014176283963024616,0.024808603338897228,56.68359375,56.90234375,
mtn_knn,40,16,mtnknn_N40_seed16,ok,40,98,4.9,0,39,0,7,9,12.44333478808403,9.863378524780273,1.261569223651105,5.47686155269779,0.6846076940872238,0.047099847346544266,4.931689262390137,ok,ok,6,1536,12.44333478808403,34805479155,11424079007,802333816,34805479155,47031891978,9124047527608320,10674006160179200,22.782332292039012,29.569650936234687,4.159742230624198,5.399013769422249,22.48128118908807,29.412752994687523,4.104774417387683,5.3703663515466085,6,48,42,36,41,1,4,0.0004973607137799263,0.01451725885272026,56.41796875,56.63671875,
mtn_knn,40,17,mtnknn_N40_seed17,ok,40,107,5.35,0,39,0,7,9,16.00251543521881,14.363312721252441,1.114124279390015,5.77175144121997,0.7214689301524962,0.09818650782108307,7.181656360626221,ok,ok,17,4352,16.00251543521881,71570789106,22373297350,1489784535,71570789106,95433870991,18761852939403264,21792000288948224,22.44848605016638,29.24192854960138,3.8893715848271984,5.0663873604752006,22.160739510233128,29.092211315832582,3.839517300063953,5.040447706750759,6,60,43,37,42,1,4,0.0006499933078885078,0.015525734052062035,56.78515625,56.78515625,
mtn_knn,40,18,mtnknn_N40_seed18,ok,40,101,5.05,0,39,0,9,11,16.455269813537598,12.927268981933594,1.272911535803466,7.454176928393068,0.7454176928393068,0.041003625839948654,6.463634490966797,ok,ok,911,932864,16.455269813537598,283257635043,138621703456,14704225512,283257635043,436583564011,1188068631691395072,1494197912308023296,19.987702737676834,28.102106520394848,2.6814097558569325,3.769981151554576,19.555079794369856,27.872845961089197,2.6233721016044407,3.7392251658155744,7,128,49,39,48,1,4,0.003400128334760666,0.016590517945587635,56.68359375,56.90234375,
mtn_knn,40,19,mtnknn_N40_seed19,ok,40,103,5.15,0,39,0,7,9,10.16987282037735,14.115213394165039,0.7204901928426659,6.559019614314668,0.8198774517893335,0.10449254512786865,7.0576066970825195,ok,ok,45,11520,10.16987282037735,48682842802,15784293253,1090474350,48682842802,65557610405,12761915143487488,14902259355746304,21.099532651409405,27.8884492967307,3.216872931033921,4.251923448416868,20.801930011330683,27.733401816930133,3.1714998939676464,4.228284629063106,6,56,43,36,42,1,4,0.0007910598069429398,0.01515233889222145,56.78515625,56.78515625,
mtn_knn,40,20,mtnknn_N40_seed20,ok,40,107,5.35,0,39,0,7,9,7.551707446575165,12.494060516357422,0.6044237929445235,6.791152414110953,0.8488940517638691,0.027588922530412674,6.247030258178711,ok,ok,141,36096,7.551707446575165,72630320268,22496703804,1487527178,72630320268,96614551250,19039602676334592,22085777218469888,20.345235310500513,27.13977289662484,2.99584430887257,3.9963427768507502,20.059888415759417,26.991360221358867,2.9538268606780353,3.9744889490736566,6,48,43,37,42,1,4,0.001978917047381401,0.017080578953027725,56.7109375,56.7109375,
mtn_knn,40,21,mtnknn_N40_seed21,ok,40,97,4.85,0,39,0,9,11,15.746826585382223,11.198132514953613,1.406201129014542,7.187597741970916,0.7187597741970916,0.06163090094923973,5.599066257476807,ok,ok,148,151552,15.746826585382223,225080347931,106693256206,11075178260,225080347931,342848782397,944055403648385024,1179420545406468096,21.563343045490292,29.682870849180944,3.000076495596621,4.129734567065739,21.142511003556557,29.4602771702759,2.9415267468431052,4.0987654328854495,7,128,48,38,47,1,4,0.0022567948326468468,0.017047906294465065,56.74609375,56.96484375,
mtn_knn,40,22,mtnknn_N40_seed22,ok,40,98,4.9,0,39,0,8,10,10.157193511724472,10.126266479492188,1.0030541396767425,6.9938917206465145,0.777099080071835,0.044839322566986084,5.063133239746094,ok,ok,59,30208,10.157193511724472,115044971904,45371958676,3869465242,115044971904,164286395822,120633396459208704,145435727025930240,21.747339613815807,29.202648576328343,3.10947616612593,4.175450484902396,21.391051504994678,29.015670491154076,3.058533411640707,4.1487160010638355,7,72,45,37,44,1,4,0.001813896931707859,0.01672509778290987,56.9609375,56.9609375,
mtn_knn,40,23,mtnknn_N40_seed23,ok,40,102,5.1,0,39,0,7,9,8.784712135791779,11.137125015258789,0.7887773661295883,6.422445267740823,0.8028056584676029,0.06586597114801407,5.5685625076293945,ok,ok,6,1536,8.784712135791779,48183114335,15314867726,1043601330,48183114335,64541583391,12630914324234240,14706658123579392,23.098816087524344,29.89013980602114,3.5965765568368395,4.654012383126992,22.80651500239677,29.737986807996222,3.5510641277008896,4.630321562624532,5,31,43,36,42,1,4,0.0010867845267057419,0.013735311105847359,56.2734375,56.2734375,
mtn_knn,40,24,mtnknn_N40_seed24,ok,40,100,5.0,0,39,0,9,11,17.192367792129517,17.58490753173828,0.9776774635351203,8.04464507292976,0.8044645072929759,0.10815046727657318,8.79245376586914,ok,ok,354,362496,17.192367792129517,256830284148,125918702995,13404755660,256830284148,396153742803,1077224288123092992,1355350853017403392,20.835771299123216,28.94982330809029,2.5900174725216423,3.598645191384078,20.402384417600608,28.72015058431995,2.536144756249677,3.570095426703571,5,24,49,38,48,1,4,0.005568943917751312,0.014563978649675846,56.6953125,56.9140625,
mtn_knn,40,25,mtnknn_N40_seed25,ok,40,105,5.25,0,39,0,9,11,14.926744610071182,18.18041229248047,0.8210344391499294,8.35793112170014,0.8357931121700142,0.019733337685465813,9.090206146240234,ok,ok,902,923648,14.926744610071182,434976515784,205672072727,21113971535,434976515784,661762560046,1824423740058894336,2277888942538752000,20.413558137857724,28.53369445988941,2.4424176079720157,3.413966212978935,19.993943359811688,28.311709526531033,2.3922120281537556,3.3874064184405444,5,32,49,39,48,1,4,0.009021910838782787,0.015689906664192677,56.55859375,56.77734375,
mtn_knn,40,26,mtnknn_N40_seed26,ok,40,99,4.95,0,39,0,10,12,7.9483009576797485,11.716007232666016,0.6784137974512915,9.643172405097417,0.8766520368270379,0.12801522016525269,5.858003616333008,ok,ok,4131,8460288,7.9483009576797485,408950546112,250472263021,33272661743,408950546112,692695470876,6861051645438984192,9101720933034360832,18.9375815161939,27.704101409500016,1.9638331371306217,2.8729239969675877,18.410585284130157,27.421498631409445,1.9091834627366253,2.8436180003288483,6,48,51,39,50,1,4,0.027045615017414093,0.02104285452514887,56.51171875,56.51171875,
mtn_knn,40,27,mtnknn_N40_seed27,ok,40,97,4.85,0,39,0,7,9,8.862504452466965,8.600458145141602,1.0304688776926836,5.939062244614632,0.742382780576829,0.03543131425976753,4.300229072570801,ok,ok,4,1024,8.862504452466965,33356693915,10832586762,756466856,33356693915,44945747533,8744257169653760,10213681793597440,23.142427627886224,29.931032763105573,3.8966467557855786,5.039690026863442,22.844229945138625,29.775701750738076,3.8464371990465502,5.013535895795302,6,64,42,35,41,1,4,0.0008480455726385117,0.01591530814766884,56.6953125,56.6953125,
mtn_knn,40,28,mtnknn_N40_seed28,ok,40,97,4.85,0,39,0,8,10,13.473453432321548,11.01025390625,1.2237186850589619,6.552562629882076,0.7280625144313417,0.1600605845451355,5.505126953125,ok,ok,150,76800,13.473453432321548,94068208155,37892834544,3301132433,94068208155,135262175132,98637665434337280,119369795932258304,20.6198454759855,28.07204267934081,3.1468368393689947,4.284131913722129,20.256650680656428,27.881269666815825,3.0914089379746956,4.255017653653101,7,112,45,37,44,1,4,0.0019815461710095406,0.01725932862609625,56.44921875,56.44921875,
mtn_knn,40,29,mtnknn_N40_seed29,ok,40,97,4.85,0,39,0,8,10,7.368037328124046,13.96243667602539,0.5277042610173874,7.944591477965226,0.8827323864405806,0.04625062271952629,6.981218338012695,ok,ok,12,6144,7.368037328124046,103324472723,40997862701,3521525390,103324472723,147843860814,108343562309992448,130761396501610496,23.23451590952411,30.688919381765995,2.9245702531044366,3.8628694083117363,22.876233444451,30.500852430610397,2.879472595651964,3.839197083349879,7,128,45,37,44,1,4,0.0014332868158817291,0.017984285950660706,55.8515625,56.0703125,
mtn_knn,40,30,mtnknn_N40_seed30,ok,40,104,5.2,0,39,0,9,11,16.445314973592758,15.27791976928711,1.0764106123041985,7.847178775391603,0.7847178775391603,0.06583061069250107,7.638959884643555,ok,ok,1217,1246208,16.445314973592758,433053314116,205316363416,21081067445,433053314116,659450744977,1816357247609995264,2269041971157794816,20.110529027924585,28.230273478578034,2.5627718704447378,3.597506095707529,19.689982591670514,28.00774875838986,2.5091798154793423,3.569148806220764,6,32,49,39,48,1,4,0.013898828998208046,0.01503733079880476,56.56640625,56.78515625,
mtn_knn,40,31,mtnknn_N40_seed31,ok,40,102,5.1,0,39,0,8,10,8.530301734805107,13.362160682678223,0.6383923930703211,7.7232152138593575,0.8581350237621509,0.0768863633275032,6.681080341339111,ok,ok,316,161792,8.530301734805107,159618741276,61330495492,5102894479,159618741276,226052131247,167372381252222976,200864917243035648,20.38828926526624,27.847342184896913,2.63987066276223,3.6056669940939474,20.040311728022605,27.664930714182002,2.594814617111814,3.5820484018802317,7,128,46,38,45,1,4,0.005529237911105156,0.024298205971717834,56.953125,56.953125,
mtn_knn,40,32,mtnknn_N40_seed32,ok,40,99,4.95,0,39,0,7,9,19.005224227905273,11.831701278686523,1.606296827501979,4.787406344996041,0.5984257931245052,0.013381284661591053,5.915850639343262,ok,ok,15,3840,19.005224227905273,38667538273,11966717230,799879184,38667538273,51434134687,10136463153037312,11757385596010496,21.95551768685805,28.750030353819724,4.586098631424236,6.005345751331559,21.670216079571503,28.601687885170954,4.526504440597975,5.97435977312985,6,48,42,36,41,1,4,0.0008907830342650414,0.02249640878289938,56.92578125,56.92578125,
mtn_knn,40,33,mtnknn_N40_seed33,ok,40,102,5.1,0,39,0,9,11,2.7486275732517242,12.817038536071777,0.21445106570570832,9.571097868588584,0.9571097868588583,0.008404836989939213,6.408519268035889,ok,ok,515,527360,2.7486275732517242,345839338687,165922583933,17277606675,345839338687,529039529295,1450555321612238848,1816637084049342464,20.75016208991445,28.86788000349455,2.168002289268661,3.016151375720035,20.325073264446726,28.642839431166063,2.1235884893781773,2.9926388617515958,6,64,49,39,48,1,4,0.006835653446614742,0.015772530809044838,56.56640625,56.78515625,
mtn_knn,40,34,mtnknn_N40_seed34,ok,40,101,5.05,0,39,0,8,10,7.205705776810646,14.325185775756836,0.5030095867241868,7.993980826551626,0.8882200918390696,0.15429852902889252,7.162592887878418,ok,ok,389,199168,7.205705776810646,141378405196,54716871828,4590785735,141378405196,200686062759,148246002606800896,178136848839475200,20.06142830356501,27.51942449486387,2.5095667276223548,3.442518201126955,19.711126513741203,27.335745499900604,2.4657460333494465,3.4195410388158836,5,32,46,38,45,1,4,0.005009246990084648,0.021931623108685017,56.734375,56.953125,
mtn_knn,40,35,mtnknn_N40_seed35,ok,40,100,5.0,0,39,0,7,9,16.17461684346199,10.189201354980469,1.5874273439061892,4.8251453121876215,0.6031431640234527,0.05952512100338936,5.094600677490234,ok,ok,1,256,16.17461684346199,42501743874,13726096835,947795025,42501743874,57175635734,11141577146105856,13002798805221376,24.769393695883952,31.558763577429843,5.1333984975167555,6.54047941265457,24.47281094436439,31.40428274996384,5.0719324208847345,6.5084636250521095,4,16,42,36,41,1,4,0.0006281360983848572,0.01354495994746685,56.58203125,56.80078125,
mtn_knn,40,36,mtnknn_N40_seed36,ok,40,103,5.15,0,39,0,10,12,10.3305085003376,10.422122955322266,0.9912096167568355,9.01758076648633,0.8197800696805754,0.07364007085561752,5.211061477661133,ok,ok,702,1437696,10.3305085003376,657691103577,394011974759,51030716755,657691103577,1102733795091,11034225705989701632,14553476048957210624,21.174880076799717,29.945809152500566,2.348177479651279,3.320825166744678,20.658067806569598,29.668981153848883,2.2908658476722406,3.290126467634545,6,48,52,40,51,1,4,0.01874638255685568,0.016121522523462772,56.78125,56.78125,
mtn_knn,40,37,mtnknn_N40_seed37,ok,40,99,4.95,0,39,0,9,11,8.033618956804276,11.41705322265625,0.7036508282944838,8.592698343411033,0.8592698343411033,0.10738363862037659,5.708526611328125,ok,ok,715,732160,8.033618956804276,240148989855,120818331659,13099922120,240148989855,374067243634,1007257868744785920,1274368538557022208,20.07541887131844,28.18522811764924,2.3363346493726818,3.2801370409170656,19.63224281604583,27.950008982765176,2.284758760453872,3.2527627371205834,5,32,48,38,47,1,4,0.00832767877727747,0.015135260298848152,56.69921875,56.91796875,
mtn_knn,40,38,mtnknn_N40_seed38,ok,40,102,5.1,0,39,0,9,11,2.4297406561672688,12.513768196105957,0.19416538792234916,9.611669224155301,0.9611669224155301,0.04926598444581032,6.2568840980529785,ok,ok,1001,1025024,2.4297406561672688,393780400352,184314126763,18754957924,393780400352,596849485039,1651634708317995008,2057835446647390208,20.206176020373842,28.327959765295923,2.1022546187495976,2.9472466337173038,19.790304452033883,28.108070618753224,2.0589872571039405,2.924369322668138,6,48,49,39,48,1,4,0.011284178122878075,0.01718470361083746,56.6484375,56.6484375,
mtn_knn,40,39,mtnknn_N40_seed39,ok,40,96,4.8,0,39,0,8,10,9.753503561019897,17.49131965637207,0.5576196509259211,7.884760698148158,0.8760845220164619,0.1099652498960495,8.745659828186035,ok,ok,8,4096,9.753503561019897,87648845345,33643425149,2813724601,87648845345,124105995095,91906475656478720,110282920762802176,23.464960294892105,30.924059298969034,2.9759888972157604,3.9220035309672703,23.117162733073005,30.7417817192324,2.931878799885757,3.898885824962642,5,32,45,37,44,1,4,0.0007700277492403984,0.014407495968043804,56.15234375,56.37109375,
mtn_knn,40,40,mtnknn_N40_seed40,ok,40,101,5.05,0,39,0,8,10,12.413561031222343,14.817473411560059,0.8377650282495348,7.32446994350093,0.8138299937223256,0.009893051348626614,7.408736705780029,ok,ok,375,192000,12.413561031222343,133398429881,52910295427,4523900353,133398429881,190832625661,139878392010899456,168804538313867264,20.047736549402774,27.502267211446863,2.737090424842458,3.7548474392812383,19.68968017438076,27.31429916054016,2.6882054710118095,3.7291844148772006,6,60,46,37,45,1,4,0.005740808323025703,0.015935121104121208,56.49609375,56.49609375,
mtn_knn,60,1,mtnknn_N60_seed1,ok,60,149,4.966666666666667,0,59,0,11,13,6.848244681954384,7.613636016845703,0.899470984271137,10.201058031457727,0.8500881692881438,0.09725824743509293,3.8068180084228516,ok,ok,139,569344,6.848244681954384,6972782952606794,2125714909642284,146578649728218,6972782952606794,9245076511977296,467935542868007784022016,541721880922464601505792,31.828393602623485,41.396799587936435,3.1201071010940247,4.0580888237551624,31.54631688270333,41.25037741054256,3.0924553889823696,4.043735197205608,6,40,62,53,61,1,4,0.0439477926120162,0.03615849930793047,56.5625,56.78125,
mtn_knn,60,2,mtnknn_N60_seed2,ok,60,150,5.0,0,59,0,9,11,8.60443202406168,9.971150398254395,0.8629327289625498,8.2741345420749,0.82741345420749,0.012241768650710583,4.985575199127197,ok,ok,8,8192,8.60443202406168,363731438673466,84498753280364,4364605012020,363731438673466,452594796965850,1525600228153873137664,1707383577658378944512,31.666576811504584,39.87833573281057,3.8271769271428324,4.819638299332065,31.447995363730648,39.76576153044999,3.800759487752353,4.8060327431511585,7,128,55,49,54,1,4,0.008765367791056633,0.04054618999361992,56.7421875,56.9609375,
mtn_knn,60,3,mtnknn_N60_seed3,ok,60,147,4.9,0,59,0,10,12,13.41285753250122,12.304130554199219,1.0901101441843535,8.819779711631293,0.8017981556028448,0.053530242294073105,6.152065277099609,ok,ok,818,1675264,13.41285753250122,1561852827149619,418744032408664,25201591108188,1561852827149619,2005798450666471,26203542241299822280704,29821924915906837741568,28.52795626955288,37.41804948853665,3.234542948043358,4.24251520014618,28.277786884511485,37.28870023179078,3.2061783637543106,4.227849385242062,8,192,58,51,57,1,4,0.035468367859721184,0.06284182611852884,56.3671875,56.5859375,
mtn_knn,60,4,mtnknn_N60_seed4,ok,60,147,4.9,0,59,0,10,12,3.553290478885174,12.916723251342773,0.27509225131968257,10.449815497360635,0.949983227032785,0.007261931896209717,6.458361625671387,ok,ok,77,157696,3.553290478885174,1537382906178630,409869325503332,24574172922102,1537382906178630,1971826404604064,25793005091666610094080,29334309746322329042944,30.87393119524292,39.764620356924425,2.95449534042404,3.80529401375249,30.625052532272317,39.635965879551605,2.930678779927497,3.7929823631395854,8,240,58,51,57,1,4,0.02367706038057804,0.06350481603294611,56.109375,56.328125,
mtn_knn,60,5,mtnknn_N60_seed5,ok,60,145,4.833333333333333,0,59,0,11,13,14.995645619928837,14.884469032287598,1.0074693015518439,9.985061396896313,0.8320884497413593,0.04655279219150543,7.442234516143799,ok,ok,5787,23703552,14.995645619928837,5574983469307943,1737768064262064,122157678028120,5574983469307943,7434909211598127,374130807444034920906752,434490093538424200888320,27.881593462225943,37.44732462934589,2.7923306982260985,3.7503349394512244,27.593696445532075,37.29775697337131,2.7634979244202853,3.7353557971075353,6,56,62,53,61,1,4,0.027356140315532684,0.035150823183357716,56.62109375,56.83984375,
mtn_knn,60,6,mtnknn_N60_seed6,ok,60,148,4.933333333333334,0,59,0,11,13,3.884249746799469,13.238465309143066,0.2934063470421179,11.413187305915764,0.951098942159647,0.00711912102997303,6.619232654571533,ok,ok,6412,26263552,3.884249746799469,6809098079094606,2112002840547167,147559915881076,6809098079094606,9068660835522849,456950836952621157187584,530293537231246557446144,27.97767448672514,37.544024969489996,2.451346301153189,3.289530256813529,27.691109551910042,37.39517007974928,2.4262380708986515,3.276487897501371,8,180,62,53,61,1,4,0.10060063470155,0.039897896349430084,56.76171875,56.98046875,
mtn_knn,60,7,mtnknn_N60_seed7,ok,60,146,4.866666666666666,0,59,0,9,11,7.291591018438339,7.958035469055176,0.9162551545279854,8.167489690944029,0.816748969094403,0.05641161650419235,3.979017734527588,ok,ok,48,49152,7.291591018438339,278015597121725,65101440884466,3401896110828,278015597121725,346518934117019,1166081931070039654400,1306176694640086876160,29.607757566074053,37.81871845258805,3.6250743724724406,4.630396839621456,29.38749732189189,37.70526348861123,3.5981064481141907,4.616505794971272,7,128,55,48,54,1,4,0.01122962310910225,0.04004665184766054,56.73828125,56.95703125,
mtn_knn,60,8,mtnknn_N60_seed8,ok,60,143,4.766666666666667,0,59,0,10,12,9.90637457370758,11.609472274780273,0.8533010234433824,9.293397953113235,0.8448543593739305,0.03715717792510986,5.804736137390137,ok,ok,301,616448,9.90637457370758,1120354692196836,302903140399548,18457954429819,1120354692196836,1441715787026203,18796432667599832088576,21414786646477411188736,29.197500053222797,38.08663935017689,3.1417464527537855,4.098246899823986,28.945311454794748,37.95622480207404,3.1146101351549498,4.084213868121178,8,224,58,50,57,1,4,0.02396608516573906,0.040686240419745445,56.6484375,56.8671875,
mtn_knn,60,9,mtnknn_N60_seed9,ok,60,153,5.1,0,59,0,11,13,8.04178886860609,19.539112091064453,0.4115739154945392,11.176852169010921,0.9314043474175768,0.012701393105089664,9.769556045532227,ok,ok,1501,6148096,8.04178886860609,10475348016990511,3136792647496644,212070899960562,10475348016990511,13824211564447717,702988705424885891989504,811799960309364743471104,29.851311079363,39.42188791003481,2.670815595300537,3.5271011295413235,29.57391425211258,39.27797477995181,2.645996726529996,3.5142251311916257,8,144,63,54,62,1,4,0.06075097527354956,0.04342974442988634,56.859375,57.078125,
mtn_knn,60,10,mtnknn_N60_seed10,ok,60,150,5.0,0,59,0,11,13,14.264948636293411,11.881745338439941,1.2005768706507542,9.598846258698492,0.7999038548915409,0.07580286264419556,5.940872669219971,ok,ok,3279,13430784,14.264948636293411,7238019245513368,2296471950455621,163280701316181,7238019245513368,9697771897285170,485735249176539223293952,565531456672622780088320,28.71537877587918,38.27899292962001,2.991544817155213,3.9878743651021096,28.42283020215865,38.12689072999788,2.9610673445677733,3.972028481594569,6,64,62,53,61,1,4,0.09011632483452559,0.05497685633599758,56.87109375,57.08984375,
mtn_knn,60,11,mtnknn_N60_seed11,ok,60,148,4.933333333333334,0,59,0,8,10,16.736072331666946,9.108552932739258,1.8374018853765204,5.325196229246959,0.5916884699163287,0.041779402643442154,4.554276466369629,ok,ok,10,5120,16.736072331666946,52814414678111,10195412853471,437789606146,52814414678111,63447617137728,55379927685514919936,60840024218149060608,29.47865066142875,37.01386982131322,5.535692844430138,6.950705331387833,29.295220181654813,36.91983916781421,5.501247075320918,6.933047643398313,8,192,51,46,50,1,4,0.001069570891559124,0.03803267888724804,56.8671875,57.0859375,
mtn_knn,60,12,mtnknn_N60_seed12,ok,60,145,4.833333333333333,0,59,0,9,11,16.726490050554276,10.771585464477539,1.552834548425093,6.894330903149815,0.6894330903149815,0.05838276445865631,5.3857927322387695,ok,ok,2,2048,16.726490050554276,253164108310673,59957937086272,3165915787182,253164108310673,316287961184127,1061847232143889006592,1190907843132698656768,32.694527003571494,40.90438387637258,4.742233505014147,5.933046215940198,32.471911863263294,40.78967802998264,4.709943911805545,5.916408510555687,7,128,55,48,54,1,4,0.0018025487661361694,0.034652186557650566,56.9140625,57.1328125,
mtn_knn,60,13,mtnknn_N60_seed13,ok,60,155,5.166666666666667,0,59,0,11,13,10.054509341716766,10.299511909484863,0.9762122156932046,10.04757556861359,0.8372979640511325,0.03057786077260971,5.149755954742432,ok,ok,15209,62296064,10.054509341716766,11762895164155082,3526333782695982,238095436569483,11762895164155082,15527324383420547,789394531817541072846848,911713237506256692838400,27.651735093389973,37.22220365735436,2.7520803306787656,3.704595541797,27.3740838576378,37.07814438547703,2.724446675787978,3.6902578271021893,7,112,63,54,62,1,4,0.17403729632496834,0.03685996029525995,56.28515625,56.50390625,
mtn_knn,60,14,mtnknn_N60_seed14,ok,60,150,5.0,0,59,0,11,13,6.727110341191292,12.189092636108398,0.5518959074331107,10.896208185133778,0.9080173487611483,0.014508365653455257,6.094546318054199,ok,ok,5099,20885504,6.727110341191292,7880473635270472,2338719136623621,156874202567589,7880473635270472,10376066974461682,528849633444951708663808,609955938063191904354304,28.341478575596497,37.91310778697562,2.601040480693471,3.4794771853480464,28.06636468191782,37.77042520975705,2.5757918906331208,3.4663824853575265,7,112,62,53,61,1,4,0.08906135708093643,0.05217101704329252,57.11328125,57.33203125,
mtn_knn,60,15,mtnknn_N60_seed15,ok,60,149,4.966666666666667,0,59,0,11,13,7.572090208530426,14.865200996398926,0.5093836410530039,10.981232717893992,0.915102726491166,0.029004346579313278,7.432600498199463,ok,ok,306,1253376,7.572090208530426,7116197523302330,2193227498990506,152546911857711,7116197523302330,9461971934150547,477559931788432894853120,553711747254209675788288,31.06247210399826,40.62957992372585,2.8286871703740286,3.6999106537028106,30.777564820007676,40.48162534784691,2.8027422431231632,3.686437250517588,7,96,62,53,61,1,4,0.09046076610684395,0.03747427370399237,56.703125,56.921875,
mtn_knn,60,16,mtnknn_N60_seed16,ok,60,142,4.733333333333333,0,59,0,10,12,12.309035018086433,9.273381233215332,1.3273513412775502,8.3452973174449,0.7586633924949908,0.04600983113050461,4.636690616607666,ok,ok,877,1796096,12.309035018086433,1098682824142162,299511267191561,18361536347074,1098682824142162,1416555627680797,18432839056123066580992,21022335533523010584576,28.110497713274192,36.998746443682855,3.368423753400898,4.433484516644023,27.856381432249556,36.86729477952884,3.337973516416119,4.417732931151768,8,100,58,50,57,1,4,0.013289755210280418,0.039387255907058716,56.9375,57.15625,
mtn_knn,60,17,mtnknn_N60_seed17,ok,60,157,5.233333333333333,0,59,0,9,11,3.6899740993976593,14.363312721252441,0.25690271951942184,9.486194560961156,0.9486194560961156,0.06457599252462387,7.181656360626221,ok,ok,139,142336,3.6899740993976593,586578223109501,130744361886491,6489200785119,586578223109501,723811785781111,2460287387501072482304,2741282607722507796480,29.281078576996244,37.496767130026036,3.086704409110226,3.952772303905477,29.07085321473376,37.3886193814531,3.0645432188761954,3.9413717630586764,7,128,56,50,55,1,4,0.007364654913544655,0.04082405474036932,56.890625,57.109375,
mtn_knn,60,18,mtnknn_N60_seed18,ok,60,151,5.033333333333333,0,59,0,9,11,12.817736655473709,11.986573219299316,1.0693412054444513,7.861317589111097,0.7861317589111098,0.04045206308364868,5.993286609649658,ok,ok,2,2048,12.817736655473709,396228355721522,87631855990530,4338045889798,396228355721522,488198257601850,1661902177316202610688,1850228270177395408896,33.1285955242958,41.34497698747904,4.214127612676916,5.259293562283628,32.91986463628341,41.23763080300276,4.1875759709646525,5.245638575920403,7,128,55,49,54,1,4,0.0026911040768027306,0.037665038369596004,56.71484375,56.93359375,
mtn_knn,60,19,mtnknn_N60_seed19,ok,60,143,4.766666666666667,0,59,0,15,17,14.215836510062218,12.707311630249023,1.1187131411983506,13.7625737176033,0.8601608573502062,0.08030007034540176,6.353655815124512,ok,ok,69580,4559994880,14.215836510062218,190380456962435155,95484259596045960,10963920946003699,190380456962435155,296828637504484814,3270711345804777964982763520,4138004572199376372308639744,29.08169894039215,41.349423857426686,2.113100320995528,3.0044833695995297,28.63756842128995,41.11421767136896,2.0808294297933885,2.9873930933994552,5,30,73,58,72,1,4,0.9617324620485306,0.03184190113097429,56.71875,56.71875,
mtn_knn,60,20,mtnknn_N60_seed20,ok,60,154,5.133333333333334,0,59,0,8,10,7.626294910907745,10.32138442993164,0.7388829437252397,7.522234112549521,0.8358037902832801,0.021253298968076706,5.16069221496582,ok,ok,4,2048,7.626294910907745,74690163950903,14670255857627,634886071357,74690163950903,89995305879887,78318313354982064128,86176184032355418112,30.74448426688856,38.27830653990103,4.087148021037634,5.088688542150055,30.55807516426028,38.18269415041968,4.062366938736927,5.075977904851245,8,144,52,47,51,1,4,0.0060655539855360985,0.057739934884011745,56.984375,57.203125,
mtn_knn,60,21,mtnknn_N60_seed21,ok,60,150,5.0,0,59,0,8,10,13.333615720272064,10.067999839782715,1.3243559726317822,6.351288054736436,0.7056986727484929,0.019219333305954933,5.033999919891357,ok,ok,2,1024,13.333615720272064,59562127359123,11873312745017,521906258932,59562127359123,71957346363072,62455417257719758848,68817267244520701952,31.21394746721556,38.746514559134404,4.914585387752638,6.100575855670633,31.024893860463315,38.64951284662271,4.8848192040867495,6.085303093409543,8,224,52,46,51,1,4,0.0023830020800232887,0.06298217736184597,57.0234375,57.2421875,
mtn_knn,60,22,mtnknn_N60_seed22,ok,60,140,4.666666666666667,0,59,0,10,12,10.959016889333725,8.357131958007812,1.3113370644857156,8.37732587102857,0.7615750791844154,0.013950311578810215,4.178565979003906,ok,ok,48,98304,10.959016889333725,902006700099628,251667966817049,15755492780846,902006700099628,1169430159697523,15133161241018680475648,17310388487196585754624,30.824091971174926,39.70977376767847,3.6794667469931355,4.740149109515648,30.564442053104063,39.575355400383344,3.648472379331157,4.72410361130243,6,48,58,50,57,1,4,0.00934151653200388,0.032018885016441345,56.8046875,56.8046875,
mtn_knn,60,23,mtnknn_N60_seed23,ok,60,152,5.066666666666666,0,59,0,8,10,15.030785262584686,11.039562225341797,1.361538162091325,6.276923675817351,0.6974359639797056,0.05853751301765442,5.519781112670898,ok,ok,5,2560,15.030785262584686,66377306875164,13135765562625,573040830151,66377306875164,80086113267940,69601650933931966464,76638794404608606208,30.404685675097443,37.93787253932929,4.843883285093201,6.044023234739939,30.21693843763398,37.84155742379338,4.813972576096248,6.028678916326928,7,96,52,46,51,1,4,0.0025484561920166016,0.03973562363535166,56.38671875,56.60546875,
mtn_knn,60,24,mtnknn_N60_seed24,ok,60,150,5.0,0,59,0,12,14,17.212009832262993,10.999242782592773,1.564835886657802,9.870328226684396,0.7592560174372612,0.07787958532571793,5.499621391296387,ok,ok,481,3940352,17.212009832262993,24361092168310909,8699173529259885,702608301441195,24361092168310909,33762873999011989,6539380884858567607189504,7754115436380259052683264,31.88227092121179,42.12348534094299,3.2301125341524295,4.267688406456667,31.555896401137105,41.953104109536284,3.197046306507402,4.250426444392824,6,32,65,55,64,1,4,0.09314541984349489,0.03507897350937128,56.8671875,57.0859375,
mtn_knn,60,25,mtnknn_N60_seed25,ok,60,157,5.233333333333333,0,59,0,11,13,12.655950650572777,14.529021263122559,0.8710807439380659,10.257838512123868,0.8548198760103224,0.012803703546524048,7.264510631561279,ok,ok,753,3084288,12.655950650572777,13974270339394799,4169878789256230,279940233627634,13974270339394799,18424089362278663,937797407705679408398336,1082411939754681187696640,30.82837017993649,40.399402665966946,3.0053475830702587,3.9383933192376137,30.551928972938764,40.255989500778,2.978398318206029,3.924412482532157,6,64,63,54,62,1,4,0.1145977284759283,0.03713338077068329,56.69921875,56.69921875,
mtn_knn,60,26,mtnknn_N60_seed26,ok,60,154,5.133333333333334,0,59,0,11,13,7.948775291442871,10.149064064025879,0.7832027900600118,10.433594419879977,0.8694662016566647,0.05881689861416817,5.0745320320129395,ok,ok,2925,11980800,7.948775291442871,10437144597340123,3191862496289722,219394091452946,10437144597340123,13848401185082791,700424917331233076150272,811206872477766634176512,29.185896423314446,38.753994131280045,2.7973002638193583,3.7143473832410914,28.90309767428773,38.60715820212696,2.770195630684695,3.7002740041883935,7,80,63,54,62,1,4,0.13116386905312538,0.03686115425080061,56.796875,57.015625,
mtn_knn,60,27,mtnknn_N60_seed27,ok,60,148,4.933333333333334,0,59,0,10,12,9.374358363449574,9.113899230957031,1.0285782326413972,8.942843534717206,0.8129857758833823,0.03543131425976753,4.556949615478516,ok,ok,598,1224704,9.374358363449574,1614770023232780,434437203218933,26200934650263,1614770023232780,2075408161101976,27091345470101368340480,30845563553528672157696,28.875343479444524,37.76507014575821,3.2288771873674107,4.2229375924055494,28.6243781870197,37.63529153429899,3.200813933051203,4.208425585016021,8,128,59,51,58,1,4,0.03947310335934162,0.04219968989491463,56.98828125,57.20703125,
mtn_knn,60,28,mtnknn_N60_seed28,ok,60,144,4.8,0,59,0,11,13,11.535289779305458,11.01025390625,1.0476860822217207,9.904627835556559,0.8253856529630466,0.012671170756220818,5.505126953125,ok,ok,2375,9728000,11.535289779305458,5236266199540569,1629850222270077,114542668682668,5236266199540569,6980659090493314,351399876252764907503616,408010281799816648327168,28.70916701633052,38.27506044426326,2.8985609043549996,3.8643612945112253,28.421632365445664,38.125692893284906,2.869530570690908,3.8492807126399775,7,128,61,53,60,1,4,0.03233418893069029,0.03696772642433643,56.796875,57.015625,
mtn_knn,60,29,mtnknn_N60_seed29,ok,60,145,4.833333333333333,0,59,0,11,13,11.34282186254859,9.59444808959961,1.1822276546416692,9.635544690716662,0.8029620575597218,0.04625062271952629,4.797224044799805,ok,ok,2,8192,11.34282186254859,5206118222842510,1641224036169913,116605068917448,5206118222842510,6963947327929871,349376679784659697008640,406403328531011494477824,35.78637567274874,45.35071969210941,3.7139961280265785,4.706606751126631,35.495463729624646,45.19952425746388,3.6838045869708487,4.690915325317439,7,104,62,53,61,1,4,0.03198722843080759,0.03896229714155197,57.0625,57.28125,
mtn_knn,60,30,mtnknn_N60_seed30,ok,60,157,5.233333333333333,0,59,0,10,12,16.520536981523037,15.223225593566895,1.0852192184883844,8.829561563023232,0.8026874148202937,0.004801932722330093,7.611612796783447,ok,ok,18,36864,16.520536981523037,3106527590347644,813615873935851,47550407540594,3106527590347644,3967693871824089,52118884393221938479104,59143429886796353241088,33.02658967422311,41.91926171761878,3.7404563565798217,4.747603991252503,32.78191020898636,41.792823556265645,3.7127449619097366,4.733284122655331,7,96,60,52,59,1,4,0.10011451225727797,0.04958033189177513,56.87109375,57.08984375,
mtn_knn,60,31,mtnknn_N60_seed31,ok,60,146,4.866666666666666,0,59,0,10,12,4.161827266216278,9.716133117675781,0.428341935604505,10.14331612879099,0.9221196480719082,0.009717700071632862,4.858066558837891,ok,ok,353,722944,4.161827266216278,1406168076208973,381679252484556,23235324278294,1406168076208973,1811082652971823,23591585546862401159168,26890799191250113134592,29.266233155247395,38.15498410038189,2.8852727040792443,3.7615887758917443,29.01317666633292,38.0240900136122,2.860324601732696,3.7486843090381328,7,128,58,51,57,1,4,0.03440355882048607,0.053286757320165634,56.8984375,57.1171875,
mtn_knn,60,32,mtnknn_N60_seed32,ok,60,151,5.033333333333333,0,59,0,12,14,16.84630298614502,11.831701278686523,1.4238276127281657,10.152344774543668,0.7809495980418206,0.013381284661591053,5.915850639343262,ok,ok,170,1392640,16.84630298614502,31526200881198526,10849894195498444,847347805374577,31526200881198526,43223442882071547,8462750109492128153337856,9975862806083898091503616,33.169360965231384,43.41549890341335,3.2671625818304912,4.276401153384274,32.853796931966016,43.251004640365196,3.2360797098168628,4.260198565046197,6,64,66,55,65,1,4,0.06947090849280357,0.03572250436991453,56.97265625,57.19140625,
mtn_knn,60,33,mtnknn_N60_seed33,ok,60,151,5.033333333333333,0,59,0,12,14,2.888702981173992,12.817038536071777,0.22537990917668993,12.54924018164662,0.9653261678189707,0.008404836989939213,6.408519268035889,ok,ok,7239,59301888,2.888702981173992,30384383718367351,10610368258320988,839051392790240,30384383718367351,41833803369478579,8156245898718915441197056,9636653205401846341959680,29.38524274638194,39.62946440076406,2.341595373189058,3.15791743780014,29.065466823569267,39.462674531968446,2.316113677231055,3.144626603743147,7,124,66,55,65,1,4,0.15092893224209547,0.037364935502409935,57.015625,57.015625,
mtn_knn,60,34,mtnknn_N60_seed34,ok,60,149,4.966666666666667,0,59,0,9,11,10.94917295128107,12.609025955200195,0.8683599343980595,8.263280131203881,0.8263280131203881,0.04030713438987732,6.304512977600098,ok,ok,121,123904,10.94917295128107,356475330119267,81969357889902,4202243481314,356475330119267,442646931490483,1495165903020562055168,1671474477518748123136,28.928003028229927,37.140730759232156,3.500789343809332,4.494671627914556,28.71149560756525,37.02926177428459,3.474588196416652,4.481181950307399,6,56,55,49,54,1,4,0.010546155273914337,0.03739001136273146,56.734375,56.734375,
mtn_knn,60,35,mtnknn_N60_seed35,ok,60,145,4.833333333333333,0,59,0,11,13,10.87775668501854,7.543239593505859,1.442053715804472,9.115892568391056,0.759657714032588,0.05952512100338936,3.7716197967529297,ok,ok,131,536576,10.87775668501854,5633405321433157,1748473575535911,122487221385806,5633405321433157,7504366118354874,378051431572934018203648,438775463837480094007296,31.679064071982722,41.245311273286866,3.4751467104634868,4.524549950961808,31.39229318384144,41.09635371168067,3.443688366040292,4.50820952565637,8,240,62,53,61,1,4,0.04674551635980606,0.0417217668145895,56.85546875,57.07421875,
mtn_knn,60,36,mtnknn_N60_seed36,ok,60,154,5.133333333333334,0,59,0,11,13,10.39713740348816,10.343210220336914,1.0052137761877076,9.989572447624585,0.832464370635382,0.07364007085561752,5.171605110168457,ok,ok,36,147456,10.39713740348816,11091119719348603,3397174836649499,233370320374130,11091119719348603,14721664876372232,744312444853483567316992,862218021174856269168640,33.64457766637406,43.21251001117993,3.3679697347181645,4.325761711799328,33.36140221929794,43.065462747137175,3.3396226309195978,4.311041635958873,8,224,63,54,62,1,4,0.10206878185272217,0.04258333146572113,56.63671875,56.85546875,
mtn_knn,60,37,mtnknn_N60_seed37,ok,60,155,5.166666666666667,0,59,0,12,14,8.84742385149002,9.838833808898926,0.8992350133496304,11.201529973300739,0.8616561517923645,0.05276693031191826,4.919416904449463,ok,ok,3960,32440320,8.84742385149002,40188043180855485,14010356316415273,1103832002149584,40188043180855485,55302231499420342,10787895697000632586076160,12742410801971443772948480,30.267590350987888,40.51206544349536,2.7020943052539974,3.616654648075519,29.948346608733026,40.3455543171322,2.673594292932842,3.601789613856082,7,96,66,56,65,1,4,0.447835405357182,0.04030936397612095,56.8828125,57.1015625,
mtn_knn,60,38,mtnknn_N60_seed38,ok,60,150,5.0,0,59,0,10,12,15.259398527443409,10.75655460357666,1.4186139604934007,8.162772079013198,0.7420701890011998,0.04009715095162392,5.37827730178833,ok,ok,16,32768,15.259398527443409,1952926341370003,515977441621457,30603865342921,1952926341370003,2499507648334381,32764667061254276251648,37221361470682838335488,32.68228144448345,41.573962074029026,4.0038213891223124,5.0931180818973605,32.43551660822183,41.446429955501124,3.973590870142607,5.077494453393045,7,128,59,51,58,1,4,0.041479963809251785,0.03913739137351513,56.76171875,56.98046875,
mtn_knn,60,39,mtnknn_N60_seed39,ok,60,151,5.033333333333333,0,59,0,12,14,20.136039793491364,14.666086196899414,1.3729661426474067,10.254067714705187,0.7887744395927067,0.04320733621716499,7.333043098449707,ok,ok,2201,18030592,20.136039793491364,29525712370174943,9861413011909440,750422545753949,29525712370174943,40137547927838332,7925748063812751623979008,9299684517706409143435264,30.53442156689041,40.78444227980789,2.9777862226423086,3.9773915498255983,30.227370802870908,40.62457851127009,2.947841933940259,3.9618012716076625,8,256,66,55,65,1,4,0.34219375252723694,0.03736517857760191,56.94921875,57.16796875,
mtn_knn,60,40,mtnknn_N60_seed40,ok,60,144,4.8,0,59,0,10,12,11.354047499597073,12.544614791870117,0.9050933558322871,9.189813288335426,0.835437571666857,0.009893051348626614,6.272307395935059,ok,ok,65,133120,11.354047499597073,1207886958240915,326208387957107,19833954815793,1207886958240915,1553929301013815,20264980401990810992640,23084604330894602272768,30.80517588108248,39.694446612969635,3.3521003000336584,4.319396419441247,30.55326164253388,39.56417498981316,3.3246879652402677,4.305220764390472,8,192,58,51,57,1,4,0.025961190462112427,0.03954212833195925,56.625,56.84375,
sparse,80,1,sparse_N80_seed1,ok,80,193,4.825,0,79,0,5,7,0.685077547095716,1.9847198724746704,0.3451759397367848,5.309648120526431,0.8849413534210717,0.0010000000474974513,0.9923599362373352,ok,ok,32,2048,0.685077547095716,624132018126,51775432984,925931678,624132018126,676833382788,10225778984976384,10653715948134400,23.774955065672643,29.280066155367713,4.47768939221446,5.514502183708684,23.69389184764848,29.239069292128043,4.462422237746957,5.5067809821697,22,280600,42,40,41,1,4,0.0003586551174521446,18.34508321341127,35.37890625,141.1328125,
sparse,80,2,sparse_N80_seed2,ok,80,183,4.575,0,79,0,8,10,1.2893169950693846,1.999009609222412,0.6449778876105111,7.7100442247789776,0.8566715805309976,0.008512474596500397,0.999504804611206,ok,ok,991,507392,1.2893169950693846,967129908319495,134645135641001,4176223103908,967129908319495,1105951267064404,1014109210746022789120,1085796811450322780160,27.74076770038132,35.29956189940013,3.5980037068044908,4.578386435962637,27.60663940962086,35.231258395780266,3.5806071411234033,4.569527407190746,20,616666,55,50,54,1,4,0.0036036232486367226,29.462651463225484,35.1171875,301.6015625,
sparse,80,3,sparse_N80_seed3,ok,80,203,5.075,0,79,0,4,6,0.35080424696207047,1.9917352199554443,0.1761299611752199,4.64774007764956,0.9295480155299121,0.0010000000474974513,0.9958676099777222,ok,ok,6,192,0.35080424696207047,43462834891,2991478928,42565790,43462834891,46496879609,178023771713536,184193907927040,22.77089157287722,27.589514794031935,4.89934703585938,5.936113967884455,22.703412570308817,27.55544283422843,4.8848283662606,5.928783101864783,24,190051,38,36,37,1,4,0.00017890427261590958,10.798835868015885,35.4921875,114.58203125,
sparse,80,4,sparse_N80_seed4,ok,80,196,4.9,0,79,0,5,7,1.0055075362324715,1.9953655004501343,0.5039214800524712,4.992157039895058,0.8320261733158429,0.00649405037984252,0.9976827502250671,ok,ok,7,448,1.0055075362324715,672665581728,62248287500,1198174547,672665581728,736112043775,11020952891031552,11535798585176064,25.378738028423594,30.879438283209737,5.083721891280305,6.1855903242697,25.28860398724327,30.833781431722834,5.065666761912376,6.1764446080748705,21,198440,42,40,41,1,4,0.00017739646136760712,10.344150822609663,35.5234375,127.12109375,
sparse,80,5,sparse_N80_seed5,ok,80,183,4.575,0,79,0,4,6,1.560474932193756,1.9586232900619507,0.7967202984420749,3.40655940311585,0.68131188062317,0.002480368362739682,0.9793116450309753,ok,ok,8,256,1.560474932193756,23548858803,1727811950,26531379,23548858803,25303202132,96456125657088,100021852662784,21.874755249473402,26.69123236019145,6.421363217522464,7.835246417772136,21.802901656083517,26.65493192000313,6.4002705005353,7.824590375738899,21,82160,37,35,36,1,4,0.00011663604527711868,2.529299896210432,35.6015625,63.27734375,
sparse,80,6,sparse_N80_seed6,ok,80,189,4.725,0,79,0,8,10,1.6002194562461227,1.9857672452926636,0.805844421112043,7.388311157775914,0.8209234619751016,0.0035095305647701025,0.9928836226463318,ok,ok,750,384000,1.6002194562461227,1287722697669372,182626346928627,5775166368317,1287722697669372,1476124210966316,1350275115431359414272,1447537842822331498496,28.308123064789093,35.86575319500166,3.8314741299161286,4.854391271441557,28.17157849604225,35.79619748220165,3.8129929688184214,4.84497698023012,20,616666,55,51,54,1,4,0.005278761498630047,41.624771600589156,35.44140625,301.9453125,
sparse,80,7,sparse_N80_seed7,ok,80,191,4.775,0,4,1,3,5,0.7099325209856033,1.9797269105911255,0.35860123797257726,3.2827975240548453,0.8206993810137113,0.0010000000474974513,0.9898634552955627,ok,ok,1,16,0.7099325209856033,1242425875,72303134,840698,1242425875,1315569707,1272244096000,1309478519296,20.99753564601833,25.128061374774912,6.396232326897396,7.654465799565133,20.940331656207764,25.099214739567437,6.378806948270964,7.645678588353933,20,21700,32,31,31,1,4,0.00012845732271671295,0.7012983374297619,35.609375,42.265625,
sparse,80,8,sparse_N80_seed8,ok,80,167,4.175,0,79,0,3,5,0.7671398259699345,1.9994648694992065,0.3836725704323453,3.2326548591353093,0.8081637147838273,0.0019615530036389828,0.9997324347496033,ok,ok,2,32,0.7671398259699345,637056866,42248905,560001,637056866,679865772,652346230784,674121030400,19.644258761972054,23.77093959926458,6.076819090803472,7.353380003463463,19.57922230057758,23.738105383937253,6.0567004996675555,7.343222960179197,19,16664,31,30,30,1,4,8.516944944858551e-05,0.4838534230366349,35.44140625,41.28125,
sparse,80,9,sparse_N80_seed9,ok,80,165,4.125,0,3,1,3,5,0.29174973629415035,1.9926252365112305,0.14641475524266553,3.707170489514669,0.9267926223786672,0.003497330704703927,0.9963126182556152,ok,ok,3,48,0.29174973629415035,602297330,39317367,519550,602297330,642134247,616752465920,637015962624,19.181695658602838,23.308859540361073,5.174214596511326,6.287506767300739,19.117649496329207,23.276532579688876,5.156938303863125,6.278786650229342,18,12495,31,30,30,1,4,0.00011575780808925629,0.37862211745232344,35.7109375,40.35546875,
sparse,80,10,sparse_N80_seed10,ok,80,195,4.875,0,79,0,5,7,1.3079538941383362,1.990923285484314,0.6569584592608559,4.686083081478288,0.781013846913048,0.0012798634124919772,0.995461642742157,ok,ok,13,832,1.3079538941383362,697285504556,62768984415,1181715557,697285504556,761236204528,11424325706645504,11943369533894656,24.79326017621407,30.29512022776026,5.290828127697791,6.464913169700623,24.705511425536496,30.25068887001606,5.272102733983711,6.455431614002258,23,390656,42,40,41,1,4,0.00016390159726142883,24.78491158504039,35.40625,208.1796875,
sparse,80,11,sparse_N80_seed11,ok,80,195,4.875,0,79,0,3,5,0.9303262084722519,1.9767261743545532,0.4706398997200636,3.058720200559873,0.7646800501399682,0.014302525669336319,0.9883630871772766,ok,ok,4,64,0.9303262084722519,1342644003,76119376,863645,1342644003,1419627024,1374867459072,1414061672704,19.687365653783804,23.818604214865807,6.436471583827837,7.787114431227156,19.631612282279413,23.790495365639085,6.418243904325087,7.777924689314321,21,27896,33,31,32,1,4,0.00015517231076955795,1.6711905896663666,35.73046875,46.3828125,
sparse,80,12,sparse_N80_seed12,ok,80,194,4.85,0,79,0,6,8,1.090229911613278,1.994381070137024,0.546650751923941,5.906698496152118,0.843814070878874,0.0010000000474974513,0.997190535068512,ok,ok,95,12160,1.090229911613278,10799364652018,1039361779394,21917866762,10799364652018,11860644298174,707747161834651648,742164070950862848,25.5503699417318,31.74243957799438,4.325660088859526,5.373973226951197,25.456631528210863,31.69495615325037,4.3097902398089944,5.365934315743025,21,401930,47,44,46,1,4,0.0009527867659926414,15.582874082960188,35.6328125,207.21875,
sparse,80,13,sparse_N80_seed13,ok,80,209,5.225,0,79,0,3,5,1.1829254804179072,1.99105703830719,0.5941193334288597,2.8117613331422806,0.7029403332855702,0.0010000000474974513,0.995528519153595,ok,ok,4,64,1.1829254804179072,1947844673,102435051,1082649,1947844673,2051362373,1994592945152,2047316849408,20.055475620441648,24.188668114474414,7.132709090223058,8.602674711172018,20.00369494121475,24.162578024574422,7.114293345395587,8.59339579777618,23,44552,33,31,32,1,4,0.00016523152589797974,2.5789848202839494,35.82421875,54.75390625,
sparse,80,14,sparse_N80_seed14,ok,80,201,5.025,0,79,0,6,8,1.4920057356357574,1.9946249723434448,0.7480131635386225,5.503973672922755,0.7862819532746793,0.00730963284149766,0.9973124861717224,ok,ok,70,8960,1.4920057356357574,13973467490106,1384581620670,29786711710,13973467490106,15387835822486,915765165431586816,961623161462358016,26.116103189521134,32.30687353881191,4.744954235155851,5.869736204907409,26.019686226091853,32.25801085113136,4.727436534461967,5.860858493896376,23,880970,47,44,46,1,4,0.001474505290389061,66.87899570539594,35.75390625,413.75390625,
sparse,80,15,sparse_N80_seed15,ok,80,191,4.775,0,79,0,3,5,0.5572388619184494,1.9947564601898193,0.2793518271726379,3.4412963456547243,0.8603240864136811,0.0151491928845644,0.9973782300949097,ok,ok,1,16,0.5572388619184494,1239357179,74527339,882268,1239357179,1314766786,1269101751296,1307485609472,20.996925137798506,25.126538304445177,6.1014580055888015,7.301474729478644,20.937858678113273,25.09674176147294,6.084293991289418,7.2928162066490545,21,27896,32,31,31,1,4,0.00010615214705467224,0.9347287463024259,35.578125,45.921875,
sparse,80,16,sparse_N80_seed16,ok,80,175,4.375,0,79,0,4,6,0.754165249876678,1.9972656965255737,0.3775988598755876,4.244802280248825,0.848960456049765,0.0010000000474974513,0.9986328482627869,ok,ok,6,192,0.754165249876678,17841899602,1402165518,22888683,17841899602,19266953803,73080420769792,75975493762048,21.88989775788742,26.70393658168939,5.1568709948497915,6.290973010908776,21.81305596913437,26.665086233053984,5.138768434664457,6.281820559022813,20,60460,37,35,36,1,4,0.00019924156367778778,2.221231355331838,35.78125,58.13671875,
sparse,80,17,sparse_N80_seed17,ok,80,182,4.55,0,79,0,4,6,1.1256883442401886,1.9917693138122559,0.565170040744134,3.869659918511732,0.7739319837023464,0.005347704980522394,0.9958846569061279,ok,ok,7,224,1.1256883442401886,22717075917,1676564922,25825713,22717075917,24419466552,93049142956032,96509193446400,21.972736311617613,26.78901333675527,5.678208621513259,6.922834021822338,21.90047257262512,26.752502836544732,5.659534179698154,6.913398954922561,21,82160,37,35,36,1,4,0.0002219146117568016,2.7253964683040977,35.72265625,61.71484375,
sparse,80,18,sparse_N80_seed18,ok,80,195,4.875,0,79,0,3,5,0.888760507106781,1.994946837425232,0.4455058603235038,3.1089882793529924,0.7772470698382481,0.008962780237197876,0.997473418712616,ok,ok,2,32,0.888760507106781,1377379976,77844732,882782,1377379976,1456107490,1410437095424,1450519590400,20.40588542898544,24.537207043580402,6.563513141719557,7.892344659686787,20.350301782874773,24.509184866234445,6.545634770649521,7.8833313811446795,22,35443,33,31,32,1,4,0.0001473408192396164,1.1970655918121338,35.86328125,47.56640625,
sparse,80,19,sparse_N80_seed19,ok,80,215,5.375,0,9,1,3,5,0.8900492712855339,1.9955207109451294,0.44602356989017866,3.1079528602196427,0.7769882150549107,0.0021939342841506004,0.9977603554725647,ok,ok,1,16,0.8900492712855339,2195810685,119367217,1268519,2195810685,2316446421,2248510141440,2309950897408,21.563300133263613,25.695658661463213,6.9381039877611625,8.267711840277807,21.509817147861092,25.66870023122076,6.920895558995373,8.259037825112548,24,53661,33,32,32,1,4,0.00023819133639335632,1.8641991429030895,35.7578125,56.21875,
sparse,80,20,sparse_N80_seed20,ok,80,200,5.0,0,79,0,5,7,1.2095983736217022,1.996403694152832,0.6058886672893038,4.788222665421392,0.7980371109035654,0.0010000000474974513,0.998201847076416,ok,ok,17,1088,1.2095983736217022,794059823849,68557387657,1248035403,794059823849,863865246909,13009876153942016,13576610226638848,24.651469285304874,30.155028443343987,5.1483548297216455,6.297749822937728,24.567211296197033,30.112388740676593,5.130757905978663,6.2888447018423115,22,280600,43,40,42,1,4,0.0004940442740917206,13.919064179062843,35.8828125,137.15625,
sparse,80,21,sparse_N80_seed21,ok,80,208,5.2,0,6,1,3,5,0.801847904920578,1.9929304122924805,0.4023461632050701,3.19530767358986,0.798826918397465,0.0030316265765577555,0.9964652061462402,ok,ok,2,32,0.801847904920578,1889995864,101120115,1081029,1889995864,1992197008,1935355764736,1987406007040,20.719356710257024,24.85211548750152,6.484307248878875,7.777690922508473,20.666693297095836,24.82557638045551,6.467825764608529,7.76938527255014,22,35443,33,31,32,1,4,0.00020920205861330032,1.9446041630581021,35.7890625,47.734375,
sparse,80,22,sparse_N80_seed22,ok,80,205,5.125,0,79,0,6,8,1.208140783244744,1.9893147945404053,0.6073150345839874,5.785369930832025,0.8264814186902893,0.003550872439518571,0.9946573972702026,ok,ok,22,2816,1.208140783244744,16482647921641,1727721897621,38499625992,16482647921641,18248869445254,1080206814192664576,1137451583206162432,27.444081792474602,33.63224926333761,4.743703880752138,5.813327352517418,27.342286849001592,33.5806114740411,4.726108645755925,5.8044017712816665,24,1243730,47,44,46,1,4,0.0006077010184526443,60.01925491169095,35.74609375,460.45703125,
sparse,80,23,sparse_N80_seed23,ok,80,197,4.925,0,79,0,3,5,1.3672888576984406,1.985871434211731,0.6885082458730115,2.622983508253977,0.6557458770634943,0.0010000000474974513,0.9929357171058655,ok,ok,3,48,1.3672888576984406,1463944714,81677345,914691,1463944714,1546536750,1499079387136,1541132348672,20.06067162447551,24.192337542597407,7.648035743018894,9.22321374361265,20.005788199443153,24.164671282802825,7.627111697991675,9.212666113516036,20,21700,33,31,32,1,4,0.00011211913079023361,0.782516760751605,35.8203125,42.63671875,
sparse,80,24,sparse_N80_seed24,ok,80,195,4.875,0,79,0,5,7,0.4647771753370762,1.9841688871383667,0.23424274936968345,5.5315145012606335,0.9219190835434389,0.0062141926027834415,0.9920844435691833,ok,ok,20,1280,0.4647771753370762,667885782659,55909274305,1003518048,667885782659,724798575012,10942640663085056,11404759848116224,24.31342735207621,29.818191836792362,4.395437695505485,5.390601765573749,24.231650738266215,29.776828182745778,4.3806539299036125,5.383123948415869,20,125364,42,40,41,1,4,0.00031222961843013763,3.382760833017528,35.8828125,81.58984375,
sparse,80,25,sparse_N80_seed25,ok,80,188,4.7,0,9,1,3,5,0.29281698958948255,1.9954580068588257,0.14674174479393026,3.7065165104121394,0.9266291276030348,0.0067115058191120625,0.9977290034294128,ok,ok,4,64,0.29281698958948255,1169230866,66270153,763994,1169230866,1236265013,1197292406784,1231418307584,19.54906622369139,23.680304633245843,5.274242315871316,6.388830203973044,19.493317628980368,23.65220071234004,5.259201618074768,6.381247903765597,21,26736,32,31,31,1,4,0.00020116940140724182,1.2246339796110988,35.84375,45.98828125,
sparse,80,26,sparse_N80_seed26,ok,80,192,4.8,0,79,0,6,8,1.3829194628633559,1.9894675016403198,0.695120408713958,5.609759182572084,0.8013941689388692,0.0017650009831413627,0.9947337508201599,ok,ok,121,15488,1.3829194628633559,9793924524790,1010942131883,22642250868,9793924524790,10827508907541,641854637656637440,675352160072400896,25.217320587115648,31.40618985884479,4.4952590238558985,5.598491635151618,25.116992817312074,31.355317442351577,4.477374518204521,5.589423078937786,22,499090,47,44,46,1,4,0.0011345865204930305,23.83380780927837,35.7578125,223.6640625,
sparse,80,27,sparse_N80_seed27,ok,80,202,5.05,0,79,0,6,8,0.9159794095903635,1.9998019933700562,0.45803505178368165,6.083929896432637,0.8691328423475195,0.0025172517634928226,0.9999009966850281,ok,ok,127,16256,0.9159794095903635,14119283499507,1356981205581,28469222446,14119283499507,15504733927534,925321363423690752,970253363308724224,25.527979421445202,31.720116281210654,4.195968700496326,5.213754402365814,25.43437551658657,31.672700141626077,4.180583266007097,5.205960732749013,21,401930,47,44,46,1,4,0.0026876935735344887,24.136042180471122,35.81640625,215.6015625,
sparse,80,28,sparse_N80_seed28,ok,80,197,4.925,0,79,0,4,6,0.9389711245894432,1.9961700439453125,0.4703863418036382,4.0592273163927235,0.8118454632785448,0.0073461285792291164,0.9980850219726562,ok,ok,8,256,0.9389711245894432,36773753040,2551760580,36860512,36773753040,39362374132,150625292451840,155889043283968,22.316634684025857,27.134988164632205,5.497754361748279,6.684766840982438,22.248608653361384,27.100638917280996,5.480995992393166,6.676304824772482,22,110056,38,36,37,1,4,0.000245753675699234,3.137395452708006,35.78515625,77.56640625,
sparse,80,29,sparse_N80_seed29,ok,80,194,4.85,0,79,0,3,5,0.5984766110777855,1.9981850385665894,0.29951010518380544,3.4009797896323892,0.8502449474080973,0.0028582459781318903,0.9990925192832947,ok,ok,2,32,0.5984766110777855,1344041257,75530189,855370,1344041257,1420426816,1376298247168,1415188678656,20.381076057484016,24.512548077141155,5.992707195618766,7.207495955096724,20.325799595188897,24.484682678548566,5.976454096302026,7.199302610732394,22,35443,33,31,32,1,4,0.00013319961726665497,1.11568817589432,35.66796875,47.9140625,
sparse,80,30,sparse_N80_seed30,ok,80,192,4.8,0,1,1,3,5,1.022849217057228,1.9782733917236328,0.5170413863606782,2.9659172272786436,0.7414793068196609,0.03078857809305191,0.9891366958618164,ok,ok,1,16,1.022849217057228,1281174491,76556891,899573,1281174491,1358630955,1311922678784,1351350097664,21.02974337894594,25.159536558743618,7.09046873780818,8.48288560696907,20.971043065260666,25.12992614862034,7.070677115457634,8.472902047801963,21,27896,32,31,31,1,4,0.00022760126739740372,1.3163538817316294,35.88671875,46.41015625,
sparse,80,31,sparse_N80_seed31,CENSORED,80,198,4.95,0,79,0,8,10,1.1061747141648084,1.9963821172714233,0.5540896728110771,7.891820654377845,0.8768689615975385,0.0030285657849162817,0.9981910586357117,ok,WALL,857,438784,1.1061747141648084,,,,,,,,,,,,,,,,,,,,,,,0.009034520946443081,120.00009646359831,35.69921875,1916.86328125,exceeded the declared 120s per-count wall
sparse,80,32,sparse_N80_seed32,ok,80,196,4.9,0,79,0,3,5,0.34774631808977574,1.9945905208587646,0.17434471609744473,3.6513105678051105,0.9128276419512776,0.0010000000474974513,0.9972952604293823,ok,ok,2,32,0.34774631808977574,1402224168,79153555,895419,1402224168,1482273142,1435877548032,1476633395456,20.423695472620814,24.555049976970018,5.593524597086788,6.724996277632621,20.368178323801022,24.527061407160694,5.578319878729137,6.7173309286327,22,35252,33,31,32,1,4,0.0001816079020500183,1.375332553870976,35.72265625,47.75,
sparse,80,33,sparse_N80_seed33,ok,80,203,5.075,0,79,0,3,5,1.216742366552353,1.997219443321228,0.6092181660964608,2.7815636678070783,0.6953909169517696,0.017558280378580093,0.998609721660614,ok,ok,3,48,1.216742366552353,1694114327,92177316,1004842,1694114327,1787296485,1734773070848,1782225096192,20.20535768283695,24.337682742698064,7.26402847315244,8.749640723444356,20.15181363160512,24.31069671496479,7.2447788504127075,8.739938976169757,22,35443,33,31,32,1,4,0.00019180309027433395,1.3601791132241488,35.8203125,48.421875,
sparse,80,34,sparse_N80_seed34,ok,80,199,4.975,0,79,0,5,7,0.9728276766836643,1.9970530271530151,0.4871316201706074,5.025736759658785,0.8376227932764642,0.0013346305349841714,0.9985265135765076,ok,ok,50,3200,0.9728276766836643,799544806180,61329956051,1026391001,799544806180,861901153232,13099742104453120,13606361201963008,23.570383424182094,29.078407724949205,4.689935934046488,5.78589948410339,23.495285404973657,29.040462849453217,4.674993245481651,5.7783493720878605,22,258900,43,40,42,1,4,0.0005116630345582962,15.355916230939329,35.8125,134.80859375,
sparse,80,35,sparse_N80_seed35,ok,80,187,4.675,0,79,0,6,8,0.8928343132138252,1.998719334602356,0.44670319526951197,6.106593609460976,0.8723705156372823,0.0010729975765570998,0.999359667301178,ok,ok,49,6272,0.8928343132138252,8348015403292,852285911192,19021558183,8348015403292,9219322872667,547095537470144512,575334891417354240,25.960502411547083,32.149878123993446,4.251224835287278,5.264781018698129,25.861224652178752,32.09954927721826,4.234967365785047,5.256539296717939,21,338650,46,43,45,1,4,0.0010325321927666664,12.869629117660224,35.8515625,144.390625,
sparse,80,36,sparse_N80_seed36,ok,80,180,4.5,0,79,0,3,5,0.7721388526260853,1.94709050655365,0.3965603293874464,3.206879341225107,0.8017198353062768,0.01865771785378456,0.973545253276825,ok,ok,1,16,0.7721388526260853,927631153,56141756,685086,927631153,984457995,949894300672,978814261760,20.707601788805135,24.837019016826943,6.45724381413562,7.744918462488392,20.648144747300893,24.807027830660566,6.438703346853329,7.735566321988176,22,35443,32,30,31,1,4,0.00018979422748088837,1.0224385196343064,35.828125,47.390625,
sparse,80,37,sparse_N80_seed37,ok,80,206,5.15,0,79,0,6,8,0.9349056407809258,1.987064242362976,0.47049593105714343,6.059008137885713,0.8655725911265304,0.003845004364848137,0.993532121181488,ok,ok,233,29824,0.9349056407809258,17474141567450,1550829024308,30428168673,17474141567450,19055398760431,1145185341764403200,1196501442348466176,25.127333123283194,31.322864790246086,4.147103379209416,5.169635702317472,25.040704825811176,31.279029450850686,4.132805940503179,5.162400963825984,23,793928,47,44,46,1,4,0.002209900878369808,41.54250609781593,35.7109375,377.15234375,
sparse,80,38,sparse_N80_seed38,ok,80,182,4.55,0,79,0,6,8,1.3201643768697977,1.9976177215576172,0.6608693758685802,5.67826124826284,0.8111801783232628,0.024445666000247,0.9988088607788086,ok,ok,33,4224,1.3201643768697977,6430982884835,674871334312,15498996755,6430982884835,7121353215902,421460894340546560,443829013786116096,26.097611320240343,32.28567795369987,4.596056817256239,5.685838770376598,25.995640940257655,32.23396556529716,4.578098788288501,5.676731688799728,20,261433,46,43,45,1,4,0.0004882700741291046,12.247678872197866,35.5625,141.4375,
sparse,80,39,sparse_N80_seed39,ok,80,199,4.975,0,79,0,3,5,0.6292867315933108,1.9957503080368042,0.31531335811859784,3.3693732837628043,0.8423433209407011,0.00353149208240211,0.9978751540184021,ok,ok,3,48,0.6292867315933108,1524085427,84718932,942445,1524085427,1609746804,1560663477248,1604280836352,20.100730450311026,24.23249568414687,5.96571788206951,7.191989026839087,20.046048058433705,24.204931141793377,5.949488634885519,7.183808116019165,24,53661,33,31,32,1,4,0.00019485130906105042,2.2140984712168574,35.76953125,58.16015625,
sparse,80,40,sparse_N80_seed40,ok,80,194,4.85,0,79,0,3,5,1.3096808642148972,1.992600440979004,0.6572721943047574,2.685455611390485,0.6713639028476213,0.006699189078062773,0.996300220489502,ok,ok,1,16,1.3096808642148972,1357558465,81785156,960515,1357558465,1440304136,1390139868160,1432259759872,21.088120133789122,25.217685842335513,7.852715957896633,9.39046831955573,21.028953676984923,25.187836760344595,7.830683772165004,9.379353229116584,22,35443,33,31,32,1,4,0.0001037968322634697,1.0535162910819054,35.69921875,48.0703125,
sparse,100,1,sparse_N100_seed1,ok,100,236,4.72,0,99,0,3,5,0.42881952971220016,1.99221670627594,0.21524743184881454,3.569505136302371,0.8923762840755928,0.002207030775025487,0.99610835313797,ok,ok,2,32,0.42881952971220016,4017598551,182728872,1671468,4017598551,4201998891,4114020916224,4208005994496,21.4656789948873,25.602274113110745,6.013628829547915,7.172499586212107,21.420803005144503,25.579686088504175,6.001056781594713,7.166171531273385,27,98958,34,32,33,1,4,0.0001866612583398819,6.673290724866092,35.828125,77.86328125,
sparse,100,2,sparse_N100_seed2,ok,100,235,4.7,0,99,0,4,6,1.4575335904955864,1.9745982885360718,0.7381418281164283,3.5237163437671435,0.7047432687534287,0.0010000000474974513,0.9872991442680359,ok,ok,3,96,1.4575335904955864,124258497355,7015276876,82596835,124258497355,131356371066,508962805166080,523414671367168,24.502567567732974,29.327046945052643,6.95361521113181,8.322760427900848,24.447017600091655,29.29904786401127,6.937850614262491,8.314814532627269,27,392621,39,37,38,1,4,0.00022272858768701553,20.899206128902733,35.83203125,186.47265625,
sparse,100,3,sparse_N100_seed3,CENSORED,100,259,5.18,0,99,0,6,8,1.5227867849171162,1.986223578453064,0.7666744073711542,5.466651185257692,0.7809501693225274,0.005112771410495043,0.993111789226532,ok,WALL,151,19328,1.5227867849171162,,,,,,,,,,,,,,,,,,,,,,,0.0015340251848101616,120.00009973626584,35.625,1195.62109375,exceeded the declared 120s per-count wall
sparse,100,4,sparse_N100_seed4,CENSORED,100,258,5.16,0,99,0,5,7,0.6402861187234521,1.9961527585983276,0.32076008009179247,5.358479839816415,0.8930799733027358,0.0024444162845611572,0.9980763792991638,ok,WALL,15,960,0.6402861187234521,,,,,,,,,,,,,,,,,,,,,,,0.0017081936821341515,120.00013579241931,35.81640625,709.05859375,exceeded the declared 120s per-count wall
sparse,100,5,sparse_N100_seed5,ok,100,245,4.9,0,99,0,3,5,0.502236045897007,1.9994359016418457,0.2511888705632392,3.4976222588735215,0.8744055647183804,0.0010000000474974513,0.9997179508209229,ok,ok,1,16,0.502236045897007,4833290211,212930735,1881112,4833290211,5048102058,4949289176064,5058791277056,22.342278179492837,26.47955997040006,6.387847665027329,7.5707317744850835,22.29879327580296,26.457676359162633,6.375414960615195,7.564475063606169,27,101584,34,33,33,1,4,0.00021912436932325363,4.485590600408614,35.79296875,75.9375,
sparse,100,6,sparse_N100_seed6,CENSORED,100,254,5.08,0,99,0,6,8,1.1916458811610937,1.9983257055282593,0.5963221500201245,5.807355699959751,0.8296222428513931,0.0010000000474974513,0.9991628527641296,ok,WALL,28,3584,1.1916458811610937,,,,,,,,,,,,,,,,,,,,,,,0.001959727145731449,120.00007497612387,35.734375,1813.83203125,exceeded the declared 120s per-count wall
sparse,100,7,sparse_N100_seed7,CENSORED,100,240,4.8,0,99,0,8,10,0.7277435166761279,1.9984372854232788,0.364156294512884,8.271687410974232,0.9190763789971369,0.005420321132987738,0.9992186427116394,ok,WALL,2325,1190400,0.7277435166761279,,,,,,,,,,,,,,,,,,,,,,,0.02078812476247549,120.00015020836145,35.76171875,1933.3984375,exceeded the declared 120s per-count wall
sparse,100,8,sparse_N100_seed8,ok,100,225,4.5,0,99,0,4,6,0.9177544713020325,1.9917869567871094,0.4607693951276969,4.0784612097446065,0.8156922419489212,0.0022922158241271973,0.9958934783935547,ok,ok,5,160,0.9177544713020325,95291998348,5744926235,71581764,95291998348,101108506347,390316025233408,402154933889024,23.73002218495186,28.552684722747422,5.8183763347446025,7.0008474408257015,23.670773768877197,28.522804032796813,5.803849185158601,6.993520979100574,25,245506,39,37,38,1,4,0.00022177863866090775,13.9311687303707,35.796875,125.02734375,
sparse,100,9,sparse_N100_seed9,ok,100,218,4.36,0,99,0,6,8,1.637260653078556,1.9816418886184692,0.8262141926258918,5.347571614748216,0.763938802106888,0.01896676793694496,0.9908209443092346,ok,ok,51,6528,1.637260653078556,37754344654497,3163029551942,58164087091,37754344654497,40975538293530,2474268731277115392,2578867844038049792,27.412170744868753,33.61002625973238,5.126096987512606,6.285100730028254,27.33029604246224,33.56862066750175,5.1107863552658666,6.277357852473059,25,1807781,48,46,47,1,4,0.00082402303814888,115.06840916816145,35.734375,797.7578125,
sparse,100,10,sparse_N100_seed10,ok,100,257,5.14,0,11,1,3,5,0.992237001657486,1.9802757501602173,0.5010600173118352,2.9978799653763293,0.7494699913440823,0.01801369898021221,0.9901378750801086,ok,ok,3,48,0.992237001657486,6104550524,262033918,2233793,6104550524,6368818235,6251059736576,6385792953600,21.47606748024317,25.613895776864688,7.1637516272427675,8.544003119767781,21.433688028888145,25.592571112247818,7.149615153519843,8.536889871451253,27,101584,35,33,34,1,4,0.0012335274368524551,4.506855558604002,35.83203125,76.16796875,
sparse,100,11,sparse_N100_seed11,ok,100,247,4.94,0,99,0,4,6,0.588825061917305,1.999409556388855,0.29449947362499623,4.411001052750008,0.8822002105500015,0.007660854607820511,0.9997047781944275,ok,ok,13,416,0.588825061917305,167374098849,8875814147,98546114,167374098849,176348459110,685564308885504,703842887479296,23.330778398448015,28.156891015724746,5.289225307235554,6.383333551500861,23.27854789945782,28.130578163377436,5.277384344523104,6.377368272410551,28,499178,40,38,39,1,4,0.000277726911008358,23.95247264392674,35.77734375,218.68359375,
sparse,100,12,sparse_N100_seed12,CENSORED,100,257,5.14,0,99,0,5,7,1.7542158551514149,1.9999924898147583,0.8771112212095818,4.245777557580836,0.7076295929301394,0.011251430958509445,0.9999962449073792,ok,WALL,13,832,1.7542158551514149,,,,,,,,,,,,,,,,,,,,,,,0.0014609703794121742,120.0001156842336,35.7265625,1189.08203125,exceeded the declared 120s per-count wall
sparse,100,13,sparse_N100_seed13,CENSORED,100,252,5.04,0,99,0,6,8,1.5135661815293133,1.9843817949295044,0.762739400954383,5.474521198091234,0.7820744568701763,0.001021579373627901,0.9921908974647522,ok,WALL,115,14720,1.5135661815293133,,,,,,,,,,,,,,,,,,,,,,,0.002637077122926712,120.00011445209384,35.83203125,1440.078125,exceeded the declared 120s per-count wall
sparse,100,14,sparse_N100_seed14,ok,100,241,4.82,0,99,0,3,5,1.4371944665908813,1.983230471611023,0.724673449285708,2.5506531014285843,0.6376632753571461,0.0026836255565285683,0.9916152358055115,ok,ok,2,32,1.4371944665908813,4506891026,197122785,1745915,4506891026,4705759726,4615056410624,4716430230784,21.57890588843961,25.716337419544548,8.460149236426378,10.082255954422495,21.53572622096974,25.69460930432941,8.44322036928812,10.073737306707145,28,122438,34,33,33,1,4,0.00021083932369947433,6.200282817706466,35.81640625,79.7578125,
sparse,100,15,sparse_N100_seed15,CENSORED,100,242,4.84,0,99,0,6,8,1.513866439461708,1.9972803592681885,0.7579639144984106,5.484072171003179,0.7834388815718827,0.0026913234032690525,0.9986401796340942,ok,WALL,50,6400,1.513866439461708,,,,,,,,,,,,,,,,,,,,,,,0.001256459392607212,120.00763408653438,35.77734375,804.27734375,exceeded the declared 120s per-count wall
sparse,100,16,sparse_N100_seed16,ok,100,223,4.46,0,99,0,5,7,1.2125284373760223,1.9829397201538086,0.611480230615367,4.777039538769266,0.7961732564615444,0.0010000000474974513,0.9914698600769043,ok,ok,18,1152,1.2125284373760223,2216301422915,161150810250,2492517544,2216301422915,2379944750709,36311882513039360,37642239302467584,25.6077266314585,31.117648359229072,5.360585028370093,6.514002680255412,25.53648913883841,31.08166658331797,5.345672551292617,6.506470447034588,23,390656,44,42,43,1,4,0.00038182642310857773,28.713337728753686,35.8671875,209.4296875,
sparse,100,17,sparse_N100_seed17,ok,100,222,4.44,0,99,0,4,6,1.2743459083139896,1.9901741743087769,0.6403187845388421,3.719362430922316,0.7438724861844632,0.003696915926411748,0.9950870871543884,ok,ok,3,96,1.2743459083139896,87657234496,5121339496,62714896,87657234496,92841288888,359044032495616,369596755836928,24.155545012483472,28.979085486692227,6.494539174686844,7.7914121102487135,24.098087694699217,28.950117958618833,6.479091011499906,7.783623805502566,25,245506,39,37,38,1,4,0.0003042798489332199,20.388036598451436,35.80078125,129.27734375,
sparse,100,18,sparse_N100_seed18,ok,100,233,4.66,0,99,0,3,5,0.35551390796899796,1.9948360919952393,0.17821710234519178,3.6435657953096166,0.9108914488274041,0.0010000000474974513,0.9974180459976196,ok,ok,2,32,0.35551390796899796,3781793758,172413477,1587335,3781793758,3955794570,3872556808192,3961238866176,21.405300140082716,25.54184203446336,5.874821903213023,7.010122355233306,21.360317092613307,25.519200175972976,5.862476017342837,7.003908151960365,27,101584,34,32,33,1,4,0.0001360895112156868,4.130505237728357,35.734375,78.3515625,
sparse,100,19,sparse_N100_seed19,CENSORED,100,265,5.3,0,99,0,5,7,1.538938507437706,1.9972363710403442,0.7705339887416958,4.458932022516608,0.7431553370861015,0.0010000000474974513,0.9986181855201721,ok,WALL,18,1152,1.538938507437706,,,,,,,,,,,,,,,,,,,,,,,0.001960485242307186,120.00007658731192,35.73828125,1182.64453125,exceeded the declared 120s per-count wall
sparse,100,20,sparse_N100_seed20,ok,100,235,4.7,0,99,0,4,6,1.5426706820726395,1.9788930416107178,0.7795624369960816,3.4408751260078367,0.6881750252015674,0.006029204931110144,0.9894465208053589,ok,ok,1,32,1.5426706820726395,123228236054,7130511547,85325544,123228236054,130444073145,504742854877184,519433515882496,25.594210413575954,30.41802403835128,7.438285167666286,8.840199927174574,25.5373040505361,30.38933431445572,7.421746827576659,8.831862012299748,26,313912,39,37,38,1,4,0.0002614986151456833,16.982912925072014,35.9140625,138.04296875,
sparse,100,21,sparse_N100_seed21,ok,100,253,5.06,0,99,0,3,5,0.5534360539168119,1.9984960556030273,0.2769262678128318,3.446147464374336,0.861536866093584,0.0010569111909717321,0.9992480278015137,ok,ok,4,64,0.5534360539168119,5628254730,234064565,1974371,5628254730,5864293666,5763332843520,5883679339776,21.105853518624876,25.244320336844126,6.124477764464076,7.325374377566674,21.064770875248435,25.223653958608107,6.112556439622018,7.319377426348056,28,122412,34,33,33,1,4,0.0011058840900659561,5.309452983550727,35.796875,79.87109375,
sparse,100,22,sparse_N100_seed22,ok,100,254,5.08,0,99,0,4,6,1.3711116313934326,1.9946751594543457,0.6873859259211448,3.6252281481577104,0.7250456296315421,0.0010000000474974513,0.9973375797271729,ok,ok,3,96,1.3711116313934326,196989166703,10525631243,116182102,196989166703,207630980048,806867626815488,828543090073600,24.96041591795472,29.786341769719712,6.885198640708792,8.216404748169218,24.90780228414888,29.759832548068495,6.870685448254249,8.209092319663252,29,621616,40,38,39,1,4,0.0016078129410743713,40.318119594827294,35.83203125,239.62109375,
sparse,100,23,sparse_N100_seed23,ok,100,240,4.8,0,99,0,3,5,1.0405996944755316,1.9961564540863037,0.5213016706908592,2.957396658618282,0.7393491646545705,0.009897544980049133,0.9980782270431519,ok,ok,2,32,1.0405996944755316,4388939224,195026732,1744670,4388939224,4585710626,4494273765376,4594574087680,21.55306373939827,25.690161274255253,7.287850169367549,8.686748596739774,21.509206219651052,25.668089303010724,7.27302039683115,8.679285285661697,26,83682,34,33,33,1,4,0.0002062162384390831,6.71852888725698,35.7734375,61.984375,
sparse,100,24,sparse_N100_seed24,CENSORED,100,238,4.76,0,99,0,6,8,0.9162268451182172,1.9985777139663696,0.4584394385644764,6.083121122871047,0.8690173032672924,0.0010000000474974513,0.9992888569831848,ok,WALL,9,1152,0.9162268451182172,,,,,,,,,,,,,,,,,,,,,,,0.0004304405301809311,120.00013295933604,35.74609375,1480.80859375,exceeded the declared 120s per-count wall
sparse,100,25,sparse_N100_seed25,ok,100,243,4.86,0,99,0,5,7,0.8927858513779938,1.9997249841690063,0.4464543166914497,5.107091366617101,0.8511818944361834,0.006843228358775377,0.9998624920845032,ok,ok,33,2112,0.8927858513779938,4094270323934,261545859262,3592010793,4094270323934,4359408193989,67080524987334656,69237821542617088,25.606849867286513,31.120933017485935,5.013979196586862,6.093670698924702,25.544102068816393,31.089279513295953,5.001692790496642,6.087472747504273,27,1285624,45,42,44,1,4,0.0006003323942422867,103.8409098321572,35.875,490.015625,
sparse,100,26,sparse_N100_seed26,CENSORED,100,254,5.08,0,99,0,6,8,1.844231478869915,1.9970765113830566,0.9234656100344948,5.153068779931011,0.7361526828472872,0.0010000000474974513,0.9985382556915283,ok,WALL,64,8192,1.844231478869915,,,,,,,,,,,,,,,,,,,,,,,0.0020525259897112846,120.00012491177768,35.40234375,2695.9296875,exceeded the declared 120s per-count wall
sparse,100,27,sparse_N100_seed27,ok,100,239,4.78,0,4,1,3,5,0.9648823142051697,1.9868848323822021,0.4856256882530585,3.028748623493883,0.7571871558734707,0.0010000000474974513,0.9934424161911011,ok,ok,1,16,0.9648823142051697,4266082616,192214645,1737782,4266082616,4460035043,4368468598784,4467327369216,22.218422460122405,26.35522271951986,7.335842363336126,8.701687064777659,22.173961822959008,26.33284490631868,7.321162823139717,8.694298596475074,26,83682,34,32,33,1,4,0.00021589826792478561,3.5881989942863584,35.83984375,62.5546875,
sparse,100,28,sparse_N100_seed28,ok,100,245,4.9,0,2,1,3,5,0.2628066102042794,1.9929733276367188,0.13186659678778404,3.7362668064244318,0.9340667016061079,0.0010000000474974513,0.9964866638183594,ok,ok,2,32,0.2628066102042794,4848341272,220413645,1979829,4848341272,5070734746,4964701462528,5078060084992,21.653604383805206,25.790214528754067,5.79551876396308,6.902669392990976,21.60875529706535,25.767638380425023,5.7835150476699235,6.896626958256331,28,122438,34,33,33,1,4,0.0002421317622065544,5.651761815883219,35.78515625,79.69140625,
sparse,100,29,sparse_N100_seed29,ok,100,261,5.22,0,1,1,3,5,0.8258724086917937,1.9977648258209229,0.4133982128514179,3.173203574297164,0.793300893574291,0.007302301470190287,0.9988824129104614,ok,ok,2,32,0.8258724086917937,6631308806,275715358,2293352,6631308806,6909317516,6790460217344,6932213578752,21.962989521704994,26.101464395060347,6.921393162293282,8.2255877330031,21.921920847738612,26.080803931098284,6.908450824052195,8.219076816360559,29,146596,35,33,34,1,4,0.0013252338394522667,7.463343547657132,35.796875,84.5234375,
sparse,100,30,sparse_N100_seed30,CENSORED,100,241,4.82,0,99,0,7,9,1.564764380455017,1.99712336063385,0.783509126826492,6.432981746347016,0.804122718293377,0.0051460000686347485,0.998561680316925,ok,WALL,90,23040,1.564764380455017,,,,,,,,,,,,,,,,,,,,,,,0.0018522003665566444,120.00013155117631,35.78125,2838.421875,exceeded the declared 120s per-count wall
sparse,100,31,sparse_N100_seed31,ok,100,249,4.98,0,7,1,3,5,0.9675548821687698,1.9969559907913208,0.48451487495493734,3.0309702500901254,0.7577425625225314,0.0010000000474974513,0.9984779953956604,ok,ok,2,32,0.9675548821687698,5144184642,228703138,2017756,5144184642,5374905536,5267645073408,5385257625600,21.711859655548082,25.848950363929863,7.163336444791065,8.528275842747465,21.667985537312113,25.826868620671785,7.148861172975161,8.520990471583753,25,68406,34,33,33,1,4,0.0002690460532903671,4.190750940702856,35.75390625,59.82421875,
sparse,100,32,sparse_N100_seed32,ok,100,254,5.08,0,1,1,3,5,0.9858735352754593,1.994904637336731,0.4941958211053315,3.011608357789337,0.7529020894473343,0.010513666085898876,0.9974523186683655,ok,ok,3,48,0.9858735352754593,5798589543,248856596,2132097,5798589543,6049578236,5937755692032,6065716086016,21.42464210483313,25.56247270904003,7.114020005097817,8.487980398554908,21.3822682540157,25.54115133737537,7.099949832026398,8.480900669343269,28,119486,34,33,33,1,4,0.0012171557173132896,5.533747696317732,35.15234375,78.421875,
sparse,100,33,sparse_N100_seed33,ok,100,251,5.02,0,99,0,3,5,0.7595020979642868,1.996866226196289,0.380347009729849,3.239305980540302,0.8098264951350755,0.002133141038939357,0.9984331130981445,ok,ok,1,16,0.7595020979642868,5399103461,227880887,1947664,5399103461,5628932012,5528681944064,5645855560192,22.451185565188723,26.589354140513404,6.930862876202872,8.208349041506235,22.4094987509921,26.568381834351772,6.917993818927316,8.201874720683312,29,143242,34,33,33,1,4,0.00022053532302379608,8.564283702522516,35.7578125,83.90625,
sparse,100,34,sparse_N100_seed34,ok,100,246,4.92,0,99,0,4,6,1.2705477811396122,1.9988722801208496,0.6356322981590381,3.728735403681924,0.7457470807363847,0.0010000000474974513,0.9994361400604248,ok,ok,6,192,1.2705477811396122,162767107370,8767240906,98405745,162767107370,171632754021,666694071787520,684750148645888,24.0768634108063,28.90257976912445,6.4571123461942905,7.7513088594553325,24.023826757691506,28.875857021611118,6.442888582002703,7.744142154226813,26,313912,40,38,39,1,4,0.00030136946588754654,18.48995719011873,35.74609375,137.51171875,
sparse,100,35,sparse_N100_seed35,CENSORED,100,249,4.98,0,99,0,7,9,1.498941852711141,1.9968284368515015,0.7506613112314231,6.498677377537154,0.8123346721921443,0.0010000000474974513,0.9984142184257507,ok,WALL,407,104192,1.498941852711141,,,,,,,,,,,,,,,,,,,,,,,0.0077476417645812035,120.00018590316176,35.7578125,2386.96484375,exceeded the declared 120s per-count wall
sparse,100,36,sparse_N100_seed36,CENSORED,100,242,4.84,0,99,0,5,7,1.7877566888928413,1.989168643951416,0.8987456615752415,4.202508676849517,0.7004181128082528,0.012476522475481033,0.994584321975708,ok,WALL,5,320,1.7877566888928413,,,,,,,,,,,,,,,,,,,,,,,0.0004267590120434761,120.00009692832828,35.8203125,605.37109375,exceeded the declared 120s per-count wall
sparse,100,37,sparse_N100_seed37,CENSORED,100,231,4.62,0,99,0,7,9,1.4119010977447033,1.9949806928634644,0.7077266977046044,6.584546604590791,0.8230683255738489,0.014332781545817852,0.9974903464317322,ok,WALL,263,67328,1.4119010977447033,,,,,,,,,,,,,,,,,,,,,,,0.004642259329557419,120.0001192651689,35.8515625,1203.58984375,exceeded the declared 120s per-count wall
sparse,100,38,sparse_N100_seed38,ok,100,225,4.5,0,99,0,4,6,1.0172671033069491,1.9681291580200195,0.5168700942017148,3.9662598115965704,0.793251962319314,0.00790083222091198,0.9840645790100098,ok,ok,3,96,1.0172671033069491,96978049467,5737481759,70633402,96978049467,102786164628,397222090616832,409044781862912,24.25730430691121,29.080497565617165,6.115914100228023,7.331969902877129,24.19913820701866,29.05116847093828,6.101248873375642,7.324575255004306,26,313912,39,37,38,1,4,0.00020636245608329773,20.492271984927356,35.7578125,139.48828125,
sparse,100,39,sparse_N100_seed39,CENSORED,100,247,4.94,0,99,0,7,9,0.767927776556462,1.995615005493164,0.3848075778357303,7.2303848443285395,0.9037981055410674,0.0027359346859157085,0.997807502746582,ok,WALL,408,104448,0.767927776556462,,,,,,,,,,,,,,,,,,,,,,,0.007130367681384087,120.38450786843896,35.75390625,3870.7421875,exceeded the declared 120s per-count wall
sparse,100,40,sparse_N100_seed40,CENSORED,100,236,4.72,0,99,0,8,10,1.3363390162121505,1.9968000650405884,0.6692402707754255,7.661519458449149,0.8512799398276832,0.0012791964691132307,0.9984000325202942,ok,WALL,371,189952,1.3363390162121505,,,,,,,,,,,,,,,,,,,,,,,0.009515389800071716,120.00009048637003,35.83984375,3637.97265625,exceeded the declared 120s per-count wall
dense,60,1,dense_N60_seed1,ok,60,223,7.433333333333334,0,59,0,4,6,1.006757266819477,1.9815406799316406,0.5080679276562762,3.9838641446874474,0.7967728289374896,0.0098014697432518,0.9907703399658203,ok,ok,21,672,1.006757266819477,56168487245,3900072720,54788696,56168487245,60123348661,230066123755520,238109576310784,21.77514166217403,26.59349374779032,5.465834393778604,6.675301361180503,21.707099273679546,26.559129537599162,5.448754898589185,6.666675512270223,24,180942,39,36,38,1,4,0.00041946955025196075,5.751529751345515,35.8046875,107.6015625,
dense,60,2,dense_N60_seed2,ok,60,217,7.233333333333333,0,59,0,3,5,0.411435604095459,1.9959132671356201,0.2061390196007462,3.5877219607985076,0.8969304901996269,0.0012530733365565538,0.9979566335678101,ok,ok,6,96,0.411435604095459,1911627803,103422967,1110886,1911627803,2016161656,1957506870272,2010743816192,19.63270190122065,23.765177635884157,5.47219157887337,6.62402992638672,19.5794614996952,23.73834458305487,5.457351966967212,6.616550792517797,23,44552,33,31,32,1,4,0.0001565171405673027,1.252019160427153,35.57421875,53.90625,
dense,60,3,dense_N60_seed3,ok,60,247,8.233333333333333,0,59,0,5,7,0.44037842378020287,1.970220923423767,0.22351728100366114,5.552965437992678,0.9254942396654463,0.013506622985005379,0.9851104617118835,ok,ok,587,37568,0.44037842378020287,2286194390242,166086699633,2556711552,2286194390242,2454837801427,37457008889724928,38828063423635456,22.15405698649913,27.664011761022564,3.9895902889875576,4.981844758432844,22.082884892959278,27.62806233743884,3.9767733366159654,4.975370843911827,25,726206,45,42,44,1,4,0.0035179145634174347,42.36660130228847,35.80078125,349.6875,
dense,60,4,dense_N60_seed4,ok,60,232,7.733333333333333,0,59,0,3,5,0.586975316517055,1.9767333269119263,0.29694208547292217,3.4061158290541558,0.8515289572635389,0.00425946107134223,0.9883666634559631,ok,ok,4,64,0.586975316517055,2695045978,135335247,1346568,2695045978,2831727793,2759727081472,2829363449344,20.377858528747375,24.512189789363152,5.982726234652478,7.196522672621483,20.328386740524326,24.487269823884,5.9682018348064565,7.189206431269212,24,55455,34,32,33,1,4,0.00021662190556526184,2.688999426551163,35.7265625,56.15625,
dense,60,5,dense_N60_seed5,ok,60,246,8.2,0,59,0,4,6,0.6340596377849579,1.9937955141067505,0.3180163829734695,4.363967234053061,0.8727934468106122,0.0010000000474974513,0.9968977570533752,ok,ok,31,992,0.6340596377849579,101760333603,6221741522,77391692,101760333603,108059466817,416810326437888,429631702167552,21.97196032672657,26.794226343732852,5.034859142679671,6.1398779841084075,21.911899010379074,26.76392927429869,5.021096134589504,6.132935432111741,27,397594,40,37,39,1,4,0.0009282343089580536,13.173541043885052,35.73046875,195.96484375,
dense,60,6,dense_N60_seed6,ok,60,210,7.0,0,59,0,3,5,0.2500836895778775,1.996399998664856,0.12526732605947077,3.7494653478810585,0.9373663369702646,0.0011022435501217842,0.998199999332428,ok,ok,4,64,0.2500836895778775,1618475762,91229586,1015643,1618475762,1710720991,1657319180288,1704288732928,19.87388638964297,24.005285890828524,5.300458744304526,6.402322374947317,19.81845629450386,23.977339377863533,5.285675277864322,6.394868908820263,22,35443,33,31,32,1,4,0.00021611619740724564,1.6570731569081545,35.72265625,47.0625,
dense,60,7,dense_N60_seed7,ok,60,233,7.766666666666667,0,5,1,3,5,0.8059031367301941,1.9939593076705933,0.4041723086473995,3.1916553827052008,0.7979138456763002,0.005727547686547041,0.9969796538352966,ok,ok,8,128,0.8059031367301941,2739725496,139391180,1399059,2739725496,2880515735,2805478907904,2877205351168,19.701793648035256,23.8358103108709,6.172907562262033,7.468165404081945,19.651682026706204,23.810565110065873,6.157206737667813,7.460255652627629,24,55455,34,32,33,1,4,0.00031853653490543365,2.5982168186455965,35.71875,56.02734375,
dense,60,8,dense_N60_seed8,ok,60,226,7.533333333333333,0,2,1,3,5,0.8036447055637836,1.9801089763641357,0.40585882653763394,3.188282346924732,0.797070586731183,0.006078825332224369,0.9900544881820679,ok,ok,5,80,0.8036447055637836,2364992270,121952077,1251118,2364992270,2488195465,2421752084480,2484511834112,20.02538565940622,24.159070676480056,6.280932326687368,7.577456463284302,19.974602677951925,24.133485761311594,6.265004320341482,7.569431792824003,25,68406,34,32,33,1,4,0.00022280961275100708,1.7272563483566046,35.73828125,57.87890625,
dense,60,9,dense_N60_seed9,ok,60,200,6.666666666666667,0,59,0,3,5,0.38039838150143623,1.9982686042785645,0.19036398844827548,3.619272023103449,0.9048180057758622,0.005718562286347151,0.9991343021392822,ok,ok,8,128,0.38039838150143623,1273034300,70273016,802724,1273034300,1344110040,1303587123200,1339772404736,18.93955640901596,23.07149060433414,5.232974003643886,6.374621873420508,18.885227558705093,23.044110642064766,5.2179630152561485,6.367056826611482,21,27896,33,31,32,1,4,0.00022393371909856796,0.7846896015107632,35.796875,46.03515625,
dense,60,10,dense_N60_seed10,ok,60,240,8.0,0,59,0,4,6,0.6654946133494377,1.9908623695373535,0.3342745453087692,4.331450909382461,0.8662901818764923,0.0010000000474974513,0.9954311847686768,ok,ok,11,352,0.6654946133494377,86140441573,5697934418,75456359,86140441573,91913832350,352831248683008,364577885682688,22.846222097417353,27.666130147095043,5.274496369779834,6.387266236162752,22.781349569985615,27.633379833905234,5.259519280395947,6.37970518701895,26,311864,39,37,38,1,4,0.0003037182614207268,10.555918088182807,35.7890625,128.375,
dense,60,11,dense_N60_seed11,ok,60,240,8.0,0,59,0,4,6,0.48177881352603436,1.9894115924835205,0.24217151209247575,4.515656975815048,0.9031313951630097,0.01076376624405384,0.9947057962417603,ok,ok,53,1696,0.48177881352603436,87197965606,5119281116,64129768,87197965606,92381376490,357162867122176,367712823730176,21.27889932858884,26.102295562799792,4.71224883611717,5.780398223912588,21.22115492383065,26.073185187750266,4.69946123841711,5.773951681315257,26,297077,39,37,38,1,4,0.0006276126950979233,10.518162655644119,35.79296875,124.4140625,
dense,60,12,dense_N60_seed12,ok,60,237,7.9,0,59,0,3,5,1.1199324280023575,1.996604084968567,0.5609186300047007,2.8781627399905987,0.7195406849976497,0.005421851295977831,0.9983020424842834,ok,ok,7,112,1.1199324280023575,2989884553,152303017,1518401,2989884553,3143705971,3061641782272,3140009637632,19.92275803741043,24.05674811385846,6.922040147554514,8.358369657004538,19.87259046351148,24.03147354687115,6.9046097315457535,8.349588163645551,24,55455,34,32,33,1,4,0.00015285424888134003,1.6626992681995034,35.7109375,55.34765625,
dense,60,13,dense_N60_seed13,ok,60,252,8.4,0,59,0,5,7,0.7048531547188759,1.9841445684432983,0.3552428416402556,5.2895143167194885,0.8815857194532482,0.002278246683999896,0.9920722842216492,ok,ok,601,38464,0.7048531547188759,2679016971271,188442422114,2814888511,2679016971271,2870274281896,43893014057304064,45448264162603008,22.28683377520336,27.79787300466799,4.213398894631495,5.2552789046817425,22.217876106863333,27.763053551342892,4.200362221657181,5.248696173028094,27,1213688,45,42,44,1,4,0.0021354425698518753,52.9298982527107,35.51953125,424.77734375,
dense,60,14,dense_N60_seed14,ok,60,239,7.966666666666667,0,3,1,3,5,0.23528552055358887,1.9973093271255493,0.11780124258078879,3.7643975148384223,0.9410993787096056,0.00862084235996008,0.9986546635627747,ok,ok,12,192,0.23528552055358887,3144298450,151796104,1462647,3144298450,3297557201,3219761612800,3297855655680,19.43154113939515,23.56679819985174,5.161925929129512,6.26044356552586,19.383949984064884,23.54283306742456,5.149283492951433,6.254077305763783,26,83681,34,32,33,1,4,0.00019573327153921127,2.3064225697889924,35.8125,60.94921875,
dense,60,15,dense_N60_seed15,ok,60,214,7.133333333333334,0,59,0,5,7,0.8166372627019882,1.9462995529174805,0.41958457087340867,5.160830858253183,0.8601384763755304,0.0010000000474974513,0.9731497764587402,ok,ok,293,18752,0.8166372627019882,822941460212,69038827648,1229799999,822941460212,893210087859,13483072884113408,14053676221001728,21.83791504189673,27.34260471682893,4.2314727302045965,5.2981013072929395,21.755978296322017,27.301155740801576,4.215596072390152,5.290069853217852,24,536155,43,40,42,1,4,0.0019160239025950432,28.785084415227175,35.734375,228.515625,
dense,60,16,dense_N60_seed16,ok,60,246,8.2,0,59,0,6,8,0.47349408082664013,1.9972349405288696,0.23707480337854417,6.525850393242911,0.9322643418918445,0.0024574967101216316,0.9986174702644348,ok,ok,5710,730880,0.47349408082664013,39561182996395,3347964153978,61692453866,39561182996395,42970839604239,2592681688851742720,2703398547413434368,22.741568550186564,28.939036810072196,3.4848436877642737,4.434523482186576,22.658895223438144,28.897219848477647,3.4721750971949863,4.428115587571363,25,1807781,50,46,49,1,4,0.02943989634513855,80.96128080878407,35.7890625,756.3125,
dense,60,17,dense_N60_seed17,ok,60,217,7.233333333333333,0,2,1,3,5,0.5622176826000214,1.998435616493225,0.2813288944412322,3.4373422111175356,0.8593355527793839,0.0033418459352105856,0.9992178082466125,ok,ok,5,80,0.5622176826000214,1938977768,102483918,1084712,1938977768,2042546398,1985513234432,2038262686720,19.82802518828539,23.96109230211606,5.768417565220828,6.9708195548926515,19.775988835003123,23.934871918362795,5.753279022100517,6.963191456745059,24,54990,33,31,32,1,4,0.00025383569300174713,2.2597690979018807,35.8359375,55.18359375,
dense,60,18,dense_N60_seed18,ok,60,242,8.066666666666666,0,59,0,6,8,0.8044239860028028,1.9744868278503418,0.40740914279919166,6.185181714401617,0.8835973877716595,0.009451212361454964,0.9872434139251709,ok,ok,1537,196736,0.8044239860028028,35875554309344,3333405561052,65945860221,35875554309344,39274905730617,2351140327217168384,2461449817615581184,23.96401915628985,30.157664199530693,3.874424432913891,4.875792756308419,23.87348949748191,30.111814122521416,3.8597878930371152,4.868379865446617,25,1807762,49,46,48,1,4,0.019674202427268028,106.31482134573162,35.76953125,750.37890625,
dense,60,19,dense_N60_seed19,ok,60,232,7.733333333333333,0,14,1,3,5,0.35898131132125854,1.9863717555999756,0.18072211825868903,3.6385557634826218,0.9096389408706554,0.0066179633140563965,0.9931858777999878,ok,ok,9,144,0.35898131132125854,2709918389,133874300,1325880,2709918389,2845118569,2774956430336,2843839497216,19.57164600259422,23.706362891122936,5.378960025573811,6.515322131117356,19.522959779288197,23.68184286264787,5.36557938048527,6.508583185758554,25,68384,34,32,33,1,4,0.000207388773560524,1.8506775610148907,35.7421875,57.9453125,
dense,60,20,dense_N60_seed20,ok,60,249,8.3,0,59,0,6,8,0.41462071472778916,1.9899142980575562,0.20836109129549896,6.583277817409002,0.9404682596298575,0.005392294842749834,0.9949571490287781,ok,ok,3932,503296,0.41462071472778916,42212742929834,3654407940110,67649955762,42212742929834,45934800825706,2766454320649601024,2887310336906330112,23.181340652372604,29.377923318208477,3.521245995584635,4.462506996214057,23.096839775283094,29.3351644003226,3.508410311077131,4.456011915940701,25,1807781,50,46,49,1,4,0.03984956629574299,116.26506684813648,34.93359375,755.46484375,
dense,60,21,dense_N60_seed21,ok,60,242,8.066666666666666,0,2,1,3,5,0.6811830177903175,1.9716566801071167,0.34548764227720924,3.3090247154455814,0.8272561788613954,0.004661525599658489,0.9858283400535583,ok,ok,17,272,0.6811830177903175,3346873116,153452788,1426386,3346873116,3501752290,3427198070784,3506131053056,19.143315990385737,23.279732215083875,5.785183743424524,7.035224640789396,19.098079004630847,23.25696208799052,5.771512952286658,7.028343420777025,27,101582,34,32,33,1,4,0.00026231538504362106,4.110323675908148,35.8203125,74.015625,
dense,60,22,dense_N60_seed22,ok,60,254,8.466666666666667,0,59,0,3,5,0.46167605370283127,1.977570652961731,0.23345616148348325,3.5330876770330333,0.8832719192582583,0.0014919530367478728,0.9887853264808655,ok,ok,7,112,0.46167605370283127,4206600448,193431931,1769101,4206600448,4401801480,4307558858752,4407048897280,20.25936957229557,24.395727525798215,5.734182512365132,6.904931254433209,20.214010514849246,24.372893598208915,5.72134415068473,6.898468372762388,27,101583,34,32,33,1,4,0.00026489607989788055,3.286795980297029,35.73046875,73.72265625,
dense,60,23,dense_N60_seed23,ok,60,221,7.366666666666666,0,59,0,5,7,0.9617943912744522,1.9984610080718994,0.48126752905846504,5.03746494188307,0.839577490313845,0.0010000000474974513,0.9992305040359497,ok,ok,195,12480,0.9617943912744522,1070101760525,89204460206,1562240585,1070101760525,1160868461316,17532547244441600,18269709119885312,22.507189955915113,28.012138202061895,4.467959621670664,5.560760923447854,22.425775304610976,27.97095274909054,4.451797791813104,5.552585094246757,24,536155,44,40,43,1,4,0.00106070376932621,24.54543926101178,35.5234375,229.109375,
dense,60,24,dense_N60_seed24,ok,60,237,7.9,0,59,0,3,5,0.4542798976181075,1.9675754308700562,0.2308830911845785,3.538233817630843,0.8845584544077107,0.0010000000474974513,0.9837877154350281,ok,ok,7,112,0.4542798976181075,3024568296,150916557,1485496,3024568296,3176970349,3097157935104,3174807499264,19.933283710116356,24.067769244986955,5.633681869974165,6.802198635109545,19.884124057123454,24.043007140483123,5.619788030412759,6.7952001986635295,25,68406,34,32,33,1,4,0.00022553466260433197,2.19358934648335,35.72265625,57.8515625,
dense,60,25,dense_N60_seed25,ok,60,234,7.8,0,59,0,4,6,0.5782081112265587,1.9989413022994995,0.2892571735655329,4.421485652868935,0.8842971305737869,0.014772424474358559,0.9994706511497498,ok,ok,75,2400,0.5782081112265587,74524205785,4599339495,58789696,74524205785,79182334976,305251146895360,314730794829824,20.777530954120316,25.599514753434768,4.699219354164038,5.789799348737954,20.716901705889608,25.568931969809228,4.685506938702197,5.7828824918200326,25,245506,39,37,38,1,4,0.0006734225898981094,9.400807805359364,35.890625,126.015625,
dense,60,26,dense_N60_seed26,ok,60,241,8.033333333333333,0,5,1,3,5,0.4504472631961107,1.9912835359573364,0.22620950510674118,3.5475809897865176,0.8868952474466294,0.0010000000474974513,0.9956417679786682,ok,ok,4,64,0.4504472631961107,3208580156,164538968,1636170,3208580156,3374755294,3285586079744,3370248890880,20.55329429204088,24.687124629066545,5.793608194207207,6.958861460849168,20.502799996113424,24.661683079473097,5.779374750045444,6.951689940405606,25,68406,34,32,33,1,4,0.0002857409417629242,3.3770370250567794,35.828125,58.12109375,
dense,60,27,dense_N60_seed27,ok,60,236,7.866666666666666,0,59,0,3,5,0.3773493394255638,1.999450445175171,0.18872652749966223,3.6225469450006758,0.9056367362501689,0.0030469002667814493,0.9997252225875854,ok,ok,18,288,0.3773493394255638,2922997187,134682066,1288454,2922997187,3058967707,2993149119488,3062436181504,18.95097158744541,23.087271372753747,5.231394340823891,6.3732152331705505,18.90550360281146,23.064386686171133,5.218842954927651,6.366897941240298,26,83682,34,32,33,1,4,0.0002452228218317032,2.8078015726059675,35.7578125,60.84765625,
dense,60,28,dense_N60_seed28,CENSORED,60,232,7.733333333333333,0,59,0,8,10,0.5700392461149022,1.9948207139968872,0.28575963850543395,8.428480722989132,0.9364978581099036,0.0010000000474974513,0.9974103569984436,ok,WALL,130345,66736640,0.5700392461149022,,,,,,,,,,,,,,,,,,,,,,,0.569105364382267,120.00008894316852,35.77734375,3804.54296875,exceeded the declared 120s per-count wall
dense,60,29,dense_N60_seed29,ok,60,216,7.2,0,59,0,5,7,0.5196797390235588,1.9968552589416504,0.2602490774914719,5.479501845017056,0.9132503075028426,0.0013257068349048495,0.9984276294708252,ok,ok,280,17920,0.5196797390235588,930405365564,75331171323,1298443228,930405365564,1007034980115,15243761509400576,15866192888340480,22.003241862848714,27.50929432052667,4.015555151762199,5.020400594543653,21.92409660190824,27.469274046387802,4.001111272887982,5.013096960879351,25,726206,43,40,42,1,4,0.002022598870098591,38.26530857849866,35.69140625,350.453125,
dense,60,30,dense_N60_seed30,ok,60,220,7.333333333333333,0,59,0,3,5,1.2042701840400696,1.9952435493469238,0.6035705187139921,2.7928589625720157,0.6982147406430039,0.0010601250687614083,0.9976217746734619,ok,ok,4,64,1.2042701840400696,2071254386,114694936,1237145,2071254386,2187186467,2120964491264,2180005007616,20.119587475432088,24.251465206438795,7.203939670803656,8.683383418726235,20.065125883144773,24.224008966504446,7.184439369135305,8.67355254638277,23,44552,33,31,32,1,4,0.00021086540073156357,2.2187591763213277,35.7265625,53.78515625,
dense,60,31,dense_N60_seed31,ok,60,230,7.666666666666667,0,59,0,3,5,0.10421590134501457,1.9957643747329712,0.0522185397557056,3.895562920488589,0.9738907301221472,0.004707127809524536,0.9978821873664856,ok,ok,9,144,0.10421590134501457,2525865767,124843960,1243508,2525865767,2651953235,2586486545408,2650724990976,19.501337697917094,23.636041000434464,5.006038432943909,6.067426321397983,19.452625141588083,23.611508224947755,4.993533807213746,6.061128701262604,23,44552,34,32,33,1,4,0.00024241581559181213,1.9427968952804804,35.8984375,54.23828125,
dense,60,32,dense_N60_seed32,ok,60,240,8.0,0,2,1,3,5,0.823907345533371,1.9958744049072266,0.4128052063334458,3.1743895873331085,0.7935973968332771,0.0010000000474974513,0.9979372024536133,ok,ok,6,96,0.823907345533371,3177655561,152249881,1457986,3177655561,3331363428,3253919294464,3332244477952,20.13488802575175,24.270319018808355,6.34291647946956,7.645664891182595,20.087650047643173,24.246533131002842,6.3280355151742285,7.638171832390937,25,68384,34,32,33,1,4,0.0002723671495914459,2.5135725932195783,35.80078125,57.96875,
dense,60,33,dense_N60_seed33,ok,60,250,8.333333333333334,0,59,0,5,7,0.5043592602014542,1.9966015815734863,0.2526088654121858,5.494782269175628,0.9157970448626047,0.007153804879635572,0.9983007907867432,ok,ok,555,35520,0.5043592602014542,2419403669068,174896219199,2679291948,2419403669068,2596979180215,39639509714010112,41083233921507328,22.266401917970754,27.776525302295873,4.0522810235593445,5.05507296587807,22.19557409424437,27.740751538723934,4.039391008949719,5.048562468861178,25,726206,45,42,44,1,4,0.0036903535947203636,36.53064561262727,35.80859375,350.00390625,
dense,60,34,dense_N60_seed34,ok,60,237,7.9,0,59,0,3,5,1.0650295913219452,1.9973071813583374,0.5332327451992813,2.9335345096014374,0.7333836274003593,0.004080327693372965,0.9986535906791687,ok,ok,7,112,1.0650295913219452,3027963249,149314713,1462354,3027963249,3178740316,3100634366976,3177457862656,19.933840679160117,24.068603707464447,6.795161472931987,8.204643111812075,19.885245886338485,24.044128969698157,6.778596202381195,8.19630002340245,26,83682,34,32,33,1,4,0.00023861881345510483,2.2934915693476796,35.75,60.875,
dense,60,35,dense_N60_seed35,ok,60,235,7.833333333333333,0,3,1,3,5,0.5220267027616501,1.9976569414138794,0.2613194948238589,3.4773610103522823,0.8693402525880706,0.0034603842068463564,0.9988284707069397,ok,ok,3,48,0.5220267027616501,2874726196,138182730,1340844,2874726196,3014249770,2943719624704,3014812438528,20.728004514989358,24.863357723821267,5.96084342502289,7.15006513554439,20.68061098181845,24.83949406517812,5.947214258241008,7.143202558270387,24,55220,34,32,33,1,4,0.0002919081598520279,1.6819069646298885,35.8515625,55.15234375,
dense,60,36,dense_N60_seed36,ok,60,209,6.966666666666667,0,7,1,3,5,0.8380167931318283,1.99131178855896,0.42083655505212003,3.15832688989576,0.78958172247394,0.004494671709835529,0.99565589427948,ok,ok,6,96,0.8380167931318283,1597709075,90142116,1005545,1597709075,1688856736,1636054092800,1682464275712,19.45555818015841,23.586932473911414,6.160083759031205,7.46817327534133,19.400077142793673,23.558960226153342,6.1425171678267825,7.459316608905832,23,44552,33,31,32,1,4,0.00024328287690877914,1.3518297784030437,35.8359375,53.578125,
dense,60,37,dense_N60_seed37,ok,60,227,7.566666666666666,0,59,0,6,8,1.0173389837145805,1.9714397192001343,0.5160385954521308,5.967922809095739,0.8525604012993913,0.0022266595624387264,0.9857198596000671,ok,ok,2558,327424,1.0173389837145805,20352100690373,1882750818276,37873071295,20352100690373,22272724579944,1333795270844284928,1396109762057650176,22.887402950635636,29.08121005519952,3.835070204955205,4.872919939727892,22.797224268378876,29.035548893418387,3.819959640502307,4.865268841809612,24,1271626,49,45,48,1,4,0.011126391589641571,68.98219170887023,35.7109375,504.69921875,
dense,60,38,dense_N60_seed38,ok,60,234,7.8,0,59,0,5,7,0.36583297699689865,1.9927418231964111,0.1835827264417489,5.632834547116502,0.9388057578527503,0.0013713442021980882,0.9963709115982056,ok,ok,757,48448,0.36583297699689865,1551781709610,112226541870,1743577978,1551781709610,1665751829458,25424391530250240,26350893056647168,21.51193443322986,27.02203222461948,3.819024729608295,4.797235210548177,21.441061623335358,26.98623906781492,3.8064426433954512,4.790880833101944,25,725995,44,41,43,1,4,0.002712286077439785,23.883861392736435,35.78515625,346.1328125,
dense,60,39,dense_N60_seed39,ok,60,254,8.466666666666667,0,59,0,3,5,0.02807099954225123,1.9995229244232178,0.014038848567014348,3.971922302865971,0.9929805757164928,0.0019025292713195086,0.9997614622116089,ok,ok,4,64,0.02807099954225123,4266985304,203827777,1897567,4266985304,4472710648,4369392951296,4474238550272,20.834966109608935,24.97047421345366,5.245562355178827,6.286747904266914,20.787879035920522,24.946762119280194,5.23370737159709,6.280777975258898,27,101584,34,32,33,1,4,0.00016234815120697021,3.2356478376314044,35.76171875,73.95703125,
dense,60,40,dense_N60_seed40,ok,60,245,8.166666666666666,0,59,0,3,5,0.1980748641071841,1.9770509004592896,0.10018703315183704,3.799625933696326,0.9499064834240815,0.0010000000474974513,0.9885254502296448,ok,ok,10,160,0.1980748641071841,3623235908,174469323,1657507,3623235908,3799362738,3710193569792,3799946184960,19.755514096095084,23.89083420547415,5.199331313352907,6.2876805828706495,19.708048267739407,23.866931351099083,5.1868390761737855,6.281389738773843,26,83682,34,32,33,1,4,0.00024326425045728683,3.6431920174509287,35.88671875,61.27734375,
dense,80,1,dense_N80_seed1,ok,80,315,7.875,0,79,0,4,6,0.5538261960027739,1.9990314245224,0.27704726859663636,4.445905462806727,0.8891810925613455,0.0010000000474974513,0.9995157122612,ok,ok,59,1888,0.5538261960027739,597187315765,25399322342,226417858,597187315765,622813055965,2446079245373440,2498328909416448,23.079974796115746,27.911125120342867,5.191287801595587,6.2779394105070345,23.03795921897079,27.889989482890407,5.181837403359177,6.273185454843947,32,1149017,42,40,41,1,4,0.001586003229022026,64.82155007869005,35.6015625,430.59375,
dense,80,2,dense_N80_seed2,CENSORED,80,302,7.55,0,79,0,5,7,0.7581133665516973,1.999009609222412,0.3792444833952515,5.2415110332094965,0.8735851722015828,0.008512474596500397,0.999504804611206,ok,WALL,156,9984,0.7581133665516973,,,,,,,,,,,,,,,,,,,,,,,0.0021766163408756256,120.00013501103967,35.84765625,1392.8125,exceeded the declared 120s per-count wall
dense,80,3,dense_N80_seed3,CENSORED,80,350,8.75,0,79,0,6,8,0.6853076717816293,1.9944595098495483,0.3436057079109745,6.312788584178051,0.9018269405968644,0.0010000000474974513,0.9972297549247742,ok,WALL,1676,214528,0.6853076717816293,,,,,,,,,,,,,,,,,,,,,,,0.01980838179588318,120.0001607760787,35.828125,5433.55859375,exceeded the declared 120s per-count wall
dense,80,4,dense_N80_seed4,CENSORED,80,304,7.6,0,79,0,8,10,0.6661219908855855,1.9953655004501343,0.33383457353317736,8.332330852933644,0.9258145392148495,0.0027345367707312107,0.9976827502250671,ok,MEMCAP,47916,24532992,0.6661219908855855,,,,,,,,,,,,,,,,,,,,,,,0.49470074381679296,88.6268463479355,35.7890625,6013.41796875,
dense,80,5,dense_N80_seed5,CENSORED,80,336,8.4,0,79,0,5,7,0.7116640463937074,1.981515884399414,0.3591513204595928,5.281697359080814,0.8802828931801358,0.002480368362739682,0.990757942199707,ok,WALL,557,35648,0.7116640463937074,,,,,,,,,,,,,,,,,,,,,,,0.005577953532338142,120.00013417378068,35.7890625,2269.9140625,exceeded the declared 120s per-count wall
dense,80,6,dense_N80_seed6,ok,80,290,7.25,0,79,0,4,6,0.5046107433736324,1.993056297302246,0.2531843902536329,4.493631219492734,0.8987262438985468,0.0035095305647701025,0.996528148651123,ok,ok,27,864,0.5046107433736324,365753044049,17356317375,171244348,365753044049,383280605772,1498124468424704,1533845560621056,23.376196344010378,28.20498164642213,5.202072711843321,6.276656954863792,23.329387333566398,28.181417597486014,5.191655966864132,6.271413077966662,30,768212,41,39,40,1,4,0.0016975952312350273,61.42960727959871,35.7890625,352.23046875,
dense,80,7,dense_N80_seed7,ok,80,316,7.9,0,79,0,4,6,0.5704346038401127,1.98771071434021,0.2869806957947901,4.42603860841042,0.885207721682084,0.0010000000474974513,0.993855357170105,ok,ok,40,1280,0.5704346038401127,600920159889,26860142572,247392132,600920159889,628027694593,2461368974905344,2516631876435968,23.47697064799869,28.307082488561566,5.304285101216114,6.39557965779423,23.43284846310035,28.28487872701997,5.2943163257936625,6.390563036045969,32,1149017,42,40,41,1,4,0.0016601784154772758,87.50776367727667,35.8203125,432.7421875,
dense,80,8,dense_N80_seed8,ok,80,291,7.275,0,79,0,3,5,0.9420097693800926,1.9994648694992065,0.47113094295876873,3.0577381140824627,0.7644345285206157,0.0019615530036389828,0.9997324347496033,ok,ok,11,176,0.9420097693800926,10101340897,385734527,2943337,10101340897,10490018761,10343773078528,10542022650624,20.675794775019853,24.815906547928957,6.761793850100224,8.115772385358607,20.638038741262356,24.796921824622032,6.74944614982347,8.109563638043234,32,242825,35,34,34,1,4,0.0012447014451026917,9.39950933959335,35.75390625,124.51171875,
dense,80,9,dense_N80_seed9,ok,80,283,7.075,0,79,0,3,5,0.860693670809269,1.9926252365112305,0.43193956145823315,3.136120877083534,0.7840302192708835,0.003497330704703927,0.9963126182556152,ok,ok,5,80,0.860693670809269,8751822429,348061233,2751495,8751822429,9102635157,8961866167296,9140777901312,21.322391873807895,25.46173997265185,6.79897003639632,8.11886434566586,21.283089880795067,25.441972964154736,6.786437996161514,8.112561333354838,31,206367,35,34,34,1,4,0.0014172056689858437,8.049213373102248,35.71875,116.4921875,
dense,80,10,dense_N80_seed10,ok,80,305,7.625,0,79,0,3,5,0.8159099370241165,1.9917042255401611,0.40965416780337316,3.1806916643932537,0.7951729160983134,0.0012798634124919772,0.9958521127700806,ok,ok,1,16,0.8159099370241165,12904076274,499869587,3757073,12904076274,13407702934,13213774104576,13470669143808,23.319095224563604,27.458947059477644,7.331454188286414,8.633011293383476,23.280809088632196,27.43969217199187,7.319417141011443,8.626957614021428,31,206368,36,34,35,1,4,0.0017032986506819725,12.689724640920758,35.734375,121.78515625,
dense,80,11,dense_N80_seed11,CENSORED,80,316,7.9,0,79,0,7,9,1.4059997079893947,1.9816523790359497,0.7095087528284839,6.580982494343032,0.822622811792879,0.00700661214068532,0.9908261895179749,ok,WALL,10119,2590464,1.4059997079893947,,,,,,,,,,,,,,,,,,,,,,,0.2354322774335742,120.00015455856919,35.8359375,3986.328125,exceeded the declared 120s per-count wall
dense,80,12,dense_N80_seed12,CENSORED,80,319,7.975,0,79,0,5,7,0.5861634649336338,1.9969987869262695,0.2935221937895325,5.4129556124209355,0.9021592687368225,0.0010000000474974513,0.9984993934631348,ok,WALL,420,26880,0.5861634649336338,,,,,,,,,,,,,,,,,,,,,,,0.003659709356725216,120.00011228490621,35.890625,2311.06640625,exceeded the declared 120s per-count wall
dense,80,13,dense_N80_seed13,ok,80,324,8.1,0,79,0,3,5,0.36212947766762227,1.99105703830719,0.1818780028398921,3.636243994320216,0.909060998580054,0.0010000000474974513,0.995528519153595,ok,ok,5,80,0.36212947766762227,17227628831,593120228,4080969,17227628831,17824830028,17641091922944,17945814207744,21.994420355171133,26.13635137722639,6.048664608185326,7.1877331163835985,21.960342346951542,26.119225430311214,6.039292847579376,7.183023326022466,32,242825,36,35,35,1,4,0.001286500133574009,11.317165774293244,35.56640625,124.42578125,
dense,80,14,dense_N80_seed14,CENSORED,80,328,8.2,0,79,0,6,8,0.7007345650345087,1.9946249723434448,0.3513114368618527,6.297377126276294,0.8996253037537564,0.0010000000474974513,0.9973124861717224,ok,WALL,2951,377728,0.7007345650345087,,,,,,,,,,,,,,,,,,,,,,,0.028396528214216232,120.0001273099333,35.734375,4842.9140625,exceeded the declared 120s per-count wall
dense,80,15,dense_N80_seed15,ok,80,301,7.525,0,79,0,4,6,0.6118549797683954,1.9999656677246094,0.30593274156776495,4.38813451686447,0.8776269033728941,0.0050117881037294865,0.9999828338623047,ok,ok,32,1024,0.6118549797683954,462355974411,21372547799,204272154,462355974411,483932794364,1893810071187456,1937790223765504,23.43947597660229,28.268852853249985,5.341558214890574,6.442111732128352,23.393865035923117,28.245895299842733,5.3311640620896785,6.436879997932643,32,1149016,41,39,40,1,4,0.001970903016626835,55.08683717995882,35.7890625,428.921875,
dense,80,16,dense_N80_seed16,ok,80,294,7.35,0,79,0,4,6,0.5024994304403663,1.9972656965255737,0.25159368195954596,4.496812636080908,0.8993625272161816,0.0010000000474974513,0.9986328482627869,ok,ok,53,1696,0.5024994304403663,393461559506,18541194304,181206347,393461559506,412183960157,1611618547736576,1649776468970496,22.774443678325454,27.603388383942768,5.064574738024662,6.138434179459132,22.727957297803915,27.57998756172353,5.0542371090675315,6.133230310827498,31,942649,41,39,40,1,4,0.0018897056579589844,54.62154739443213,35.76953125,387.51953125,
dense,80,17,dense_N80_seed17,CENSORED,80,306,7.65,0,79,0,7,9,0.8246542178094387,1.9917693138122559,0.41403098847378395,7.171938023052432,0.896492252881554,0.0030787880532443523,0.9958846569061279,ok,WALL,13002,3328512,0.8246542178094387,,,,,,,,,,,,,,,,,,,,,,,0.1240628082305193,120.00017645210028,35.828125,5937.75390625,exceeded the declared 120s per-count wall
dense,80,18,dense_N80_seed18,CENSORED,80,322,8.05,0,79,0,6,8,0.6994004677981138,1.9984915256500244,0.3499641899009947,6.30007162019801,0.9000102314568587,0.005173405632376671,0.9992457628250122,ok,WALL,2546,325888,0.6994004677981138,,,,,,,,,,,,,,,,,,,,,,,0.017197422683238983,120.00013869348913,35.80859375,3758.07421875,exceeded the declared 120s per-count wall
dense,80,19,dense_N80_seed19,ok,80,331,8.275,0,12,1,3,5,0.3526036962866783,1.9955207109451294,0.17669758792915571,3.6466048241416886,0.9116512060354222,0.0021939342841506004,0.9977603554725647,ok,ok,7,112,0.3526036962866783,19070926030,642272323,4323379,19070926030,19717521732,19528628254720,19858578469120,21.758863356348627,25.901158323101573,5.966882732205585,7.102814692622473,21.72552066584202,25.88440374920169,5.957739243367456,7.0982201246043095,33,284274,36,35,35,1,4,0.0017181718721985817,15.38717963732779,35.6875,133.359375,
dense,80,20,dense_N80_seed20,CENSORED,80,337,8.425,0,79,0,4,6,0.3675498627126217,1.9991865158081055,0.18384971077300996,4.63230057845398,0.926460115690796,0.0010000000474974513,0.9995932579040527,ok,WALL,79,2528,0.3675498627126217,,,,,,,,,,,,,,,,,,,,,,,0.002418985590338707,120.00011454895139,35.76171875,657.41015625,exceeded the declared 120s per-count wall
dense,80,21,dense_N80_seed21,CENSORED,80,313,7.825,0,79,0,5,7,0.865488275885582,1.9929304122924805,0.43427922547983266,5.131441549040335,0.8552402581733891,0.0030316265765577555,0.9964652061462402,ok,WALL,184,11776,0.865488275885582,,,,,,,,,,,,,,,,,,,,,,,0.002385064959526062,120.00014802161604,35.765625,1584.08984375,exceeded the declared 120s per-count wall
dense,80,22,dense_N80_seed22,CENSORED,80,333,8.325,0,79,0,6,8,0.6359328352846205,1.9968622922897339,0.3184660443236764,6.363067911352648,0.9090097016218067,0.003550872439518571,0.9984311461448669,ok,WALL,1251,160128,0.6359328352846205,,,,,,,,,,,,,,,,,,,,,,,0.02421234268695116,120.00015392620116,35.9375,4610.4921875,exceeded the declared 120s per-count wall
dense,80,23,dense_N80_seed23,CENSORED,80,298,7.45,0,79,0,6,8,1.0816662926226854,1.9983950853347778,0.5412674903779005,5.917465019244199,0.8453521456063142,0.0010000000474974513,0.9991975426673889,ok,WALL,1297,166016,1.0816662926226854,,,,,,,,,,,,,,,,,,,,,,,0.012391171418130398,120.00013676472008,35.7890625,3491.8984375,exceeded the declared 120s per-count wall
dense,80,24,dense_N80_seed24,ok,80,322,8.05,0,79,0,3,5,0.5586399734020233,1.9841688871383667,0.2815486005365764,3.4369027989268472,0.8592256997317118,0.001103113521821797,0.9920844435691833,ok,ok,6,96,0.5586399734020233,16821501591,584606781,4050335,16821501591,17410158707,17225217629184,17525573186816,21.788560237309863,25.93033406365484,6.339591635851097,7.544680656011405,21.75416429241639,25.913047375776063,6.329583804118347,7.53965092753489,31,206368,36,34,35,1,4,0.0010821912437677383,13.02153103519231,35.8046875,117.12890625,
dense,80,25,dense_N80_seed25,ok,80,296,7.4,0,1,1,3,5,0.6584394909441471,1.9954580068588257,0.32996910417605707,3.340061791647886,0.8350154479119715,0.0065134805627167225,0.9977290034294128,ok,ok,1,16,0.6584394909441471,11104352264,427042744,3246072,11104352264,11534641080,11370856718336,11590333597696,23.168620612353305,27.3086038338614,6.93658442795533,8.17607743130649,23.130602964271063,27.289486047630735,6.925202109167903,8.170353649106271,31,206368,36,34,35,1,4,0.001954173669219017,10.212092600762844,35.78515625,117.328125,
dense,80,26,dense_N80_seed26,CENSORED,80,310,7.75,0,79,0,5,7,0.752120771445334,1.9894675016403198,0.3780512980610183,5.2438974038779635,0.8739829006463272,0.0017650009831413627,0.9947337508201599,ok,WALL,301,19264,0.752120771445334,,,,,,,,,,,,,,,,,,,,,,,0.0032625356689095497,120.00016450043768,35.73828125,1605.78515625,exceeded the declared 120s per-count wall
dense,80,27,dense_N80_seed27,ok,80,322,8.05,0,79,0,4,6,0.5715653384104371,1.9998019933700562,0.28581096543825224,4.428378069123496,0.8856756138246991,0.00206655147485435,0.9999009966850281,ok,ok,58,1856,0.5715653384104371,684620406726,29492032010,263094086,684620406726,714375532822,2804205185949696,2864874275850240,23.234231606806357,28.06512194799358,5.246668474131678,6.337562310606528,23.19168736029897,28.04371762421859,5.237061289324215,6.332728865168744,31,942648,42,40,41,1,4,0.0011824686080217361,60.52267076168209,35.42578125,378.25,
dense,80,28,dense_N80_seed28,ok,80,310,7.75,0,79,0,4,6,0.6610613241791725,1.9961700439453125,0.33116483547294584,4.3376703290541085,0.8675340658108217,0.003600332187488675,0.9980850219726562,ok,ok,28,896,0.6610613241791725,550106998932,24767824307,230581063,550106998932,575105404302,2253238267625472,2304198886814720,23.745614662598562,28.57556904344606,5.474278324829871,6.587768750438297,23.70117412958932,28.553204393508935,5.464033071125002,6.58261283764628,31,942649,42,40,41,1,4,0.0015885261818766594,56.630033714696765,35.765625,387.5859375,
dense,80,29,dense_N80_seed29,CENSORED,80,312,7.8,0,79,0,6,8,0.28171687573194504,1.9981850385665894,0.14098638028740143,6.718027239425197,0.9597181770607425,0.0028582459781318903,0.9990925192832947,ok,WALL,2790,357120,0.28171687573194504,,,,,,,,,,,,,,,,,,,,,,,0.022110450081527233,120.02553291525692,35.79296875,3582.23046875,exceeded the declared 120s per-count wall
dense,80,30,dense_N80_seed30,ok,80,309,7.725,0,7,1,3,5,0.9405118003487587,1.9911366701126099,0.47234919353655797,3.055301612926884,0.763825403231721,0.007238980382680893,0.9955683350563049,ok,ok,1,16,0.9405118003487587,13709814250,521926957,3864340,13709814250,14235605547,14038849792000,14307065665024,23.379012096076174,27.519185911375438,7.6519489916021115,9.00702758606307,23.341377781924113,27.50026086528378,7.639631283264305,9.000833419827048,33,283775,36,34,35,1,4,0.0012774737551808357,12.378650930710137,35.796875,132.578125,
dense,80,31,dense_N80_seed31,CENSORED,80,317,7.925,0,79,0,5,7,0.4678090480156243,1.9963821172714233,0.23432841036214416,5.531343179275711,0.9218905298792853,0.0030285657849162817,0.9981910586357117,ok,WALL,293,18752,0.4678090480156243,,,,,,,,,,,,,,,,,,,,,,,0.0050399284809827805,120.00008749216795,35.7890625,1625.75,exceeded the declared 120s per-count wall
dense,80,32,dense_N80_seed32,ok,80,311,7.775,0,79,0,4,6,0.48160274256952107,1.9945905208587646,0.2414544426703525,4.517091114659295,0.903418222931859,0.0010000000474974513,0.9972952604293823,ok,ok,40,1280,0.48160274256952107,552023173144,24497351492,225898988,552023173144,576746423624,2261086917197824,2311488813617152,23.391789078955103,28.222052862983976,5.178507248401928,6.247837855516147,23.347976408561752,28.20000667248137,5.168807937654981,6.242957238777853,32,1149017,42,40,41,1,4,0.0016290126368403435,96.70681480225176,35.87890625,433.8125,
dense,80,33,dense_N80_seed33,ok,80,343,8.575,0,79,0,3,5,0.5066016688942909,1.997219443321228,0.2536534833908135,3.492693033218373,0.8731732583045932,0.017558280378580093,0.998609721660614,ok,ok,14,224,0.5066016688942909,23066377746,749034420,4858006,23066377746,23820270172,23619970811904,24004720084480,21.2547454134274,25.397625545271076,6.0854891086268825,7.271645490662604,21.222584555745794,25.381467639105466,6.0762810684768525,7.267019287898166,34,331212,37,35,36,1,4,0.001361362636089325,19.74021061696112,35.828125,141.0,
dense,80,34,dense_N80_seed34,ok,80,332,8.3,0,79,0,3,5,0.22402470465749502,1.9970530271530151,0.11217764456503344,3.775644710869933,0.9439111777174832,0.0013346305349841714,0.9985265135765076,ok,ok,5,80,0.22402470465749502,19607747751,650521852,4334480,19607747751,20262604083,20078333697024,20412510512128,22.122604948291325,26.265142454535955,5.859292026233616,6.956465574983695,22.08975270605929,26.248635789418962,5.850590931520585,6.95209369511124,32,242825,36,35,35,1,4,0.0009856931865215302,11.032881101593375,35.71875,124.57421875,
dense,80,35,dense_N80_seed35,CENSORED,80,292,7.3,0,79,0,5,7,0.538741746917367,1.998719334602356,0.2695434709568912,5.460913058086217,0.910152176347703,0.0010729975765570998,0.999359667301178,ok,WALL,175,11200,0.538741746917367,,,,,,,,,,,,,,,,,,,,,,,0.003921772353351116,120.00005859788507,35.8203125,946.46875,exceeded the declared 120s per-count wall
dense,80,36,dense_N80_seed36,ok,80,308,7.7,0,79,0,4,6,0.522462110966444,1.9811934232711792,0.26371080422011434,4.472578391559772,0.8945156783119542,0.004738950170576572,0.9905967116355896,ok,ok,60,1920,0.522462110966444,524835350408,23298955108,215299039,524835350408,548349604555,2149725595271168,2197662321548288,22.935834322775897,27.76609014419917,5.128101134249149,6.2080723272725,22.892005869856963,27.744036133776582,5.118301763711195,6.203141388451125,33,1391842,42,39,41,1,4,0.0011607250198721886,64.01094722282141,35.67578125,474.85546875,
dense,80,37,dense_N80_seed37,ok,80,306,7.65,0,7,1,3,5,0.4700757674872875,1.987064242362976,0.23656797674960073,3.5268640465007985,0.8817160116251996,0.0010000000474974513,0.993532121181488,ok,ok,9,144,0.4700757674872875,13032787729,455695091,3241267,13032787729,13491724087,13345574634496,13579720285440,21.1281177264819,25.26978534073341,5.990624375624658,7.1649445534496845,21.09350957483209,25.252392658191763,5.9808116493064585,7.16001306691878,32,242825,36,34,35,1,4,0.0014353487640619278,11.043973749503493,35.73828125,124.2578125,
dense,80,38,dense_N80_seed38,ok,80,302,7.55,0,4,1,3,5,0.13612590916454792,1.9976177215576172,0.06814412372073145,3.863711752558537,0.9659279381396343,0.007431356701999903,0.9988088607788086,ok,ok,6,96,0.13612590916454792,12349657156,452812056,3321685,12349657156,12805790897,12646048927744,12878739051776,21.481403850163773,25.622250740637597,5.559784276334501,6.631511971272347,21.445134669759234,25.604017753118907,5.5503971422190945,6.626792937170847,32,242825,36,34,35,1,4,0.0021436335518956184,12.081415402702987,35.81640625,123.54296875,
dense,80,39,dense_N80_seed39,ok,80,336,8.4,0,79,0,4,6,0.7669003373011947,1.9957503080368042,0.38426667615328364,4.231466647693432,0.8462933295386865,0.00353149208240211,0.9978751540184021,ok,ok,27,864,0.7669003373011947,863659368648,36943460798,323387299,863659368648,900926216745,3537548773982208,3613540130290688,24.23085233479211,29.061891563442618,5.726348415861985,6.868042213988434,24.18860741275947,29.040637676679086,5.71636489819544,6.863019396007553,32,1149017,42,40,41,1,4,0.001541033387184143,61.5292877452448,35.83203125,431.15234375,
dense,80,40,dense_N80_seed40,ok,80,319,7.975,0,79,0,4,6,0.4718015715479851,1.9929392337799072,0.23673655651464237,4.526526886970715,0.9053053773941431,0.006699189078062773,0.9964696168899536,ok,ok,35,1120,0.4718015715479851,657661828027,29076086058,264580977,657661828027,687002495062,2693782847598592,2753601602765824,23.700255699495166,28.530602159158477,5.235858814340562,6.30297861287023,23.65660863550162,28.508638899421236,5.226216308047452,6.298126491081124,33,1391842,42,40,41,1,4,0.0018028561025857925,86.54614361096174,35.78515625,477.171875,
grid,10,1,grid_k10_N100_seed1,ok,100,180,3.6,0,99,0,18,20,19.584453225135803,2.498070478439331,7.83983214011287,3.32033571977426,0.17475451156706634,1.0014561414718628,1.2490352392196655,ok,ok,48620,25490882560,19.584453225135803,185146725063968642868927,71333937730371775857028,6425887649362262623180,185146725063968642868927,262906550443702681349135,203570977052479700247435540380516352,244553558594590146306819638622683136,43.134295352534124,57.52315572877724,12.990943986672137,17.324499864937778,42.78364532419273,57.33973611595158,12.885337187259326,17.269258579626385,10,1024,89,78,88,1,4,1.0507959565147758,0.17076395731419325,33.53515625,34.41015625,
grid,10,2,grid_k10_N100_seed2,ok,100,180,3.6,0,99,0,18,20,19.210711359977722,2.4909417629241943,7.7122282206331745,3.575543558733651,0.18818650309124474,1.0007966756820679,1.2454708814620972,ok,ok,48620,25490882560,19.210711359977722,185146725063968642868927,71333937730371775857028,6425887649362262623180,185146725063968642868927,262906550443702681349135,203570977052479700247435540380516352,244553558594590146306819638622683136,43.134295352534124,57.52315572877724,12.063702943059932,16.087947128561957,42.78364532419273,57.33973611595158,11.965633929892718,16.036648742788515,10,1024,89,78,88,1,4,1.7007736647501588,0.24274989031255245,33.54296875,34.41796875,
grid,10,3,grid_k10_N100_seed3,ok,100,180,3.6,0,99,0,18,20,19.126041650772095,2.499901533126831,7.650717997220311,3.698564005559378,0.19466126345049362,1.0003725290298462,1.2499507665634155,ok,ok,48620,25490882560,19.126041650772095,185146725063968642868927,71333937730371775857028,6425887649362262623180,185146725063968642868927,262906550443702681349135,203570977052479700247435540380516352,244553558594590146306819638622683136,43.134295352534124,57.52315572877724,11.662443934375123,15.552835003615769,42.78364532419273,57.33973611595158,11.567636861193659,15.503242888256954,10,1024,89,78,88,1,4,1.68798600230366,0.24244885332882404,33.58984375,34.46484375,
grid,10,4,grid_k10_N100_seed4,ok,100,180,3.6,0,99,0,18,20,19.75952911376953,2.49920654296875,7.90632097589567,3.18735804820866,0.16775568674782415,1.0020534992218018,1.249603271484375,ok,ok,48620,25490882560,19.75952911376953,185146725063968642868927,71333937730371775857028,6425887649362262623180,185146725063968642868927,262906550443702681349135,203570977052479700247435540380516352,244553558594590146306819638622683136,43.134295352534124,57.52315572877724,13.532930627852181,18.047283944490033,42.78364532419273,57.33973611595158,13.422917876527158,17.989737973798494,10,1024,89,78,88,1,4,1.706258311867714,0.24310827068984509,33.50390625,34.37890625,
grid,10,5,grid_k10_N100_seed5,ok,100,180,3.6,0,99,0,18,20,19.250181794166565,2.4995880126953125,7.701341859696727,3.5973162806065453,0.18933243582139714,1.0002299547195435,1.2497940063476562,ok,ok,48620,25490882560,19.250181794166565,185146725063968642868927,71333937730371775857028,6425887649362262623180,185146725063968642868927,262906550443702681349135,203570977052479700247435540380516352,244553558594590146306819638622683136,43.134295352534124,57.52315572877724,11.99068749808711,15.990574984715614,42.78364532419273,57.33973611595158,11.893212046670236,15.939587081924167,10,1024,89,78,88,1,4,1.69635658711195,0.24118969962000847,33.5,34.375,
grid,10,6,grid_k10_N100_seed6,ok,100,180,3.6,0,99,0,18,20,19.55234169960022,2.497986078262329,7.8272420610131626,3.345515877973675,0.17607978305124605,1.0013283491134644,1.2489930391311646,ok,ok,48620,25490882560,19.55234169960022,185146725063968642868927,71333937730371775857028,6425887649362262623180,185146725063968642868927,262906550443702681349135,203570977052479700247435540380516352,244553558594590146306819638622683136,43.134295352534124,57.52315572877724,12.893167130523342,17.194106328264713,42.78364532419273,57.33973611595158,12.788355184882906,17.13928081868239,10,1024,89,78,88,1,4,1.1030141925439239,0.16864049807190895,33.5859375,34.4609375,
grid,10,7,grid_k10_N100_seed7,ok,100,180,3.6,0,99,0,18,20,19.423014640808105,2.4977500438690186,7.776204303742831,3.4475913925143384,0.18145217855338625,1.0009335279464722,1.2488750219345093,ok,ok,48620,25490882560,19.423014640808105,185146725063968642868927,71333937730371775857028,6425887649362262623180,185146725063968642868927,262906550443702681349135,203570977052479700247435540380516352,244553558594590146306819638622683136,43.134295352534124,57.52315572877724,12.511429123007572,16.685027075330247,42.78364532419273,57.33973611595158,12.409720426001671,16.631824827168263,10,1024,89,78,88,1,4,1.4922602958977222,0.17099356185644865,33.546875,34.421875,
grid,10,8,grid_k10_N100_seed8,ok,100,180,3.6,0,99,0,18,20,19.02190351486206,2.499380588531494,7.6106470547722145,3.778705890455571,0.19887925739239842,1.0032583475112915,1.249690294265747,ok,ok,48620,25490882560,19.02190351486206,185146725063968642868927,71333937730371775857028,6425887649362262623180,185146725063968642868927,262906550443702681349135,203570977052479700247435540380516352,244553558594590146306819638622683136,43.134295352534124,57.52315572877724,11.415097285418458,15.22297775915079,42.78364532419273,57.33973611595158,11.32230095818191,15.17443743393285,10,1024,89,78,88,1,4,1.0325100412592292,0.16982064489275217,33.0078125,34.1015625,
grid,10,9,grid_k10_N100_seed9,ok,100,180,3.6,0,99,0,18,20,19.163585662841797,2.497089385986328,7.674369115654365,3.6512617686912705,0.19217167203638263,1.0014065504074097,1.248544692993164,ok,ok,48620,25490882560,19.163585662841797,185146725063968642868927,71333937730371775857028,6425887649362262623180,185146725063968642868927,262906550443702681349135,203570977052479700247435540380516352,244553558594590146306819638622683136,43.134295352534124,57.52315572877724,11.813531344808192,15.754322580217355,42.78364532419273,57.33973611595158,11.717496042341486,15.70408799709367,10,1024,89,78,88,1,4,1.6834057150408626,0.240215920843184,33.51171875,34.38671875,
grid,10,10,grid_k10_N100_seed10,ok,100,180,3.6,0,99,0,18,20,19.4575617313385,2.4935622215270996,7.803118592092866,3.3937628158142683,0.178619095569172,1.003259301185608,1.2467811107635498,ok,ok,48620,25490882560,19.4575617313385,185146725063968642868927,71333937730371775857028,6425887649362262623180,185146725063968642868927,262906550443702681349135,203570977052479700247435540380516352,244553558594590146306819638622683136,43.134295352534124,57.52315572877724,12.709873286234611,16.94966880441103,42.78364532419273,57.33973611595158,12.60655138444836,16.89562271374996,10,1024,89,78,88,1,4,1.6788147194311023,0.24171163514256477,33.6171875,34.4921875,
grid,10,11,grid_k10_N100_seed11,ok,100,180,3.6,0,99,0,18,20,18.931345105171204,2.499401330947876,7.574351854086458,3.8512962918270848,0.20269980483300443,1.0042192935943604,1.249700665473938,ok,ok,48620,25490882560,18.931345105171204,185146725063968642868927,71333937730371775857028,6425887649362262623180,185146725063968642868927,262906550443702681349135,203570977052479700247435540380516352,244553558594590146306819638622683136,43.134295352534124,57.52315572877724,11.199942067316478,14.936050454193389,42.78364532419273,57.33973611595158,11.10889479341924,14.888425031757079,10,1024,89,78,88,1,4,1.0843651127070189,0.16942471358925104,33.37890625,34.25390625,
grid,10,12,grid_k10_N100_seed12,ok,100,180,3.6,0,99,0,18,20,19.400265336036682,2.4979000091552734,7.766630075235622,3.4667398495287554,0.18245999208046082,1.0006814002990723,1.2489500045776367,ok,ok,48620,25490882560,19.400265336036682,185146725063968642868927,71333937730371775857028,6425887649362262623180,185146725063968642868927,262906550443702681349135,203570977052479700247435540380516352,244553558594590146306819638622683136,43.134295352534124,57.52315572877724,12.442322534930765,16.592867715931018,42.78364532419273,57.33973611595158,12.341175623549729,16.539959329150687,10,1024,89,78,88,1,4,1.016519831493497,0.17089899349957705,33.4375,34.3125,
grid,10,13,grid_k10_N100_seed13,ok,100,180,3.6,0,99,0,18,20,19.557119488716125,2.4985604286193848,7.827355009989769,3.3452899800204623,0.17606789368528752,1.0004161596298218,1.2492802143096924,ok,ok,48620,25490882560,19.557119488716125,185146725063968642868927,71333937730371775857028,6425887649362262623180,185146725063968642868927,262906550443702681349135,203570977052479700247435540380516352,244553558594590146306819638622683136,43.134295352534124,57.52315572877724,12.894037769565879,17.195267397544228,42.78364532419273,57.33973611595158,12.789218746271747,17.140438185750597,10,1024,89,78,88,1,4,1.4593838676810265,0.1701832814142108,33.546875,34.421875,
grid,10,14,grid_k10_N100_seed14,ok,100,180,3.6,0,99,0,18,20,19.350544095039368,2.4989871978759766,7.743354632423261,3.5132907351534772,0.18491003869228828,1.0012187957763672,1.2494935989379883,ok,ok,48620,25490882560,19.350544095039368,185146725063968642868927,71333937730371775857028,6425887649362262623180,185146725063968642868927,262906550443702681349135,203570977052479700247435540380516352,244553558594590146306819638622683136,43.134295352534124,57.52315572877724,12.277462528488925,16.373013241747657,42.78364532419273,57.33973611595158,12.177655807447357,16.320805887830033,10,1024,89,78,88,1,4,1.0160380117595196,0.17049671337008476,33.52734375,34.40234375,
grid,10,15,grid_k10_N100_seed15,ok,100,180,3.6,0,99,0,18,20,19.434791922569275,2.4989960193634033,7.777039968042891,3.445920063914217,0.18136421389022195,1.004207968711853,1.2494980096817017,ok,ok,48620,25490882560,19.434791922569275,185146725063968642868927,71333937730371775857028,6425887649362262623180,185146725063968642868927,262906550443702681349135,203570977052479700247435540380516352,244553558594590146306819638622683136,43.134295352534124,57.52315572877724,12.517497374427752,16.69311959124111,42.78364532419273,57.33973611595158,12.415739347010515,16.639891539103036,10,1024,89,78,88,1,4,1.0143269002437592,0.17132541816681623,33.56640625,34.44140625,
grid,10,16,grid_k10_N100_seed16,ok,100,180,3.6,0,99,0,18,20,19.121042847633362,2.4985127449035645,7.65296990645184,3.6940601870963192,0.1944242203734905,1.0016155242919922,1.2492563724517822,ok,ok,48620,25490882560,19.121042847633362,185146725063968642868927,71333937730371775857028,6425887649362262623180,185146725063968642868927,262906550443702681349135,203570977052479700247435540380516352,244553558594590146306819638622683136,43.134295352534124,57.52315572877724,11.676662850054813,15.571797105448022,42.78364532419273,57.33973611595158,11.58174018756917,15.522144527109866,10,1024,89,78,88,1,4,1.6820041565224528,0.25051762256771326,33.59375,34.46875,
grid,10,17,grid_k10_N100_seed17,ok,100,180,3.6,0,99,0,18,20,19.352156400680542,2.4988818168640137,7.744326390339918,3.5113472193201645,0.1848077483852718,1.000630259513855,1.2494409084320068,ok,ok,48620,25490882560,19.352156400680542,185146725063968642868927,71333937730371775857028,6425887649362262623180,185146725063968642868927,262906550443702681349135,203570977052479700247435540380516352,244553558594590146306819638622683136,43.134295352534124,57.52315572877724,12.284258052066237,16.382075635321065,42.78364532419273,57.33973611595158,12.184396088426743,16.32983938485388,10,1024,89,78,88,1,4,1.273594451136887,0.17054376285523176,33.5234375,34.3984375,
grid,10,18,grid_k10_N100_seed18,ok,100,180,3.6,0,99,0,18,20,18.923322796821594,2.499232530593872,7.571653523701935,3.8566929525961307,0.20298383961032263,1.001313328742981,1.249616265296936,ok,ok,48620,25490882560,18.923322796821594,185146725063968642868927,71333937730371775857028,6425887649362262623180,185146725063968642868927,262906550443702681349135,203570977052479700247435540380516352,244553558594590146306819638622683136,43.134295352534124,57.52315572877724,11.18427001649128,14.915150476279312,42.78364532419273,57.33973611595158,11.093350144815897,14.867591695977087,10,1024,89,78,88,1,4,1.136516461148858,0.168942142277956,33.3359375,34.4296875,
grid,10,19,grid_k10_N100_seed19,ok,100,180,3.6,0,99,0,18,20,18.980143070220947,2.4951589107513428,7.606787282540511,3.7864254349189785,0.19928554920626207,1.0026217699050903,1.2475794553756714,ok,ok,48620,25490882560,18.980143070220947,185146725063968642868927,71333937730371775857028,6425887649362262623180,185146725063968642868927,262906550443702681349135,203570977052479700247435540380516352,244553558594590146306819638622683136,43.134295352534124,57.52315572877724,11.391824847451963,15.191942035432717,42.78364532419273,57.33973611595158,11.29921770798273,15.143500671413204,10,1024,89,78,88,1,4,1.8070322927087545,0.24144837260246277,33.5390625,34.4140625,
grid,10,20,grid_k10_N100_seed20,ok,100,180,3.6,0,99,0,18,20,18.983418345451355,2.4981906414031982,7.598866968290554,3.8022660634188927,0.2001192664957312,1.0012428760528564,1.2490953207015991,ok,ok,48620,25490882560,18.983418345451355,185146725063968642868927,71333937730371775857028,6425887649362262623180,185146725063968642868927,262906550443702681349135,203570977052479700247435540380516352,244553558594590146306819638622683136,43.134295352534124,57.52315572877724,11.344365342426604,15.128650854341846,42.78364532419273,57.33973611595158,11.252144013752384,15.080411301989024,10,1024,89,78,88,1,4,1.1661685425788164,0.1701005371287465,33.546875,34.421875,
grid,10,21,grid_k10_N100_seed21,ok,100,180,3.6,0,99,0,18,20,19.254595041275024,2.499204397201538,7.704289838332225,3.5914203233355497,0.18902212228081838,1.0000661611557007,1.249602198600769,ok,ok,48620,25490882560,19.254595041275024,185146725063968642868927,71333937730371775857028,6425887649362262623180,185146725063968642868927,262906550443702681349135,203570977052479700247435540380516352,244553558594590146306819638622683136,43.134295352534124,57.52315572877724,12.010372351090593,16.01682636672065,42.78364532419273,57.33973611595158,11.91273687632786,15.965754758189098,10,1024,89,78,88,1,4,1.2673093415796757,0.170261112973094,33.62109375,34.49609375,
grid,10,22,grid_k10_N100_seed22,ok,100,180,3.6,0,99,0,18,20,18.934293508529663,2.498772621154785,7.577437558035733,3.845124883928534,0.20237499389097546,1.0057332515716553,1.2493863105773926,ok,ok,48620,25490882560,18.934293508529663,185146725063968642868927,71333937730371775857028,6425887649362262623180,185146725063968642868927,262906550443702681349135,203570977052479700247435540380516352,244553558594590146306819638622683136,43.134295352534124,57.52315572877724,11.217917923244187,14.960022747039176,42.78364532419273,57.33973611595158,11.126724518887672,14.912320886017106,10,1024,89,78,88,1,4,1.0309429494664073,0.17293591052293777,33.52734375,34.40234375,
grid,10,23,grid_k10_N100_seed23,ok,100,180,3.6,0,99,0,18,20,19.443488359451294,2.497645378112793,7.784727379570068,3.430545240859864,0.18055501267683494,1.0032057762145996,1.2488226890563965,ok,ok,48620,25490882560,19.443488359451294,185146725063968642868927,71333937730371775857028,6425887649362262623180,185146725063968642868927,262906550443702681349135,203570977052479700247435540380516352,244553558594590146306819638622683136,43.134295352534124,57.52315572877724,12.573597584074577,16.76793386766679,42.78364532419273,57.33973611595158,12.471383503302537,16.714467261064136,10,1024,89,78,88,1,4,1.3449553893879056,0.17073819134384394,33.5,34.375,
grid,10,24,grid_k10_N100_seed24,ok,100,180,3.6,0,99,0,18,20,19.338160395622253,2.491300106048584,7.762276551376316,3.4754468972473678,0.18291825774986148,1.0057843923568726,1.245650053024292,ok,ok,48620,25490882560,19.338160395622253,185146725063968642868927,71333937730371775857028,6425887649362262623180,185146725063968642868927,262906550443702681349135,203570977052479700247435540380516352,244553558594590146306819638622683136,43.134295352534124,57.52315572877724,12.411150746310485,16.55129755380146,42.78364532419273,57.33973611595158,12.310257238595227,16.498521718564007,10,1024,89,78,88,1,4,1.093243551440537,0.17014028783887625,33.62109375,34.49609375,
grid,10,25,grid_k10_N100_seed25,ok,100,180,3.6,0,99,0,18,20,19.213489294052124,2.4954311847686768,7.699466693902517,3.601066612194966,0.18952982169447186,1.0000779628753662,1.2477155923843384,ok,ok,48620,25490882560,19.213489294052124,185146725063968642868927,71333937730371775857028,6425887649362262623180,185146725063968642868927,262906550443702681349135,203570977052479700247435540380516352,244553558594590146306819638622683136,43.134295352534124,57.52315572877724,11.97819979404446,15.973921597000125,42.78364532419273,57.33973611595158,11.880825858457175,15.922986795570873,10,1024,89,78,88,1,4,1.575042199343443,0.16997489519417286,33.5546875,34.4296875,
grid,10,26,grid_k10_N100_seed26,ok,100,180,3.6,0,99,0,18,20,19.25310492515564,2.4982542991638184,7.706623353595259,3.5867532928094814,0.1887764890952358,1.0004465579986572,1.2491271495819092,ok,ok,48620,25490882560,19.25310492515564,185146725063968642868927,71333937730371775857028,6425887649362262623180,185146725063968642868927,262906550443702681349135,203570977052479700247435540380516352,244553558594590146306819638622683136,43.134295352534124,57.52315572877724,12.026000070595126,16.037667225146592,42.78364532419273,57.33973611595158,11.9282375539915,15.986529162990667,10,1024,89,78,88,1,4,1.0133041692897677,0.16909937001764774,33.52734375,34.40234375,
grid,10,27,grid_k10_N100_seed27,ok,100,180,3.6,0,99,0,18,20,19.14002537727356,2.4989171028137207,7.659327856743367,3.6813442865132657,0.19375496244806667,1.0013705492019653,1.2494585514068604,ok,ok,48620,25490882560,19.14002537727356,185146725063968642868927,71333937730371775857028,6425887649362262623180,185146725063968642868927,262906550443702681349135,203570977052479700247435540380516352,244553558594590146306819638622683136,43.134295352534124,57.52315572877724,11.716995748145083,15.625584365883773,42.78364532419273,57.33973611595158,11.621745208926022,15.575760280291556,10,1024,89,78,88,1,4,1.296483125537634,0.20256013423204422,33.55078125,34.42578125,
grid,10,28,grid_k10_N100_seed28,ok,100,180,3.6,0,99,0,18,20,19.442999720573425,2.49985408782959,7.777653829969782,3.4446923400604366,0.18129959684528618,1.004197359085083,1.249927043914795,ok,ok,48620,25490882560,19.442999720573425,185146725063968642868927,71333937730371775857028,6425887649362262623180,185146725063968642868927,262906550443702681349135,203570977052479700247435540380516352,244553558594590146306819638622683136,43.134295352534124,57.52315572877724,12.521958739507442,16.69906919111621,42.78364532419273,57.33973611595158,12.420164444480433,16.645822167951742,10,1024,89,78,88,1,4,1.0229007620364428,0.19434303790330887,33.40234375,34.27734375,
grid,10,29,grid_k10_N100_seed29,ok,100,180,3.6,0,99,0,18,20,19.2592294216156,2.496960401535034,7.7130696224801065,3.573860755039787,0.18809793447577827,1.0001604557037354,1.248480200767517,ok,ok,48620,25490882560,19.2592294216156,185146725063968642868927,71333937730371775857028,6425887649362262623180,185146725063968642868927,262906550443702681349135,203570977052479700247435540380516352,244553558594590146306819638622683136,43.134295352534124,57.52315572877724,12.069383310949371,16.095522369655626,42.78364532419273,57.33973611595158,11.971268120578031,16.044199829300073,10,1024,89,78,88,1,4,1.1878852555528283,0.19912642519921064,33.578125,34.453125,
grid,10,30,grid_k10_N100_seed30,ok,100,180,3.6,0,99,0,18,20,19.259318828582764,2.4994304180145264,7.705483093176803,3.5890338136463935,0.1888965165077049,1.003984808921814,1.2497152090072632,ok,ok,48620,25490882560,19.259318828582764,185146725063968642868927,71333937730371775857028,6425887649362262623180,185146725063968642868927,262906550443702681349135,203570977052479700247435540380516352,244553558594590146306819638622683136,43.134295352534124,57.52315572877724,12.018358586794829,16.027476673543724,42.78364532419273,57.33973611595158,11.920658189822214,15.976371105207127,10,1024,89,78,88,1,4,1.0959242545068264,0.19954626448452473,33.41796875,34.29296875,
grid,10,31,grid_k10_N100_seed31,ok,100,180,3.6,0,99,0,18,20,19.385319113731384,2.497204542160034,7.762807886358982,3.4743842272820356,0.1828623277516861,1.0011723041534424,1.248602271080017,ok,ok,48620,25490882560,19.385319113731384,185146725063968642868927,71333937730371775857028,6425887649362262623180,185146725063968642868927,262906550443702681349135,203570977052479700247435540380516352,244553558594590146306819638622683136,43.134295352534124,57.52315572877724,12.414946802322294,16.55635990892603,42.78364532419273,57.33973611595158,12.31402243546961,16.50356793175051,10,1024,89,78,88,1,4,1.3834389206022024,0.16922587901353836,33.453125,34.328125,
grid,10,32,grid_k10_N100_seed32,ok,100,180,3.6,0,99,0,18,20,19.224047422409058,2.495586633682251,7.703217817785743,3.5935643644285147,0.1891349665488692,1.0006499290466309,1.2477933168411255,ok,ok,48620,25490882560,19.224047422409058,185146725063968642868927,71333937730371775857028,6425887649362262623180,185146725063968642868927,262906550443702681349135,203570977052479700247435540380516352,244553558594590146306819638622683136,43.134295352534124,57.52315572877724,12.003206559900807,16.007270190616207,42.78364532419273,57.33973611595158,11.905629337738779,15.956229053120168,10,1024,89,78,88,1,4,1.1485666334629059,0.1683836430311203,33.41015625,34.28515625,
grid,10,33,grid_k10_N100_seed33,ok,100,180,3.6,0,99,0,18,20,19.266905307769775,2.499396800994873,7.708622056370031,3.582755887259937,0.18856609932947033,1.0028612613677979,1.2496984004974365,ok,ok,48620,25490882560,19.266905307769775,185146725063968642868927,71333937730371775857028,6425887649362262623180,185146725063968642868927,262906550443702681349135,203570977052479700247435540380516352,244553558594590146306819638622683136,43.134295352534124,57.52315572877724,12.039417897802377,16.055561009145528,42.78364532419273,57.33973611595158,11.941546304153398,16.00436589047225,10,1024,89,78,88,1,4,1.4923970540985465,0.20958280190825462,33.453125,34.328125,
grid,10,34,grid_k10_N100_seed34,ok,100,180,3.6,0,99,0,18,20,19.344419598579407,2.499750852584839,7.738539054232757,3.5229218915344855,0.1854169416597098,1.0004801750183105,1.2498754262924194,ok,ok,48620,25490882560,19.344419598579407,185146725063968642868927,71333937730371775857028,6425887649362262623180,185146725063968642868927,262906550443702681349135,203570977052479700247435540380516352,244553558594590146306819638622683136,43.134295352534124,57.52315572877724,12.243897730513133,16.328251803426095,42.78364532419273,57.33973611595158,12.144363866539596,16.276187176825545,10,1024,89,78,88,1,4,1.7370094051584601,0.24003062024712563,33.53125,34.40625,
grid,10,35,grid_k10_N100_seed35,ok,100,180,3.6,0,99,0,18,20,19.29577350616455,2.4981625080108643,7.723986507798729,3.5520269844025414,0.18694878865276532,1.0002230405807495,1.2490812540054321,ok,ok,48620,25490882560,19.29577350616455,185146725063968642868927,71333937730371775857028,6425887649362262623180,185146725063968642868927,262906550443702681349135,203570977052479700247435540380516352,244553558594590146306819638622683136,43.134295352534124,57.52315572877724,12.143571977899658,16.194459102188596,42.78364532419273,57.33973611595158,12.044853688348045,16.142821089968788,10,1024,89,78,88,1,4,1.0095918560400605,0.1688071545213461,33.4765625,34.3515625,
grid,10,36,grid_k10_N100_seed36,ok,100,180,3.6,0,99,0,18,20,19.088157773017883,2.494204521179199,7.653004238799738,3.6939915224005233,0.19442060644213277,1.0000150203704834,1.2471022605895996,ok,ok,48620,25490882560,19.088157773017883,185146725063968642868927,71333937730371775857028,6425887649362262623180,185146725063968642868927,262906550443702681349135,203570977052479700247435540380516352,244553558594590146306819638622683136,43.134295352534124,57.52315572877724,11.676879898333794,15.572086557306466,42.78364532419273,57.33973611595158,11.581955471405625,15.522433056015684,10,1024,89,78,88,1,4,1.0125579675659537,0.1695202486589551,33.55859375,34.43359375,
grid,10,37,grid_k10_N100_seed37,ok,100,180,3.6,0,99,0,18,20,19.276050329208374,2.497422695159912,7.718377176024706,3.5632456479505876,0.1875392446289783,1.0013015270233154,1.248711347579956,ok,ok,48620,25490882560,19.276050329208374,185146725063968642868927,71333937730371775857028,6425887649362262623180,185146725063968642868927,262906550443702681349135,203570977052479700247435540380516352,244553558594590146306819638622683136,43.134295352534124,57.52315572877724,12.105338675525488,16.143471826552815,42.78364532419273,57.33973611595158,12.006931194541664,16.091996393493307,10,1024,89,78,88,1,4,1.0844871047884226,0.1681497534736991,33.5,34.375,
grid,10,38,grid_k10_N100_seed38,ok,100,180,3.6,0,99,0,18,20,19.27806520462036,2.495720863342285,7.724447668720073,3.5511046625598546,0.18690024539788708,1.000887393951416,1.2478604316711426,ok,ok,48620,25490882560,19.27806520462036,185146725063968642868927,71333937730371775857028,6425887649362262623180,185146725063968642868927,262906550443702681349135,203570977052479700247435540380516352,244553558594590146306819638622683136,43.134295352534124,57.52315572877724,12.146726005377795,16.198665259083356,42.78364532419273,57.33973611595158,12.047982075907516,16.147013835018193,10,1024,89,78,88,1,4,1.5201173350214958,0.2382093481719494,33.52734375,34.40234375,
grid,10,39,grid_k10_N100_seed39,ok,100,180,3.6,0,99,0,18,20,19.064621329307556,2.4949896335601807,7.64116254146661,3.7176749170667804,0.19566710089825157,1.0015339851379395,1.2474948167800903,ok,ok,48620,25490882560,19.064621329307556,185146725063968642868927,71333937730371775857028,6425887649362262623180,185146725063968642868927,262906550443702681349135,203570977052479700247435540380516352,244553558594590146306819638622683136,43.134295352534124,57.52315572877724,11.602492502643772,15.47288480353807,42.78364532419273,57.33973611595158,11.50817279041405,15.42354761916414,10,1024,89,78,88,1,4,1.2860124139115214,0.17109019868075848,33.5,34.375,
grid,10,40,grid_k10_N100_seed40,ok,100,180,3.6,0,99,0,18,20,19.386563777923584,2.4979212284088135,7.7610789153158795,3.477842169368241,0.18304432470359167,1.007863998413086,1.2489606142044067,ok,ok,48620,25490882560,19.386563777923584,185146725063968642868927,71333937730371775857028,6425887649362262623180,185146725063968642868927,262906550443702681349135,203570977052479700247435540380516352,244553558594590146306819638622683136,43.134295352534124,57.52315572877724,12.402602893382474,16.539898283890917,42.78364532419273,57.33973611595158,12.301778873411179,16.48715879661885,10,1024,89,78,88,1,4,0.9931040871888399,0.16946128103882074,33.4375,34.3125,
grid,11,1,grid_k11_N121_seed1,ok,121,220,3.6363636363636362,0,120,0,20,22,21.551995277404785,2.4995129108428955,8.622478077193422,3.755043845613155,0.17881161169586457,1.0014561414718628,1.2497564554214478,ok,ok,184756,387461414912,21.551995277404785,1191110079290075424468399600,390718269993983441025482920,30196927689673846373937244,1191110079290075424468399600,1612025276973732711867819764,20954230114250100103025026938714036633600,24523831855064989062024145108569566478336,50.520497520703074,66.31758189394125,13.454036649857988,17.66093409839063,50.21789190827518,66.16027706115392,13.373450210692594,17.619042488264398,11,2048,101,90,100,1,4,8.65873717982322,0.46397268306463957,33.46484375,35.43359375,
grid,11,2,grid_k11_N121_seed2,ok,121,220,3.6363636363636362,0,120,0,20,22,21.045514345169067,2.4909417629241943,8.448818297728117,4.102363404543766,0.19535063831160793,1.0007966756820679,1.2454708814620972,ok,ok,184756,387461414912,21.045514345169067,1191110079290075424468399600,390718269993983441025482920,30196927689673846373937244,1191110079290075424468399600,1612025276973732711867819764,20954230114250100103025026938714036633600,24523831855064989062024145108569566478336,50.520497520703074,66.31758189394125,12.314973720940158,16.165701415064323,50.21789190827518,66.16027706115392,12.241209994378845,16.12735648623303,11,2048,101,90,100,1,4,7.302071436308324,0.32697982247918844,33.48828125,35.45703125,
grid,11,3,grid_k11_N121_seed3,ok,121,220,3.6363636363636362,0,120,0,20,22,21.48463726043701,2.499901533126831,8.594193401515467,3.8116131969690663,0.1815053903318603,1.0002870559692383,1.2499507665634155,ok,ok,184756,387461414912,21.48463726043701,1191110079290075424468399600,390718269993983441025482920,30196927689673846373937244,1191110079290075424468399600,1612025276973732711867819764,20954230114250100103025026938714036633600,24523831855064989062024145108569566478336,50.520497520703074,66.31758189394125,13.254361056593089,17.39882261575648,50.21789190827518,66.16027706115392,13.17497062614004,17.357552732203654,11,2048,101,90,100,1,4,7.361974509432912,0.32652383856475353,33.41796875,35.38671875,
grid,11,4,grid_k11_N121_seed4,ok,121,220,3.6363636363636362,0,120,0,20,22,21.56089687347412,2.49920654296875,8.62709684164896,3.7458063167020796,0.1783717293667657,1.0020534992218018,1.249603271484375,ok,ok,184756,387461414912,21.56089687347412,1191110079290075424468399600,390718269993983441025482920,30196927689673846373937244,1191110079290075424468399600,1612025276973732711867819764,20954230114250100103025026938714036633600,24523831855064989062024145108569566478336,50.520497520703074,66.31758189394125,13.487215635105992,17.704487708891804,50.21789190827518,66.16027706115392,13.406430461810027,17.662492789911095,11,2048,101,90,100,1,4,8.40836142282933,0.36743688490241766,33.58203125,35.55078125,
grid,11,5,grid_k11_N121_seed5,ok,121,220,3.6363636363636362,0,120,0,20,22,21.39048159122467,2.4995880126953125,8.557602885988903,3.8847942280221943,0.18499020133439026,1.0000003576278687,1.2497940063476562,ok,ok,184756,387461414912,21.39048159122467,1191110079290075424468399600,390718269993983441025482920,30196927689673846373937244,1191110079290075424468399600,1612025276973732711867819764,20954230114250100103025026938714036633600,24523831855064989062024145108569566478336,50.520497520703074,66.31758189394125,13.004677868465585,17.071066831692782,50.21789190827518,66.16027706115392,12.926782980173918,17.03057438252967,11,2048,101,90,100,1,4,8.462094739079475,0.37456877809017897,33.5625,35.53125,
grid,11,6,grid_k11_N121_seed6,ok,121,220,3.6363636363636362,0,120,0,20,22,21.483917474746704,2.497986078262329,8.600495279658057,3.7990094406838857,0.18090521146113736,1.0013283491134644,1.2489930391311646,ok,ok,184756,387461414912,21.483917474746704,1191110079290075424468399600,390718269993983441025482920,30196927689673846373937244,1191110079290075424468399600,1612025276973732711867819764,20954230114250100103025026938714036633600,24523831855064989062024145108569566478336,50.520497520703074,66.31758189394125,13.298334292006533,17.45654569418574,50.21789190827518,66.16027706115392,13.218680472464188,17.41513889190124,11,2048,101,90,100,1,4,7.153238496743143,0.3269325718283653,33.53125,35.5,
grid,11,7,grid_k11_N121_seed7,ok,121,220,3.6363636363636362,0,120,0,20,22,21.408139944076538,2.4977500438690186,8.570969699960568,3.858060600078865,0.1837171714323269,1.0009335279464722,1.2488750219345093,ok,ok,184756,387461414912,21.408139944076538,1191110079290075424468399600,390718269993983441025482920,30196927689673846373937244,1191110079290075424468399600,1612025276973732711867819764,20954230114250100103025026938714036633600,24523831855064989062024145108569566478336,50.520497520703074,66.31758189394125,13.094791077068711,17.189357236271928,50.21789190827518,66.16027706115392,13.016356432361027,17.148584203110108,11,2048,101,90,100,1,4,9.92311745416373,0.32866513542830944,33.53125,35.5,
grid,11,8,grid_k11_N121_seed8,ok,121,220,3.6363636363636362,0,120,0,20,22,21.435909748077393,2.499380588531494,8.576488849452103,3.8470223010957945,0.18319153814741873,1.0032583475112915,1.249690294265747,ok,ok,184756,387461414912,21.435909748077393,1191110079290075424468399600,390718269993983441025482920,30196927689673846373937244,1191110079290075424468399600,1612025276973732711867819764,20954230114250100103025026938714036633600,24523831855064989062024145108569566478336,50.520497520703074,66.31758189394125,13.132364090094487,17.238678828311237,50.21789190827518,66.16027706115392,13.053704392088136,17.197788804683736,11,2048,101,90,100,1,4,11.815384961664677,0.5128878643736243,33.5625,35.53125,
grid,11,9,grid_k11_N121_seed9,ok,121,220,3.6363636363636362,0,120,0,20,22,21.64937150478363,2.497089385986328,8.669842427860194,3.660315144279611,0.174300721156172,1.0014065504074097,1.248544692993164,ok,ok,184756,387461414912,21.64937150478363,1191110079290075424468399600,390718269993983441025482920,30196927689673846373937244,1191110079290075424468399600,1612025276973732711867819764,20954230114250100103025026938714036633600,24523831855064989062024145108569566478336,50.520497520703074,66.31758189394125,13.802226182534358,18.117997844416006,50.21789190827518,66.16027706115392,13.71955417192871,18.07502208233356,11,2048,101,90,100,1,4,7.3028711043298244,0.3344634873792529,33.5625,35.96875,
grid,11,10,grid_k11_N121_seed10,ok,121,220,3.6363636363636362,0,120,0,20,22,21.488603830337524,2.4935622215270996,8.617632896755046,3.7647342064899085,0.17927305745190036,1.003259301185608,1.2467811107635498,ok,ok,184756,387461414912,21.488603830337524,1191110079290075424468399600,390718269993983441025482920,30196927689673846373937244,1191110079290075424468399600,1612025276973732711867819764,20954230114250100103025026938714036633600,24523831855064989062024145108569566478336,50.520497520703074,66.31758189394125,13.419406191707333,17.615475158808934,50.21789190827518,66.16027706115392,13.339027180645612,17.573691376964213,11,2048,101,90,100,1,4,7.233425696380436,0.32774452213197947,33.34765625,35.31640625,
grid,11,11,grid_k11_N121_seed11,ok,121,220,3.6363636363636362,0,120,0,20,22,21.310990571975708,2.499401330947876,8.526438034620755,3.94712393075849,0.1879582824170709,1.0028672218322754,1.249700665473938,ok,ok,184756,387461414912,21.310990571975708,1191110079290075424468399600,390718269993983441025482920,30196927689673846373937244,1191110079290075424468399600,1612025276973732711867819764,20954230114250100103025026938714036633600,24523831855064989062024145108569566478336,50.520497520703074,66.31758189394125,12.799318796913203,16.801494723069787,50.21789190827518,66.16027706115392,12.722653959999976,16.761641697031887,11,2048,101,90,100,1,4,7.836753464303911,0.32730129547417164,33.546875,35.515625,
grid,11,12,grid_k11_N121_seed12,ok,121,220,3.6363636363636362,0,120,0,20,22,21.315887331962585,2.4979000091552734,8.5335230609055,3.932953878189,0.187283518009,1.0006814002990723,1.2489500045776367,ok,ok,184756,387461414912,21.315887331962585,1191110079290075424468399600,390718269993983441025482920,30196927689673846373937244,1191110079290075424468399600,1612025276973732711867819764,20954230114250100103025026938714036633600,24523831855064989062024145108569566478336,50.520497520703074,66.31758189394125,12.84543350504943,16.862028884121667,50.21789190827518,66.16027706115392,12.768492452141064,16.822032271484105,11,2048,101,90,100,1,4,7.363397482782602,0.32679593563079834,33.53125,35.5,
grid,11,13,grid_k11_N121_seed13,ok,121,220,3.6363636363636362,0,120,0,20,22,21.553173542022705,2.4985604286193848,8.626236650170682,3.7475266996586356,0.1784536523646969,1.00020432472229,1.2492802143096924,ok,ok,184756,387461414912,21.553173542022705,1191110079290075424468399600,390718269993983441025482920,30196927689673846373937244,1191110079290075424468399600,1612025276973732711867819764,20954230114250100103025026938714036633600,24523831855064989062024145108569566478336,50.520497520703074,66.31758189394125,13.48102403788211,17.6963600819661,50.21789190827518,66.16027706115392,13.400275950762287,17.65438444165868,11,2048,101,90,100,1,4,8.181326736696064,0.40040820371359587,33.5234375,35.4921875,
grid,11,14,grid_k11_N121_seed14,ok,121,220,3.6363636363636362,0,120,0,20,22,21.567508578300476,2.4989871978759766,8.630499826742554,3.739000346514892,0.17804763554832825,1.0006909370422363,1.2494935989379883,ok,ok,184756,387461414912,21.567508578300476,1191110079290075424468399600,390718269993983441025482920,30196927689673846373937244,1191110079290075424468399600,1612025276973732711867819764,20954230114250100103025026938714036633600,24523831855064989062024145108569566478336,50.520497520703074,66.31758189394125,13.511765937062037,17.736714562157132,50.21789190827518,66.16027706115392,13.430833713370228,17.694643201309585,11,2048,101,90,100,1,4,7.177528230473399,0.37893224228173494,33.45703125,35.42578125,
grid,11,15,grid_k11_N121_seed15,ok,121,220,3.6363636363636362,0,120,0,20,22,21.790882229804993,2.4989960193634033,8.719854718038336,3.5602905639233278,0.16953764590111087,1.004207968711853,1.2494980096817017,ok,ok,184756,387461414912,21.790882229804993,1191110079290075424468399600,390718269993983441025482920,30196927689673846373937244,1191110079290075424468399600,1612025276973732711867819764,20954230114250100103025026938714036633600,24523831855064989062024145108569566478336,50.520497520703074,66.31758189394125,14.189992814808654,18.627013920139532,50.21789190827518,66.16027706115392,14.104998175468197,18.58283077554417,11,2048,101,90,100,1,4,8.094478784129024,0.48430093191564083,33.6875,35.65625,
grid,11,16,grid_k11_N121_seed16,ok,121,220,3.6363636363636362,0,120,0,20,22,21.296679496765137,2.4985127449035645,8.523742590549455,3.95251481890109,0.18821499137624242,1.0013434886932373,1.2492563724517822,ok,ok,184756,387461414912,21.296679496765137,1191110079290075424468399600,390718269993983441025482920,30196927689673846373937244,1191110079290075424468399600,1612025276973732711867819764,20954230114250100103025026938714036633600,24523831855064989062024145108569566478336,50.520497520703074,66.31758189394125,12.781861633791216,16.778578938352823,50.21789190827518,66.16027706115392,12.70530136108058,16.73878026839336,11,2048,101,90,100,1,4,11.199296049773693,0.3305585505440831,33.57421875,35.54296875,
grid,11,17,grid_k11_N121_seed17,ok,121,220,3.6363636363636362,0,120,0,20,22,21.41023862361908,2.4988818168640137,8.567927654333003,3.864144691333994,0.18400689006352355,1.000630259513855,1.2494409084320068,ok,ok,184756,387461414912,21.41023862361908,1191110079290075424468399600,390718269993983441025482920,30196927689673846373937244,1191110079290075424468399600,1612025276973732711867819764,20954230114250100103025026938714036633600,24523831855064989062024145108569566478336,50.520497520703074,66.31758189394125,13.074173343975431,17.162292613594357,50.21789190827518,66.16027706115392,12.995862194523253,17.121583777525117,11,2048,101,90,100,1,4,9.128123975358903,0.4668994639068842,33.578125,35.546875,
grid,11,18,grid_k11_N121_seed18,ok,121,220,3.6363636363636362,0,120,0,20,22,21.353493571281433,2.499232530593872,8.544020338198534,3.9119593236029324,0.18628377731442536,1.001313328742981,1.249616265296936,ok,ok,184756,387461414912,21.353493571281433,1191110079290075424468399600,390718269993983441025482920,30196927689673846373937244,1191110079290075424468399600,1612025276973732711867819764,20954230114250100103025026938714036633600,24523831855064989062024145108569566478336,50.520497520703074,66.31758189394125,12.914371889269407,16.9525233797325,50.21789190827518,66.16027706115392,12.837017912043184,16.91231211479469,11,2048,101,90,100,1,4,7.443832008168101,0.3264662818983197,33.63671875,35.60546875,
grid,11,19,grid_k11_N121_seed19,ok,121,220,3.6363636363636362,0,120,0,20,22,21.08373522758484,2.4951589107513428,8.449856695193855,4.10028660961229,0.19525174331487094,1.0026217699050903,1.2475794553756714,ok,ok,184756,387461414912,21.08373522758484,1191110079290075424468399600,390718269993983441025482920,30196927689673846373937244,1191110079290075424468399600,1612025276973732711867819764,20954230114250100103025026938714036633600,24523831855064989062024145108569566478336,50.520497520703074,66.31758189394125,12.321211254420122,16.17388934189945,50.21789190827518,66.16027706115392,12.247410166535559,16.135524991363916,11,2048,101,90,100,1,4,9.6654332280159,0.3964558746665716,33.5859375,35.5546875,
grid,11,20,grid_k11_N121_seed20,ok,121,220,3.6363636363636362,0,120,0,20,22,21.60936665534973,2.4981906414031982,8.65000704798576,3.6999859040284804,0.17618980495373715,1.0012428760528564,1.2490953207015991,ok,ok,184756,387461414912,21.60936665534973,1191110079290075424468399600,390718269993983441025482920,30196927689673846373937244,1191110079290075424468399600,1612025276973732711867819764,20954230114250100103025026938714036633600,24523831855064989062024145108569566478336,50.520497520703074,66.31758189394125,13.654240537969951,17.923739066609908,50.21789190827518,66.16027706115392,13.572454925733314,17.881224084967393,11,2048,101,90,100,1,4,7.473337113857269,0.3259045509621501,33.3125,35.28125,
grid,11,21,grid_k11_N121_seed21,ok,121,220,3.6363636363636362,0,120,0,20,22,21.20906710624695,2.499415636062622,8.485610316360988,4.028779367278023,0.1918466365370487,1.0000661611557007,1.249707818031311,ok,ok,184756,387461414912,21.20906710624695,1191110079290075424468399600,390718269993983441025482920,30196927689673846373937244,1191110079290075424468399600,1612025276973732711867819764,20954230114250100103025026938714036633600,24523831855064989062024145108569566478336,50.520497520703074,66.31758189394125,12.539901770504846,16.460961459586606,50.21789190827518,66.16027706115392,12.464790779099935,16.42191617602877,11,2048,101,90,100,1,4,7.9536315985023975,0.3247049106284976,33.546875,35.515625,
grid,11,22,grid_k11_N121_seed22,ok,121,220,3.6363636363636362,0,120,0,20,22,21.280523419380188,2.498772621154785,8.516390502768349,3.967218994463302,0.18891519021253822,1.0057332515716553,1.2493863105773926,ok,ok,184756,387461414912,21.280523419380188,1191110079290075424468399600,390718269993983441025482920,30196927689673846373937244,1191110079290075424468399600,1612025276973732711867819764,20954230114250100103025026938714036633600,24523831855064989062024145108569566478336,50.520497520703074,66.31758189394125,12.734486699930123,16.716390495834705,50.21789190827518,66.16027706115392,12.658210191663194,16.676739336418784,11,2048,101,90,100,1,4,8.615156635642052,0.4699975047260523,33.5546875,35.5234375,
grid,11,23,grid_k11_N121_seed23,ok,121,220,3.6363636363636362,0,120,0,20,22,21.553622841835022,2.4988772869110107,8.625322641784683,3.7493547164306342,0.17854070078241113,1.0032057762145996,1.2494386434555054,ok,ok,184756,387461414912,21.553622841835022,1191110079290075424468399600,390718269993983441025482920,30196927689673846373937244,1191110079290075424468399600,1612025276973732711867819764,20954230114250100103025026938714036633600,24523831855064989062024145108569566478336,50.520497520703074,66.31758189394125,13.474451296728287,17.68773213249752,50.21789190827518,66.16027706115392,13.393742578744948,17.6457769576249,11,2048,101,90,100,1,4,7.108261757530272,0.3270768066868186,33.484375,35.453125,
grid,11,24,grid_k11_N121_seed24,ok,121,220,3.6363636363636362,0,120,0,20,22,21.729142546653748,2.4981849193573,8.697972026924226,3.604055946151547,0.1716217117215022,1.00388765335083,1.24909245967865,ok,ok,184756,387461414912,21.729142546653748,1191110079290075424468399600,390718269993983441025482920,30196927689673846373937244,1191110079290075424468399600,1612025276973732711867819764,20954230114250100103025026938714036633600,24523831855064989062024145108569566478336,50.520497520703074,66.31758189394125,14.017678492102613,18.400819211687303,50.21789190827518,66.16027706115392,13.93371597405374,18.357172599332326,11,2048,101,90,100,1,4,9.863209738396108,0.3276581885293126,33.6796875,35.8671875,
grid,11,25,grid_k11_N121_seed25,ok,121,220,3.6363636363636362,0,120,0,20,22,21.406583428382874,2.4998228549957275,8.563240145438009,3.8735197091239826,0.18445331948209442,1.0000779628753662,1.2499114274978638,ok,ok,184756,387461414912,21.406583428382874,1191110079290075424468399600,390718269993983441025482920,30196927689673846373937244,1191110079290075424468399600,1612025276973732711867819764,20954230114250100103025026938714036633600,24523831855064989062024145108569566478336,50.520497520703074,66.31758189394125,13.042530131369476,17.12075499131495,50.21789190827518,66.16027706115392,12.96440851713963,17.080144682190458,11,2048,101,90,100,1,4,7.690142832696438,0.5106476005166769,33.52734375,35.49609375,
grid,11,26,grid_k11_N121_seed26,ok,121,220,3.6363636363636362,0,120,0,20,22,21.394203424453735,2.4982542991638184,8.563661205992725,3.8726775880145503,0.1844132184768833,1.0004465579986572,1.2491271495819092,ok,ok,184756,387461414912,21.394203424453735,1191110079290075424468399600,390718269993983441025482920,30196927689673846373937244,1191110079290075424468399600,1612025276973732711867819764,20954230114250100103025026938714036633600,24523831855064989062024145108569566478336,50.520497520703074,66.31758189394125,13.04536625436046,17.124477932060707,50.21789190827518,66.16027706115392,12.967227652436968,17.083858792147236,11,2048,101,90,100,1,4,11.861707536503673,0.46377342473715544,33.51171875,35.48046875,
grid,11,27,grid_k11_N121_seed27,ok,121,220,3.6363636363636362,0,120,0,20,22,21.39969289302826,2.4989171028137207,8.563586550723398,3.8728268985532033,0.18442032850253354,1.0013705492019653,1.2494585514068604,ok,ok,184756,387461414912,21.39969289302826,1191110079290075424468399600,390718269993983441025482920,30196927689673846373937244,1191110079290075424468399600,1612025276973732711867819764,20954230114250100103025026938714036633600,24523831855064989062024145108569566478336,50.520497520703074,66.31758189394125,13.044863311493819,17.123817725681448,50.21789190827518,66.16027706115392,12.966727722076966,17.083200151772814,11,2048,101,90,100,1,4,7.5416526440531015,0.3356810612604022,33.54296875,35.51171875,
grid,11,28,grid_k11_N121_seed28,ok,121,220,3.6363636363636362,0,120,0,20,22,21.79548490047455,2.49985408782959,8.718702826130828,3.5625943477383437,0.16964734989230212,1.0005897283554077,1.249927043914795,ok,ok,184756,387461414912,21.79548490047455,1191110079290075424468399600,390718269993983441025482920,30196927689673846373937244,1191110079290075424468399600,1612025276973732711867819764,20954230114250100103025026938714036633600,24523831855064989062024145108569566478336,50.520497520703074,66.31758189394125,14.180816727780194,18.614968593334773,50.21789190827518,66.16027706115392,14.095877050991001,18.57081402016896,11,2048,101,90,100,1,4,7.514535919763148,0.32747954595834017,33.6171875,35.5859375,
grid,11,29,grid_k11_N121_seed29,ok,121,220,3.6363636363636362,0,120,0,20,22,21.305152654647827,2.4978785514831543,8.529298849216492,3.9414023015670168,0.18768582388414368,1.0001604557037354,1.2489392757415771,ok,ok,184756,387461414912,21.305152654647827,1191110079290075424468399600,390718269993983441025482920,30196927689673846373937244,1191110079290075424468399600,1612025276973732711867819764,20954230114250100103025026938714036633600,24523831855064989062024145108569566478336,50.520497520703074,66.31758189394125,12.81789922856066,16.82588500736776,50.21789190827518,66.16027706115392,12.74112309933691,16.7859741277489,11,2048,101,90,100,1,4,8.479582542553544,0.45317901391536,33.46484375,35.21484375,
grid,11,30,grid_k11_N121_seed30,ok,121,220,3.6363636363636362,0,120,0,20,22,21.55648148059845,2.4994304180145264,8.62455754928448,3.7508849014310393,0.17861356673481144,1.0035167932510376,1.2497152090072632,ok,ok,184756,387461414912,21.55648148059845,1191110079290075424468399600,390718269993983441025482920,30196927689673846373937244,1191110079290075424468399600,1612025276973732711867819764,20954230114250100103025026938714036633600,24523831855064989062024145108569566478336,50.520497520703074,66.31758189394125,13.468954352992402,17.680516367921538,50.21789190827518,66.16027706115392,13.388278560378119,17.638578308791192,11,2048,101,90,100,1,4,7.324893141165376,0.38284577894955873,33.5703125,35.5390625,
grid,11,31,grid_k11_N121_seed31,ok,121,220,3.6363636363636362,0,120,0,20,22,21.405672788619995,2.497204542160034,8.571854018055124,3.8562919638897526,0.18363295066141683,1.0001230239868164,1.248602271080017,ok,ok,184756,387461414912,21.405672788619995,1191110079290075424468399600,390718269993983441025482920,30196927689673846373937244,1191110079290075424468399600,1612025276973732711867819764,20954230114250100103025026938714036633600,24523831855064989062024145108569566478336,50.520497520703074,66.31758189394125,13.10079682601216,17.197240902643752,50.21789190827518,66.16027706115392,13.022326208314775,17.15644916948134,11,2048,101,90,100,1,4,7.3431648360565305,0.32378694973886013,33.34765625,35.31640625,
grid,11,32,grid_k11_N121_seed32,ok,121,220,3.6363636363636362,0,120,0,20,22,21.308591604232788,2.495586633682251,8.538510070793196,3.9229798584136084,0.1868085646863623,1.0006499290466309,1.2477933168411255,ok,ok,184756,387461414912,21.308591604232788,1191110079290075424468399600,390718269993983441025482920,30196927689673846373937244,1191110079290075424468399600,1612025276973732711867819764,20954230114250100103025026938714036633600,24523831855064989062024145108569566478336,50.520497520703074,66.31758189394125,12.878092507243402,16.904899919817343,50.21789190827518,66.16027706115392,12.800955834777726,16.864801617387887,11,2048,101,90,100,1,4,8.215034591965377,0.32681470457464457,33.48046875,35.44921875,
grid,11,33,grid_k11_N121_seed33,ok,121,220,3.6363636363636362,0,120,0,20,22,21.564777970314026,2.499396800994873,8.627992946830318,3.744014106339364,0.1782863860161602,1.0028612613677979,1.2496984004974365,ok,ok,184756,387461414912,21.564777970314026,1191110079290075424468399600,390718269993983441025482920,30196927689673846373937244,1191110079290075424468399600,1612025276973732711867819764,20954230114250100103025026938714036633600,24523831855064989062024145108569566478336,50.520497520703074,66.31758189394125,13.493671788031401,17.71296261455114,50.21789190827518,66.16027706115392,13.41284794393436,17.67094759315446,11,2048,101,90,100,1,4,7.556684353388846,0.32746273279190063,33.46484375,35.43359375,
grid,11,34,grid_k11_N121_seed34,ok,121,220,3.6363636363636362,0,120,0,20,22,21.54857039451599,2.499750852584839,8.620287246720583,3.7594255065588342,0.17902026221708733,1.000139594078064,1.2498754262924194,ok,ok,184756,387461414912,21.54857039451599,1191110079290075424468399600,390718269993983441025482920,30196927689673846373937244,1191110079290075424468399600,1612025276973732711867819764,20954230114250100103025026938714036633600,24523831855064989062024145108569566478336,50.520497520703074,66.31758189394125,13.438355789352157,17.640350042377783,50.21789190827518,66.16027706115392,13.3578632747645,17.598507257486077,11,2048,101,90,100,1,4,8.429308660328388,0.3863986609503627,33.52734375,35.49609375,
grid,11,35,grid_k11_N121_seed35,ok,121,220,3.6363636363636362,0,120,0,20,22,21.275754690170288,2.4981625080108643,8.516561521496408,3.966876957007184,0.18889890271462784,1.0002230405807495,1.2490812540054321,ok,ok,184756,387461414912,21.275754690170288,1191110079290075424468399600,390718269993983441025482920,30196927689673846373937244,1191110079290075424468399600,1612025276973732711867819764,20954230114250100103025026938714036633600,24523831855064989062024145108569566478336,50.520497520703074,66.31758189394125,12.735584710148999,16.717831839174224,50.21789190827518,66.16027706115392,12.65930162506531,16.67817726090215,11,2048,101,90,100,1,4,7.506742027588189,0.37635296303778887,33.609375,35.578125,
grid,11,36,grid_k11_N121_seed36,ok,121,220,3.6363636363636362,0,120,0,20,22,21.478947281837463,2.494204521179199,8.611542116715729,3.7769157665685427,0.1798531317413592,1.0000150203704834,1.2471022605895996,ok,ok,184756,387461414912,21.478947281837463,1191110079290075424468399600,390718269993983441025482920,30196927689673846373937244,1191110079290075424468399600,1612025276973732711867819764,20954230114250100103025026938714036633600,24523831855064989062024145108569566478336,50.520497520703074,66.31758189394125,13.37612502981571,17.558660556042277,50.21789190827518,66.16027706115392,13.296005262489572,17.51701153803141,11,2048,101,90,100,1,4,10.031229468993843,0.3268101457506418,33.51953125,35.70703125,
grid,11,37,grid_k11_N121_seed37,ok,121,220,3.6363636363636362,0,120,0,20,22,21.296737790107727,2.497422695159912,8.527486288717368,3.945027422565264,0.18785844869358403,1.0013015270233154,1.248711347579956,ok,ok,184756,387461414912,21.296737790107727,1191110079290075424468399600,390718269993983441025482920,30196927689673846373937244,1191110079290075424468399600,1612025276973732711867819764,20954230114250100103025026938714036633600,24523831855064989062024145108569566478336,50.520497520703074,66.31758189394125,12.806120746266446,16.810423551078404,50.21789190827518,66.16027706115392,12.729415167314823,16.770549345923946,11,2048,101,90,100,1,4,8.233004017733037,0.32369560562074184,33.54296875,35.51171875,
grid,11,38,grid_k11_N121_seed38,ok,121,220,3.6363636363636362,0,120,0,20,22,21.36466908454895,2.495720863342285,8.560520288289473,3.8789594234210547,0.1847123534962407,1.000887393951416,1.2478604316711426,ok,ok,184756,387461414912,21.36466908454895,1191110079290075424468399600,390718269993983441025482920,30196927689673846373937244,1191110079290075424468399600,1612025276973732711867819764,20954230114250100103025026938714036633600,24523831855064989062024145108569566478336,50.520497520703074,66.31758189394125,13.024239752460838,17.096745455370694,50.21789190827518,66.16027706115392,12.946227693195466,17.056192096694776,11,2048,101,90,100,1,4,7.904618288390338,0.3287437679246068,33.515625,35.703125,
grid,11,39,grid_k11_N121_seed39,ok,121,220,3.6363636363636362,0,120,0,20,22,21.144755005836487,2.4949896335601807,8.474886917932544,4.050226164134912,0.19286791257785296,1.0013848543167114,1.2474948167800903,ok,ok,184756,387461414912,21.144755005836487,1191110079290075424468399600,390718269993983441025482920,30196927689673846373937244,1191110079290075424468399600,1612025276973732711867819764,20954230114250100103025026938714036633600,24523831855064989062024145108569566478336,50.520497520703074,66.31758189394125,12.473500361057923,16.373797216853944,50.21789190827518,66.16027706115392,12.398787098103005,16.3349586862602,11,2048,101,90,100,1,4,12.075283088721335,0.4640632877126336,33.48828125,35.45703125,
grid,11,40,grid_k11_N121_seed40,ok,121,220,3.6363636363636362,0,120,0,20,22,21.513556957244873,2.4993929862976074,8.607512734167212,3.7849745316655756,0.18023688246026548,1.0036821365356445,1.2496964931488037,ok,ok,184756,387461414912,21.513556957244873,1191110079290075424468399600,390718269993983441025482920,30196927689673846373937244,1191110079290075424468399600,1612025276973732711867819764,20954230114250100103025026938714036633600,24523831855064989062024145108569566478336,50.520497520703074,66.31758189394125,13.347645300659806,17.521275596208106,50.21789190827518,66.16027706115392,13.26769612005205,17.47971525505619,11,2048,101,90,100,1,4,7.100874761119485,0.32624665554612875,33.55859375,35.52734375,
mtn_knn,80,1,mtnknn_N80_seed1,ok,80,197,4.925,0,79,0,13,15,7.6635052263736725,6.439076900482178,1.1901558786787911,11.619688242642418,0.8299777316173156,0.09725824743509293,3.219538450241089,ok,ok,2151,35241984,7.6635052263736725,60502053754007653861,14618569431322272549,812898946878892487,60502053754007653861,75933522132208818897,64963585553574225566670782464,73030081155790890677487796224,38.10270179334373,49.08292028063015,3.2791500940199794,4.224116796912295,37.87552085543296,48.96587574439208,3.259598714226754,4.21404384712277,8,240,75,66,74,1,4,0.4190055988729,0.07575375027954578,56.5703125,56.5703125,
mtn_knn,80,2,mtnknn_N80_seed2,ok,80,196,4.9,0,79,0,13,15,12.665997967123985,8.879384994506836,1.4264499146010348,11.14710017079793,0.7962214407712808,0.012241768650710583,4.439692497253418,ok,ok,108,1769472,12.665997967123985,55528337975680692096,13527509166146607232,757874579413003843,55528337975680692096,69813721721240303171,59623098901695853972741423104,67089065493128880422016516096,41.01023102348057,51.98962682820062,3.679004440178542,4.663959777126422,40.78129393136855,51.871648820327685,3.6584666241901505,4.6533760373138024,8,240,75,66,74,1,4,0.4455841351300478,0.09878929331898689,56.890625,57.109375,
mtn_knn,80,3,mtnknn_N80_seed3,ok,80,199,4.975,0,79,0,12,14,17.724184975028038,12.539177894592285,1.4135045474290517,10.172990905141896,0.782537761933992,0.053530242294073105,6.269588947296143,ok,ok,8,65536,17.724184975028038,11950109614033883341,2593961456209058641,128757855227549426,11950109614033883341,14672828925470491408,3207833123493169474092138496,3564629530060518121388638208,42.05308754323251,52.35050275170985,4.133797811809401,5.146028659599951,41.84783058327094,52.24503829167011,4.113621153649034,5.135661555075516,7,112,71,64,70,1,4,0.21419159788638353,0.07202432490885258,56.921875,57.140625,
mtn_knn,80,4,mtnknn_N80_seed4,ok,80,192,4.8,0,79,0,13,15,3.8338390588760376,13.980660438537598,0.2742244599767323,13.451551080046535,0.9608250771461812,0.007261931896209717,6.990330219268799,ok,ok,1545,25313280,3.8338390588760376,41343279455256535988,10109688668703586769,570047563785714266,41343279455256535988,52023015687745837023,44392008292428879339676762112,49972627045758347121300340736,38.0554387145995,49.034433190101026,2.8290743935879137,3.645262386345664,37.82566236453269,48.9160172534918,2.8119926199917336,3.636459242685534,8,256,74,66,73,1,4,0.4501724513247609,0.07474415935575962,57.02734375,57.24609375,
mtn_knn,80,5,mtnknn_N80_seed5,ok,80,196,4.9,0,79,0,13,15,7.976471293717623,11.7606782913208,0.6782322495467065,12.643535500906587,0.9031096786361847,0.04655279219150543,5.8803391456604,ok,ok,168,2752512,7.976471293717623,56394106228742377595,13709320392283340457,766600228538564231,56394106228742377595,70870026849564282283,60552710484899601744952033280,68118628508722410201441894400,40.58341528616822,51.56302372572881,3.209815425697839,4.078212436864005,40.354932348042745,51.445287237001864,3.1917442985112157,4.0689004458691995,9,320,75,66,74,1,4,0.168837521225214,0.07221774663776159,57.16796875,57.16796875,
mtn_knn,80,6,mtnknn_N80_seed6,ok,80,197,4.925,0,79,0,15,17,4.581012703478336,12.409281730651855,0.36916018210489104,15.261679635790218,0.9538549772368886,0.00711912102997303,6.204640865325928,ok,ok,271981,17824546816,4.581012703478336,1099003905439462255486,338690700409417871950,24106209182633261750,1099003905439462255486,1461800815031513389186,18880743328155067580555066343424,21893609671660579471779455565824,36.2204685735952,48.5599052093923,2.373295039469604,3.181819194757194,35.93520369202308,48.4118529421021,2.3546034610601647,3.1721182790766553,6,64,82,70,81,1,4,3.471418209373951,0.0715982411056757,56.6796875,56.6796875,
mtn_knn,80,7,mtnknn_N80_seed7,ok,80,198,4.95,0,79,0,10,12,7.324256092309952,7.958035469055176,0.9203598200573904,9.15928035988522,0.8326618508986563,0.05641161650419235,3.979017734527588,ok,ok,8,16384,7.324256092309952,224252076611596739,38544023146527993,1499523209648760,224252076611596739,264295622967773492,3762325527761306595098624,4091945684876779122065408,38.036403113855584,46.967002278528625,4.152772010391026,5.127804852904099,37.872105614379265,46.88301896165855,4.134834192896554,5.118635648166366,9,384,64,58,63,1,4,0.014248535968363285,0.07925927452743053,57.1015625,57.3203125,
mtn_knn,80,8,mtnknn_N80_seed8,ok,80,190,4.75,0,79,0,14,16,10.395207524299622,11.609472274780273,0.8954074120045535,13.209185175990893,0.8806123450660596,0.03715717792510986,5.804736137390137,ok,ok,39190,1284177920,10.395207524299622,168951289599686387116,46824647234196577431,2997342884231862573,168951289599686387116,218773279718114827120,725640263447677964519615758336,829413800122152081928304459776,36.25839072384302,47.917132097601396,2.7449377263441295,3.6275615383677042,35.999965228855984,47.783467298375044,2.7253736509266124,3.617442458542152,8,256,77,68,76,1,4,1.3777274619787931,0.07628208864480257,57.23828125,57.45703125,
mtn_knn,80,9,mtnknn_N80_seed9,ok,80,197,4.925,0,79,0,12,14,8.218819476664066,12.312382698059082,0.6675246926786703,11.66495061464266,0.8973038934340507,0.012569871731102467,6.156191349029541,ok,ok,92,753664,8.218819476664066,10821774278500256658,2331401259008392594,115214434670727678,10821774278500256658,13268389972179376930,2904947913178287392107266048,3225595203045888127529910272,39.51012760943058,49.8082130788137,3.3870805727916853,4.2699034675972785,39.30630333819575,49.703511046594926,3.3696073508323074,4.260927687443752,9,384,71,64,70,1,4,0.15856214612722397,0.11772107053548098,57.00390625,57.22265625,
mtn_knn,80,10,mtnknn_N80_seed10,ok,80,200,5.0,0,79,0,11,13,9.322398230433464,12.570340156555176,0.7416186128878958,10.516762774224208,0.8763968978520174,0.03376680612564087,6.285170078277588,ok,ok,15,61440,9.322398230433464,1892999513240627409,367326138250988255,16197429695500949,1892999513240627409,2276523081187116613,127037046886131464065253376,139634214590543082050027520,39.561130787423686,49.175252114524255,3.7617213240166483,4.675892493748084,39.376644087881274,49.08070461572051,3.744179167413613,4.666902322453598,8,256,68,61,67,1,4,0.11739522777497768,0.12444500159472227,56.9296875,57.1484375,
mtn_knn,80,11,mtnknn_N80_seed11,ok,80,190,4.75,0,79,0,13,15,14.621390253305435,7.846205711364746,1.863498204250145,10.27300359149971,0.7337859708214078,0.021138403564691544,3.923102855682373,ok,ok,798,13074432,14.621390253305435,35808055394944658613,8501539037576666013,466611836681311838,35808055394944658613,44776206269202636464,38448606713660918118179930112,43138090891322850540410372096,38.5660999647126,49.548034771737875,3.7541211410286777,4.823130288082044,38.34259595557045,49.432950844529586,3.7323646988011014,4.811927729240975,7,96,74,65,73,1,4,0.15612345561385155,0.10697258729487658,57.08203125,57.08203125,
mtn_knn,80,12,mtnknn_N80_seed12,ok,80,198,4.95,0,79,0,14,16,15.257018357515335,11.38312816619873,1.340318595622933,12.319362808754134,0.8212908539169422,0.05838276445865631,5.691564083099365,ok,ok,20027,656244736,15.257018357515335,307783278539396642660,83537417541711737568,5227256025435604329,307783278539396642660,396547952106543984557,1321919115582367227796898447360,1506927077168607758340608491520,37.52449200402788,49.18558096838662,3.0459766942948536,3.9925426121418686,37.27109092598353,49.0545929955026,3.0254073611257484,3.981909921562212,7,80,78,69,77,1,4,2.2216404723003507,0.06883011106401682,57.20703125,57.20703125,
mtn_knn,80,13,mtnknn_N80_seed13,ok,80,198,4.95,0,79,0,10,12,12.439592480659485,8.521637916564941,1.4597654350554552,8.080469129889089,0.7345881027171899,0.03057786077260971,4.260818958282471,ok,ok,36,73728,12.439592480659485,223181735908731648,38486512796596837,1500788574222674,223181735908731648,263169037279551159,3744368190595747144531968,4073511223253398202613760,36.52805400947028,45.45840964319314,4.520536298363615,5.625714164917192,36.36324385524771,45.374157202527,4.500140186260055,5.615287488035958,8,256,64,58,63,1,4,0.0652168057858944,0.16301909741014242,57.00390625,57.22265625,
mtn_knn,80,14,mtnknn_N80_seed14,ok,80,200,5.0,0,79,0,14,16,12.077435418963432,14.602415084838867,0.8270847903442339,13.345830419311532,0.8897220279541022,0.014508365653455257,7.301207542419434,ok,ok,30518,1000013824,12.077435418963432,342551892637559003929,88663184032629610384,5316616745210428207,342551892637559003929,436531693415399042520,1471249176061219103145390505984,1667360587712417078332446736384,37.199320702138564,48.86551501871324,2.787336533836877,3.6614817874505894,36.95688287901727,48.740384948536345,2.769170723579729,3.6521058201075736,8,256,79,69,78,1,4,1.9309653267264366,0.07768834941089153,57.015625,57.015625,
mtn_knn,80,15,mtnknn_N80_seed15,ok,80,195,4.875,0,79,0,13,15,10.368364036083221,12.271440505981445,0.8449182499014186,12.310163500197163,0.8792973928712259,0.016564859077334404,6.135720252990723,ok,ok,474,7766016,10.368364036083221,51684333210010541759,12624936082040559814,709492324710493284,51684333210010541759,65018761616761594857,55495630213140494167536828416,62464044057159477668545036288,39.46000022070267,50.43912075741611,3.2054814072998026,4.097355876435619,39.23047905510006,50.32083394405918,3.1868365561896668,4.087747002162337,8,256,75,66,74,1,4,0.5040836157277226,0.07231342419981956,57.01171875,57.23046875,
mtn_knn,80,16,mtnknn_N80_seed16,ok,80,194,4.85,0,79,0,14,16,9.974575936794281,8.074771881103516,1.235276498663283,12.529447002673434,0.8352964668448957,0.04600983113050461,4.037385940551758,ok,ok,42643,1397325824,9.974575936794281,243683709999289376273,66233230164914897430,4156916988177757559,243683709999289376273,314073857152382031262,1046613565014896054332773367808,1193311799377373711712926040064,36.5355414331661,48.196459134951766,2.915973979168469,3.846654934145776,36.28178437496833,48.0652864444874,2.8957211253798203,3.836185781721381,9,512,78,68,77,1,4,1.2704956969246268,0.12610403168946505,57.03125,57.25,
mtn_knn,80,17,mtnknn_N80_seed17,ok,80,204,5.1,0,79,0,12,14,9.307637572288513,8.705021858215332,1.0692262149237988,10.861547570152403,0.8355036592424925,0.059943437576293945,4.352510929107666,ok,ok,989,8101888,9.307637572288513,15892670307585713318,3403257209671959523,166576801955588280,15892670307585713318,19462504319213261121,4266156201074431213602603008,4734112431504213754010140672,37.5183271013551,47.81698409253665,3.4542340176694233,4.402409857683448,37.315695358264854,47.71290306666403,3.435578136287743,4.392827335008813,8,192,72,64,71,1,4,0.3357447972521186,0.1120316507294774,57.26953125,57.48828125,
mtn_knn,80,18,mtnknn_N80_seed18,ok,80,200,5.0,0,79,0,13,15,14.479733318090439,8.821338653564453,1.6414439901635098,10.71711201967298,0.7655080014052129,0.04045206308364868,4.410669326782227,ok,ok,222,3637248,14.479733318090439,71340617104320483919,16029198736916112718,830172993000757105,71340617104320483919,88199988834237353742,76601404334878674683749728256,85429862745331119227983101952,40.52346112843733,51.510755321656816,3.7811922702730003,4.806402622936156,40.3113201221006,51.40167501105972,3.761397664604298,4.796224478824491,6,64,75,66,74,1,4,0.3627829346805811,0.06823605112731457,56.87890625,57.09765625,
mtn_knn,80,19,mtnknn_N80_seed19,ok,80,190,4.75,0,79,0,14,16,14.281424075365067,10.89617919921875,1.310681828396236,12.378636343207528,0.8252424228805019,0.08030007034540176,5.448089599609375,ok,ok,410,13434880,14.281424075365067,175047919671931846040,48557118951035624554,3107545762127529284,175047919671931846040,226712584385094999878,751825090223782327882707107840,859437411019912527691904974848,40.85405758134986,52.51271064469192,3.3003681866595524,4.242204810670198,40.59543427733105,52.378936346850125,3.2794754730481115,4.231397941954388,7,128,77,68,76,1,4,0.6397281223908067,0.09435369540005922,57.0703125,57.2890625,
mtn_knn,80,20,mtnknn_N80_seed20,ok,80,203,5.075,0,79,0,10,12,13.443395838141441,9.555994033813477,1.4068024520078768,8.186395095984246,0.7442177359985678,0.021253298968076706,4.777997016906738,ok,ok,4,8192,13.443395838141441,290448781907616328,49246626118415577,1887531106595471,290448781907616328,341582939132627376,4872921951000971179982848,5293949472101438846926848,38.98607255046683,47.917693443966456,4.7623003890431646,5.853332618587149,38.823909284409616,47.83482263168891,4.742491515399043,5.8432096265612445,8,144,64,59,63,1,4,0.025314965285360813,0.07116336189210415,56.76953125,56.98828125,
mtn_knn,80,21,mtnknn_N80_seed21,ok,80,196,4.9,0,79,0,11,13,15.08248445391655,10.914012908935547,1.381937567763749,9.236124864472501,0.7696770720393752,0.019219333305954933,5.457006454467773,ok,ok,24,98304,15.08248445391655,1426132317277697028,282114729402132538,12684153409305629,1426132317277697028,1720931200089135195,95706119726193820085256192,105385124011641133934313472,38.81134338326928,48.42384372252663,4.202124154098462,5.242874520762798,38.62344395034713,48.32750447818637,4.181780185639902,5.232443821118315,9,512,67,61,66,1,4,0.12618840113282204,0.12550648115575314,57.265625,57.484375,
mtn_knn,80,22,mtnknn_N80_seed22,ok,80,193,4.825,0,79,0,13,15,10.248901218175888,8.357131958007812,1.2263658477182928,11.547268304563413,0.8248048788973867,0.013950311578810215,4.178565979003906,ok,ok,656,10747904,10.248901218175888,44702563845660231768,11089617796035541738,632070883859032725,44702563845660231768,56424252525554806231,47999012441115671742835064832,54122375896937725509383487488,38.99326996034358,49.97082389692959,3.376839346924473,4.327501758765006,38.7604017416496,49.85075663060873,3.3566728267959025,4.317103865241271,6,64,74,66,73,1,4,0.25876215752214193,0.0626435112208128,57.1328125,57.1328125,
mtn_knn,80,23,mtnknn_N80_seed23,ok,80,203,5.075,0,79,0,12,14,16.502932012081146,12.597944259643555,1.3099702357746486,10.380059528450703,0.798466117573131,0.051817432045936584,6.298972129821777,ok,ok,3838,31440896,16.502932012081146,14318828005187575286,3104112905513177933,153700559860847282,14318828005187575286,17576641470561600501,3843681124958097137431740416,4270622776559980012831244288,36.060395828701076,46.35793715290933,3.474006649948697,4.466056964880295,35.855400312295174,46.25260802069436,3.4542576768484916,4.455909707831694,6,64,72,64,71,1,4,0.2533306647092104,0.06336432509124279,56.78515625,56.78515625,
mtn_knn,80,24,mtnknn_N80_seed24,ok,80,196,4.9,0,79,0,13,15,15.373226821422577,11.54883098602295,1.3311500393440798,11.33769992131184,0.8098357086651314,0.07500813901424408,5.774415493011475,ok,ok,32,524288,15.373226821422577,56042076571316319769,13534027801300687924,752969702269557135,56042076571316319769,70329074074886564828,60174721518432851269733318656,67642871132533419186170363904,42.23398105589036,53.21424305058783,3.72509250985747,4.693566016027581,42.00689854703805,53.09725343599718,3.7050635348071195,4.683247378614119,7,128,75,66,74,1,4,0.6027144799008965,0.0749029852449894,56.99609375,57.21484375,
mtn_knn,80,25,mtnknn_N80_seed25,ok,80,199,4.975,0,79,0,11,13,13.132586896419525,14.35758113861084,0.914679622537739,10.170640754924522,0.8475533962437102,0.0038153501227498055,7.17879056930542,ok,ok,191,782336,13.132586896419525,1769471133154300790,342522467747074302,15098709992094462,1769471133154300790,2127092310893469554,118747197626777862731202560,130493658798127987677986816,36.94901418069636,46.563327271088035,3.632909181538638,4.578209809302579,36.76493895295579,46.46899948079502,3.614810496099233,4.568935291347814,8,256,68,61,67,1,4,0.06681730411946774,0.07945970445871353,57.02734375,57.24609375,
mtn_knn,80,26,mtnknn_N80_seed26,ok,80,194,4.85,0,79,0,15,17,8.763127729296684,8.556299209594727,1.0241726609408455,13.95165467811831,0.8719784173823943,0.05881689861416817,4.278149604797363,ok,ok,108345,7100497920,8.763127729296684,988619819754465840563,285621080444564890782,19155685531864924182,988619819754465840563,1293396585730895655527,16984359176091382140668940910592,19520098618098385049637154193408,37.01848286398605,49.36556667483805,2.6533399598863077,3.5383306004744157,36.7497656637168,49.22641491379582,2.6340793627407444,3.5283567468883983,8,192,81,70,80,1,4,6.036419325508177,0.07588518969714642,56.984375,57.203125,
mtn_knn,80,27,mtnknn_N80_seed27,ok,80,194,4.85,0,79,0,11,13,13.688527643680573,9.629988670349121,1.4214479489293435,9.157104102141313,0.763092008511776,0.030120937153697014,4.8149943351745605,ok,ok,128,524288,13.688527643680573,1293473370177557173,246888935864423961,10768114104487306,1293473370177557173,1551130420146468440,86803528486867340175081472,95268405473126145295646720,37.03348537841223,46.64894402987145,4.0442354881334435,5.094290018933276,36.85183254498935,46.55589307282858,4.024398121276338,5.084128404955217,7,128,67,61,66,1,4,0.07432055287063122,0.07557149790227413,57.1640625,57.3828125,
mtn_knn,80,28,mtnknn_N80_seed28,ok,80,194,4.85,0,79,0,11,13,9.090241372585297,8.611119270324707,1.0556399333489341,9.888720133302131,0.824060011108511,0.012671170756220818,4.3055596351623535,ok,ok,42,172032,9.090241372585297,1307071712031463101,235343827879663483,9691725851086768,1307071712031463101,1552107265762213352,87716097760966620966027264,95775526408190960030711808,38.14847558951969,47.7686136337266,3.8577768482948063,4.830616398259344,37.976651356406244,47.680711884245476,3.8404010675266966,4.821727305606686,8,224,67,61,66,1,4,0.04323198087513447,0.0726586002856493,56.84765625,57.06640625,
mtn_knn,80,29,mtnknn_N80_seed29,ok,80,200,5.0,0,79,0,13,15,6.8424202762544155,13.33029556274414,0.5132984669430579,12.973403066113883,0.9266716475795631,0.03667585924267769,6.66514778137207,ok,ok,314,5144576,6.8424202762544155,71556597119009010663,17209585497929842496,951917062780280803,71556597119009010663,89718099679719133962,76833311109797880181725069312,86328165262035054139730296832,40.193811216847386,51.174499906501666,3.0981702342874358,3.9445702600706083,39.96762739265776,51.05798228161689,3.08073580917654,3.9355889909085393,9,336,75,66,74,1,4,0.8782079154625535,0.10896603390574455,57.18359375,57.40234375,
mtn_knn,80,30,mtnknn_N80_seed30,ok,80,203,5.075,0,79,0,15,17,17.366217136383057,13.640886306762695,1.2731003503616527,13.453799299276694,0.8408624562047934,0.004801932722330093,6.820443153381348,ok,ok,45287,2967928832,17.366217136383057,1945153325967322339206,567947352670244133719,38234337851677339688,1945153325967322339206,2551335016489243812613,33417479682941108046319954427904,38460325524735230772342108979200,38.57012841635806,50.916049810400466,2.866857722370786,3.784510878881464,38.29885246310163,50.77550171318066,2.8466942022214248,3.7740641571716074,7,96,82,71,81,1,4,9.466074579395354,0.06037222780287266,56.890625,57.109375,
mtn_knn,80,31,mtnknn_N80_seed31,ok,80,196,4.9,0,79,0,14,16,12.83699980378151,7.065273284912109,1.8169148292104882,11.366170341579023,0.7577446894386015,0.009717700071632862,3.5326366424560547,ok,ok,24287,795836416,12.83699980378151,290357538743042397188,76182546756733006584,4620405184343263332,290357538743042397188,371160490684118667104,1247076133048420043463902363648,1415638028761755400817132699648,37.26546972565326,48.93022890785719,3.278630233908339,4.304900193943394,37.019948222950994,48.80345029247007,3.2570291584956195,4.293746163027339,9,512,78,68,77,1,4,1.1197640094906092,0.09390372131019831,57.0859375,57.3046875,
mtn_knn,80,32,mtnknn_N80_seed32,ok,80,201,5.025,0,79,0,15,17,16.948935486376286,9.892925262451172,1.713237999553718,12.573524000892565,0.7858452500557853,0.013381284661591053,4.946462631225586,ok,ok,15736,1031274496,16.948935486376286,1780028514747679721827,532660222319700119258,36796851055676585414,1780028514747679721827,2349485588123056426499,30580657027154952388517369479168,35314214768521268935504269672448,39.54477699832928,51.88777710833755,3.145083032849191,4.126748961122924,39.26720997650292,51.743859226581925,3.1230075175197847,4.1153028556599365,8,192,82,71,81,1,4,2.3879038840532303,0.08082654513418674,56.8125,56.8125,
mtn_knn,80,33,mtnknn_N80_seed33,ok,80,199,4.975,0,79,0,13,15,2.94539425522089,10.405388832092285,0.2830643143422675,13.433871371315465,0.9595622408082475,0.008404836989939213,5.202694416046143,ok,ok,1591,26066944,2.94539425522089,64669019333515511330,15964102270962280634,902798748849864848,64669019333515511330,81535920353327656812,69437830775460209467766865920,78250836114756743135353634816,38.4754573092359,49.453538469198,2.864063250701523,3.6812574054261944,38.24369589673458,49.33405078569371,2.846811231079228,3.672362896896105,6,64,75,66,74,1,4,0.2791327750310302,0.061649126932024956,57.0859375,57.0859375,
mtn_knn,80,34,mtnknn_N80_seed34,ok,80,201,5.025,0,79,0,11,13,14.083085834980011,12.609025955200195,1.1169051348626882,9.766189730274624,0.813849144189552,0.012475082650780678,6.304512977600098,ok,ok,24,98304,14.083085834980011,2065844874891614272,393800596875684983,17107691249634970,2065844874891614272,2476753163016934225,138636502754198356920107008,152137277534979376948445184,39.17542633749871,48.791005489726516,4.011331688146213,4.99591005676218,38.994017126666115,48.698077654505354,3.992756459132359,4.98639479668761,7,106,68,61,67,1,4,0.15639891102910042,0.10069193691015244,57.2734375,57.2734375,
mtn_knn,80,35,mtnknn_N80_seed35,ok,80,197,4.925,0,79,0,12,14,11.161316975951195,6.846675395965576,1.6301805373346652,9.73963892533067,0.7492029942562053,0.05952512100338936,3.423337697982788,ok,ok,8,65536,11.161316975951195,10334469150009742537,2273361441447163669,114257464771948047,10334469150009742537,12722088056228854253,2774137938800797642362191872,3086931035059006434560704512,41.91042983201685,52.2066200267097,4.303078394725393,5.36022130049726,41.70257495973239,52.09978266813157,4.281737267618116,5.349251965864097,7,96,71,64,70,1,4,0.0781280230730772,0.07195817958563566,57.22265625,57.22265625,
mtn_knn,80,36,mtnknn_N80_seed36,ok,80,197,4.925,0,79,0,13,15,12.94397683441639,11.669297218322754,1.109233623263291,11.781532753473417,0.8415380538195298,0.02483009174466133,5.834648609161377,ok,ok,257,4210688,12.94397683441639,62552502847537600712,15193603806057149702,847987763495954555,62552502847537600712,78594094417090704969,67165238503280217297086578688,75549872417181247096846548992,40.2617521509674,51.24145389810181,3.41736113572298,4.349302842874572,40.03346183865976,51.12381672761889,3.397984173736405,4.339317964595619,9,512,75,66,74,1,4,0.7287861499935389,0.11164810508489609,56.8046875,57.0234375,
mtn_knn,80,37,mtnknn_N80_seed37,ok,80,202,5.05,0,79,0,13,15,8.418263360857964,7.057066440582275,1.1928842432952036,11.614231513409592,0.8295879652435423,0.03462351858615875,3.5285332202911377,ok,ok,555,9093120,8.418263360857964,76469089875502157615,18564222755690992452,1034468848085120216,76469089875502157615,96067781479278270283,82108060042541619633465589760,92352339360914119913352724480,39.69261755954901,50.67237990704429,3.4175844965481006,4.362955900141893,39.464450165412096,50.554805054371215,3.397938995778336,4.352832556850749,7,96,75,67,74,1,4,1.5015887273475528,0.10905718896538019,56.9296875,56.9296875,
mtn_knn,80,38,mtnknn_N80_seed38,ok,80,204,5.1,0,79,0,13,15,17.90089640021324,10.310677528381348,1.7361513199243142,10.527697360151372,0.7519783828679552,0.01784624718129635,5.155338764190674,ok,ok,10758,176259072,17.90089640021324,96553331003228248199,23024728307876100808,1260321121031435996,96553331003228248199,120838380432135785003,103673349744682049109518974976,116372971504714212845234946048,36.95758068490749,47.939132344932986,3.5105094134636197,4.55361991373237,36.73322223963141,47.82357712859053,3.4891981582478966,4.542643608811234,8,192,76,67,75,1,4,2.3325026240199804,0.10955668520182371,57.0390625,57.0390625,
mtn_knn,80,39,mtnknn_N80_seed39,ok,80,199,4.975,0,79,0,11,13,9.574249349534512,12.956560134887695,0.7389499411772305,10.52210011764554,0.8768416764704616,0.04320733621716499,6.478280067443848,ok,ok,3,12288,9.574249349534512,1662001595382000616,326831940965694887,14598465676903227,1662001595382000616,2003432002024598730,111535039032273707387060224,122746620782765122456125440,41.042781096149405,50.655786013500695,3.90062636139726,4.8142277156773154,40.85594204157448,50.56000256941371,3.8828695398040503,4.8051246428101075,7,96,68,61,67,1,4,0.04892396740615368,0.09282446838915348,56.88671875,56.88671875,
mtn_knn,80,40,mtnknn_N80_seed40,ok,80,193,4.825,0,79,0,12,14,11.022951159626245,8.464559555053711,1.3022474575236538,10.395505084952692,0.7996542373040533,0.009893051348626614,4.2322797775268555,ok,ok,332,2719744,11.022951159626245,8428981018010115997,1835816737869624531,91772207471348462,8428981018010115997,10356569963351088990,2262637363184889700267589632,2515195243356296772864442368,37.97901780236843,48.27609962673519,3.6534076499411636,4.643939782840757,37.77307259400315,48.17028030240234,3.633596663684865,4.633760448266045,9,448,71,63,70,1,4,0.43864939641207457,0.13025681395083666,56.78515625,57.00390625,
mtn_knn,100,1,mtnknn_N100_seed1,ok,100,245,4.9,0,99,0,15,17,9.69295209646225,5.215522766113281,1.8584814085061783,12.283037182987643,0.7676898239367277,0.0415567122399807,2.6077613830566406,ok,ok,23675,1551564800,9.69295209646225,310188889580888768043220,65231955250832305707355,3193654096504358785444,310188889580888768043220,378614498928225432536019,5329004545329889621437439258132480,5903059414142032729929099262296064,44.218630569028036,56.598249023073734,3.5999753082464085,4.607838287867754,44.019293467967735,56.49594271804676,3.583746659086542,4.599509215546075,9,392,87,79,86,1,4,3.850171516649425,0.13391456101089716,57.234375,57.453125,
mtn_knn,100,2,mtnknn_N100_seed2,ok,100,254,5.08,0,99,0,15,17,12.55929283797741,8.879384994506836,1.414432738950628,13.171134522098743,0.8231959076311715,0.0067520770244300365,4.439692497253418,ok,ok,17421,1141702656,12.55929283797741,556794982435161383530726,114097696640708472823921,5438936722117677782772,556794982435161383530726,676331615797987534137419,9565664960543650330986324724547584,10569116767131703103024487179747328,45.10553881050873,57.48745776184796,3.4245750610799646,4.364654970716043,44.9110523963833,57.38770164646232,3.4098089516154286,4.357081126927699,9,384,88,79,87,1,4,11.157382412813604,0.19158991519361734,57.390625,57.609375,
mtn_knn,100,3,mtnknn_N100_seed3,ok,100,245,4.9,0,99,0,16,18,17.92169263213873,12.539177894592285,1.4292557919501037,14.141488416099794,0.831852259770576,0.024702997878193855,6.269588947296143,ok,ok,5774,756809728,17.92169263213873,1882953067452594482513833,434925546691838214444385,23438447664273939732708,1882953067452594482513833,2341317061808706636690926,129395549513788405323951305641689088,144742146972427590928192876094423040,47.4516354895917,60.51563950169357,3.355490885638954,4.279297745829764,47.23376319665055,60.40355962728951,3.3400842829864983,4.27137213919585,9,336,91,81,90,1,4,19.793275076895952,0.20059823989868164,57.12890625,57.34765625,
mtn_knn,100,4,mtnknn_N100_seed4,ok,100,238,4.76,0,99,0,18,20,4.005465572699904,12.916723251342773,0.31009920200028374,18.37980159599943,0.9673579787368123,0.007261931896209717,6.458361625671387,ok,ok,2393945,1255116636160,4.005465572699904,30644883723954417425169726,8416834395628028149937719,543263589446512184804427,30644883723954417425169726,39604981709028957759911872,33694405986331370146774144107335909376,38470940788246311148047763128436391936,44.25254395220411,58.68471689799192,2.4076725595251345,3.1928917508426915,43.99605476376243,58.55214555552128,2.3937176108222333,3.185678868713458,7,128,97,85,96,1,4,53.51260371785611,0.11079435888677835,57.265625,57.484375,
mtn_knn,100,5,mtnknn_N100_seed5,ok,100,255,5.1,0,99,0,14,16,8.001207415014505,11.7606782913208,0.6803355399083804,13.639328920183239,0.9092885946788827,0.04655279219150543,5.8803391456604,ok,ok,15295,501186560,8.001207415014505,83338851559193523681764,15627916789745139027537,678520518465462141015,83338851559193523681764,99645288867404124850316,357937641932934792348177891590144,392226893550335663497596612116480,43.320622465036436,55.0169043072591,3.1761549793649557,4.033695838645408,43.141920542002055,54.92542261152113,3.163053020750999,4.026988639466231,9,384,84,77,83,1,4,2.884260131046176,0.1392777981236577,57.3203125,57.5390625,
mtn_knn,100,6,mtnknn_N100_seed6,ok,100,245,4.9,0,99,0,17,19,4.299967005848885,10.813977241516113,0.3976304841238996,17.2047390317522,0.9558188350973444,0.00711912102997303,5.406988620758057,ok,ok,1151727,301918322688,4.299967005848885,10007234038280347516717431,2537742113526599078844996,150428583581976739209011,10007234038280347516717431,12695404735388923334771438,2750767546741254698484235482760740864,3109889540556062973194977717960835072,43.84650921499826,57.59422819277361,2.5485134726006216,3.3475792969879175,43.60857735416144,57.47152096536034,2.5346840352346898,3.3404471209527675,9,384,95,84,94,1,4,31.33919905498624,0.12942121736705303,57.17578125,57.39453125,
mtn_knn,100,7,mtnknn_N100_seed7,ok,100,245,4.9,0,99,0,12,14,7.295153692364693,7.958035469055176,0.9167028371175149,11.16659432576497,0.8589687942896131,0.03612668812274933,3.979017734527588,ok,ok,238,1949696,7.295153692364693,687761021975080522239,108177685022320075799,3917381054295450065,687761021975080522239,799856088051696048103,184619443552906760623944105984,199401697649311080460704546816,42.65869282177176,52.98193486116788,3.8202061951282906,4.744681620511752,42.50770242603368,52.90491013443286,3.8066845795548034,4.737783839103387,9,384,76,70,75,1,4,0.27571803610771894,0.19118867814540863,57.203125,57.421875,
mtn_knn,100,8,mtnknn_N100_seed8,ok,100,242,4.84,0,99,0,17,19,10.15088202059269,11.859591484069824,0.8559217266655157,16.28815654666897,0.9048975859260538,0.020225638523697853,5.929795742034912,ok,ok,459674,120500781056,10.15088202059269,8445431793987817502115067,2141632587635466323820911,127069720059502969412547,8445431793987817502115067,10714134101682786795348525,2321462614769682278016039910006325248,2624538521007311143434953425348984832,44.59533322415874,58.34304635520466,2.737899350143388,3.581930600190369,44.35739508937486,58.22033870057378,2.7232913044690887,3.574397049399688,9,384,94,83,93,1,4,29.2381679918617,0.20160233788192272,57.390625,57.609375,
mtn_knn,100,9,mtnknn_N100_seed9,ok,100,245,4.9,0,99,0,13,15,9.530620388686657,11.890151977539062,0.8015558091007038,12.396888381798593,0.885492027271328,0.0040121725760400295,5.945075988769531,ok,ok,36,589824,9.530620388686657,5860353981171331623338,1022371395419672222585,41225826757300372528,5860353981171331623338,6923951203348304218451,6292507173028567273751825088512,6852455110094812249460624588800,46.705754604242394,57.71458032181938,3.767538527879052,4.655569893373994,46.538978022526614,57.62933291148573,3.754085427667176,4.648693376645908,8,192,80,73,79,1,4,0.613985744304955,0.1216944083571434,57.31640625,57.53515625,
mtn_knn,100,10,mtnknn_N100_seed10,ok,100,250,5.0,0,99,0,16,18,8.416134264320135,12.570340156555176,0.6695231918550185,15.660953616289962,0.9212325656641155,0.03376680612564087,6.285170078277588,ok,ok,67021,8784576512,8.416134264320135,2607984435630131130576966,595663481392409992707564,31727047432234919399357,2607984435630131130576966,3235374964454776042683887,179219325752134885728313193294462976,200231233652630488438771617382793216,45.32342577963531,58.3885175841487,2.8940399729229456,3.7282862215628465,45.10785862587135,58.27765505651031,2.880275347916986,3.7212073085953072,9,352,91,82,90,1,4,20.560787710361183,0.12576518952846527,57.36328125,57.58203125,
mtn_knn,100,11,mtnknn_N100_seed11,ok,100,238,4.76,0,99,0,13,15,15.586886376142502,7.011925220489502,2.222911095885073,9.554177808229854,0.6824412720164181,0.021138403564691544,3.505962610244751,ok,ok,124,2031616,15.586886376142502,3887180394956449100477,669811109903665412657,26769733123833723829,3887180394956449100477,4583761237983948236963,4173828167497578057709333250048,4540616214457385750069568864256,45.05652527937121,56.06627342927655,4.7158977134128754,5.86824680832104,44.891689447879536,55.982044336838655,4.6986449644270145,5.859430864748655,9,256,79,72,78,1,4,0.0770330186933279,0.12072470132261515,57.35546875,57.57421875,
mtn_knn,100,12,mtnknn_N100_seed12,ok,100,248,4.96,0,99,0,17,19,16.536869771778584,11.38312816619873,1.4527526643232804,15.09449467135344,0.8385830372974132,0.05838276445865631,5.691564083099365,ok,ok,112520,29496442880,16.536869771778584,12908876983263025585108415,3229410112174546433208026,188898714064473434049717,12908876983263025585108415,16327185809502045452366158,3548365086156917392259322050521333760,4005192853092695078390973049281183744,46.42398752883738,60.17311956754566,3.075557581728226,3.9864282228502237,46.18907118219982,60.05201479339872,3.0599945336267624,3.9784051139761796,10,768,95,84,94,1,4,35.74647674802691,0.17184182163327932,57.3046875,57.7421875,
mtn_knn,100,13,mtnknn_N100_seed13,ok,100,244,4.88,0,99,0,17,19,14.164070814847946,7.470225811004639,1.8960699680567061,14.207860063886589,0.7893255591048104,0.03057786077260971,3.7351129055023193,ok,ok,499538,130950889472,14.164070814847946,9916992861078171886670522,2504618129965726811129439,147901184734838343833987,9916992861078171886670522,12569512175778737041633948,2725962240831758051373856660303904768,3080358027484857789421158997486993408,44.67187749484351,58.42002098037315,3.144166489110495,4.111809992334077,44.43485301794056,58.29779662913947,3.127483858803246,4.103207405407961,10,1024,94,84,93,1,4,28.112415557727218,0.15690486319363117,57.3125,57.96875,
mtn_knn,100,14,mtnknn_N100_seed14,ok,100,243,4.86,0,99,0,14,16,11.955190815031528,11.740699768066406,1.018269017281961,12.963461965436078,0.8642307976957385,0.014508365653455257,5.870349884033203,ok,ok,1622,53149696,11.955190815031528,38961143267967984214720,7291060112416875050252,317653468374931482189,38961143267967984214720,46569856848759790747161,167336836150693056577266641797120,183335346333226162752502630449152,44.80382520129524,56.50024681624437,3.4561620438084946,4.358422693481768,44.62543654120376,56.40893861072283,3.44240116260507,4.351379188763276,9,512,83,76,82,1,4,2.1524321166798472,0.12422233540564775,57.296875,57.515625,
mtn_knn,100,15,mtnknn_N100_seed15,ok,100,251,5.02,0,99,0,14,16,13.551553800702095,12.271440505981445,1.1043164650553199,12.791367069889361,0.8527578046592907,0.012586583383381367,6.135720252990723,ok,ok,24,786432,13.551553800702095,64321106304218915359115,12241563796707572792729,539404146791605686516,64321106304218915359115,77102074247718093838360,276257048019159668291991020503040,303124786890987159539874703343616,49.521363306077056,61.216435809725695,3.8714676105769352,4.785761793501184,49.340120947253205,61.12362301677227,3.857298494966885,4.778505900331493,7,112,84,76,83,1,4,3.0406631296500564,0.1278516799211502,57.2578125,57.2578125,
mtn_knn,100,16,mtnknn_N100_seed16,ok,100,241,4.82,0,99,0,15,17,10.551657602190971,6.685497283935547,1.5782906123595841,12.843418775280831,0.802713673455052,0.04600983113050461,3.3427486419677734,ok,ok,342,22413312,10.551657602190971,246161650265754896069938,50847841942316534746397,2448114238404209072969,246161650265754896069938,299457606446475639889304,4229024949683227949489050554990592,4676319156702899245117844425277440,48.22144907559102,60.60265373827601,3.7545648802171536,4.718576478633189,48.025464650840696,60.50211390091972,3.7393053587315253,4.710748357545228,8,256,87,78,86,1,4,0.9364107605069876,0.1154158441349864,57.3828125,57.6015625,
mtn_knn,100,17,mtnknn_N100_seed17,ok,100,248,4.96,0,99,0,13,15,20.7064179033041,10.011991500854492,2.0681617539863946,9.86367649202721,0.7045483208590865,0.033328697085380554,5.005995750427246,ok,ok,16,262144,20.7064179033041,6996962188841638003739,1176769672705190774205,45817824014550298897,6996962188841638003739,8219549685561379076841,7512930943105852837282432679936,8157003478987303675483209596928,47.688213655424214,58.69978042056399,4.834730102307239,5.951105601244212,47.52717431247432,58.61752920143345,4.818403599397288,5.9427668018931765,7,96,80,73,79,1,4,0.6739729251712561,0.10093317367136478,57.2421875,57.2421875,
mtn_knn,100,18,mtnknn_N100_seed18,ok,100,242,4.84,0,99,0,15,17,16.10418176651001,6.6918230056762695,2.4065462808639446,11.186907438272112,0.699181714892007,0.04045206308364868,3.3459115028381348,ok,ok,932,61079552,16.10418176651001,252821549515026487853710,49774048899742666041364,2291244868277277495224,252821549515026487853710,304886843283046431390298,4343441147564333703621702729072640,4780837793768511505250622931730432,47.236894840327814,59.62223616696692,4.222515927746324,5.32964418414603,47.04963804016382,59.52628729024284,4.205777003142071,5.321067293950637,7,112,87,78,86,1,4,4.610612025484443,0.15671617537736893,57.30859375,57.52734375,
mtn_knn,100,19,mtnknn_N100_seed19,ok,100,241,4.82,0,99,0,17,19,13.436154253780842,8.140861511230469,1.6504585215269194,14.69908295694616,0.8166157198303423,0.04915572330355644,4.070430755615234,ok,ok,178151,46701215744,13.436154253780842,7678309235739558981233896,1964594113004808881026980,117482815590968527583408,7678309235739558981233896,9760386164335336389844284,2110597571588874252663210306986573824,2388682688090390630397905975138844672,45.449987413251854,59.196769350899714,3.092028771208079,4.027242347314316,45.210054818917854,59.072998430116755,3.075705807725475,4.018822031492881,9,384,94,83,93,1,4,49.990884406492114,0.12848427332937717,57.3359375,57.5546875,
mtn_knn,100,20,mtnknn_N100_seed20,ok,100,246,4.92,0,99,0,13,15,14.206361949443817,9.555994033813477,1.4866440790121063,11.026711841975787,0.787622274426842,0.02118365652859211,4.777997016906738,ok,ok,32,524288,14.206361949443817,6239678375442526163436,1088689155369511686146,43860530113914925029,6239678375442526163436,7372228060925952774611,6699803640021014849895492747264,7296062901150284770676718960640,46.88627102550385,57.89509123323722,4.252062781492137,5.250440209459891,46.719479688731184,57.8098345776903,4.236936664190537,5.242708379992618,9,384,80,73,79,1,4,1.0897731175646186,0.171729470603168,57.09375,57.3125,
mtn_knn,100,21,mtnknn_N100_seed21,ok,100,244,4.88,0,99,0,15,17,13.090748079121113,8.579422950744629,1.5258308343435774,12.948338331312845,0.8092711457070528,0.019219333305954933,4.2897114753723145,ok,ok,1892,123994112,13.090748079121113,290600135414557929217888,61482453274773939748583,3026199800584005785099,290600135414557929217888,355108788489915874751570,4992472311274790833153247272763392,5533599992635465205727399176568832,46.681321392243895,59.06040202720592,3.605197840664612,4.561234076219703,46.48084542038186,58.95749467046088,3.5897150839793603,4.5532865424040185,8,192,87,78,86,1,4,2.7538532689213753,0.11683602817356586,57.4453125,57.6640625,
mtn_knn,100,22,mtnknn_N100_seed22,ok,100,243,4.86,0,99,0,15,17,11.164257422089577,8.200902938842773,1.3613449037679943,13.277310192464011,0.8298318870290007,0.013950311578810215,4.100451469421387,ok,ok,132,8650752,11.164257422089577,262826821977805578198219,55907076937582876559063,2767314652727586270079,262826821977805578198219,321501213568116041027361,4515330419625155984830884841783296,5007454079680111141279453964926976,49.24448634866556,61.62307887546528,3.708920378814072,4.64123214583339,49.042980374011464,61.51962962409047,3.6937436621649073,4.633440714445914,8,160,87,78,86,1,4,4.63341180421412,0.14657973684370518,57.40625,57.625,
mtn_knn,100,23,mtnknn_N100_seed23,ok,100,248,4.96,0,99,0,13,15,16.728298604488373,12.597944259643555,1.3278593919546111,11.344281216090778,0.8103058011493413,0.011637422256171703,6.298972129821777,ok,ok,719,11780096,16.728298604488373,6499169637068330261870,1144629103930661024675,46454206859796494800,6499169637068330261870,7690252947858787781345,6978430260591166948014691450880,7605418287721691517243652833280,43.816379271220065,54.824491830132615,3.8624200543504443,4.832786739486792,43.64810001575168,54.73845490471081,3.8475862140865327,4.8252025722942715,6,60,80,73,79,1,4,1.2324727810919285,0.16061100736260414,56.91796875,56.91796875,
mtn_knn,100,24,mtnknn_N100_seed24,ok,100,241,4.82,0,99,0,13,15,17.250669166445732,11.54883098602295,1.4937156139286714,11.012568772142657,0.7866120551530469,0.0608794279396534,5.774415493011475,ok,ok,6,98304,17.250669166445732,4568692009070440443131,807970582927860445819,33030154652741551076,4568692009070440443131,5409692746651042440026,4905595691113519265890848210944,5348238059465130533559654678528,48.25071978129748,59.25849996474001,4.381422788782239,5.380987959379653,48.081754435129184,59.17210932408831,4.366079833867333,5.373143228287464,8,192,79,72,78,1,4,0.6549923494458199,0.14521822705864906,57.453125,57.453125,
mtn_knn,100,25,mtnknn_N100_seed25,ok,100,250,5.0,0,99,0,14,16,15.384383767843246,14.35758113861084,1.0715164079046084,12.856967184190783,0.8571311456127189,0.0038153501227498055,7.17879056930542,ok,ok,11093,363495424,15.384383767843246,62146754448182956918719,11793554982348664679024,518570619269721784761,62146754448182956918719,74458880049801343382504,266918277907488326590475035213824,292801555346478493240456055357440,43.35046442250349,55.04577061773226,3.371748858145038,4.281396213363427,43.16971599046127,54.95321805998033,3.3576904546776576,4.27419758273569,10,960,84,76,83,1,4,1.8574066599830985,0.15345000103116035,57.40625,58.0625,
mtn_knn,100,26,mtnknn_N100_seed26,ok,100,240,4.8,0,99,0,14,16,10.465017884969711,8.556299209594727,1.2230775979917365,12.553844804016528,0.8369229869344351,0.05881689861416817,4.278149604797363,ok,ok,4,131072,10.465017884969711,33578494955861254312028,6512004346034513348332,293285329336495736231,33578494955861254312028,40383784631232263396591,144218537684325050783699239436288,158517873257613311484468834336768,50.66642092563742,62.35991807229439,4.03592857141479,4.96739596879059,50.481878422741346,62.265380492260405,4.021228493010362,4.959865400943858,9,320,83,75,82,1,4,1.9893694687634706,0.12384649366140366,57.3984375,57.6171875,
mtn_knn,100,27,mtnknn_N100_seed27,ok,100,248,4.96,0,99,0,14,16,13.776642113924026,8.020322799682617,1.7177166627843459,11.564566674431308,0.7709711116287539,0.030120937153697014,4.010161399841309,ok,ok,60,1966080,13.776642113924026,53609433128914108883880,10232595527025176074794,452785187451809236593,53609433128914108883880,64294813843391094195267,230250762045785049649247661588480,252711268009724244915988016922624,48.42342136301982,60.11824812306202,4.187223155544742,5.198486879407295,48.24166743445607,60.025169503975135,4.171506706007069,5.190438275278213,10,640,84,76,83,1,4,1.619866482913494,0.1279647070914507,57.2734375,57.7109375,
mtn_knn,100,28,mtnknn_N100_seed28,ok,100,234,4.68,0,99,0,15,17,14.304867595434189,6.821786880493164,2.0969385068798947,11.806122986240212,0.7378826866400132,0.012671170756220818,3.410893440246582,ok,ok,10503,688324608,14.304867595434189,148174274525129789846918,30905859068710977452996,1506120405392341037328,148174274525129789846918,180586253999233108337242,2545614652775833510191462625574912,2817562698570629207069287495237632,44.291079268377274,56.671409190169555,3.7515346333421733,4.800171000778062,44.09325985484614,56.56990910492516,3.7347789707286556,4.791573759722493,10,672,86,77,85,1,4,3.4637905042618513,0.1965655256062746,57.41015625,57.84765625,
mtn_knn,100,29,mtnknn_N100_seed29,ok,100,248,4.96,0,99,0,13,15,6.880071062594652,13.33029556274414,0.5161229194214759,12.967754161157048,0.9262681543683606,0.01883251592516899,6.66514778137207,ok,ok,51,835584,6.880071062594652,7126932641080002627516,1231308476341147525486,49140928638249069113,7126932641080002627516,8407382046059399222115,7652485653558379351193822429184,8326730525792253494236958162944,46.551571455075155,57.56113751448818,3.5897944144031793,4.43879000165687,46.38634225739517,57.4766971463543,3.5770528713706238,4.432278437118825,9,392,80,73,79,1,4,0.5381532618775964,0.12916358467191458,57.19921875,57.41796875,
mtn_knn,100,30,mtnknn_N100_seed30,ok,100,246,4.92,0,99,0,14,16,11.516554564237595,10.22302532196045,1.1265309633439398,12.746938073312121,0.8497958715541414,0.004801932722330093,5.111512660980225,ok,ok,258,8454144,11.516554564237595,47996805331336229628534,8972752603378546612297,389609035817864073805,47996805331336229628534,57359166970532640314636,206144709210567550234499758424064,225831888220638363340804812963840,46.85066004131032,58.547176361542846,3.6754442338901865,4.593038424193909,46.67246182104915,58.45596389056822,3.6614645456516235,4.585882786467419,9,448,84,76,83,1,4,2.67021347489208,0.1553793428465724,57.53125,57.75,
mtn_knn,100,31,mtnknn_N100_seed31,ok,100,242,4.84,0,99,0,15,17,14.995658934116364,9.239762306213379,1.6229485604875755,12.754102879024849,0.7971314299390531,0.009717700071632862,4.6198811531066895,ok,ok,5741,376242176,14.995658934116364,247645916771914462105670,53513785441203545054967,2684381544658133687632,247645916771914462105670,303844083757776140848269,4254524454093242024213135784673280,4725733701747794985682602679074816,45.41541295016866,57.79258731936082,3.560847311719429,4.53129380149547,45.210898233707056,57.68754748378606,3.544812101842147,4.523058033243395,9,336,87,78,86,1,4,4.758475239388645,0.13521839026361704,57.22265625,57.44140625,
mtn_knn,100,32,mtnknn_N100_seed32,ok,100,251,5.02,0,99,0,14,16,15.602103672921658,9.892925262451172,1.5770970930246289,11.845805813950742,0.7897203875967161,0.013381284661591053,4.946462631225586,ok,ok,2850,93388800,15.602103672921658,66108407937550927759717,12559262106262245496228,552348626849847272055,66108407937550927759717,79220018670663020528000,283933450082408045062443061215232,311497339908629906049372096823296,44.771441707487185,56.46666160673138,3.7795184566304556,4.766806285160516,44.590508618646155,56.37401068816523,3.764244435455134,4.7589848739352,9,512,84,76,83,1,4,1.9409674648195505,0.18392201978713274,57.3125,57.53125,
mtn_knn,100,33,mtnknn_N100_seed33,ok,100,246,4.92,0,99,0,14,16,2.070079531520605,10.115504264831543,0.20464422507512817,14.590711549849743,0.9727141033233162,0.004386299289762974,5.0577521324157715,ok,ok,1078,35323904,2.070079531520605,49583543904987454705768,9511156803398412154870,422766277302947129525,49583543904987454705768,59517466985688813990163,212959699491701249251554862563328,233838695034280246434734368882688,45.45769403366116,57.1521138701483,3.11552276791664,3.9170203368688252,45.27508320397791,57.05858527349697,3.103007214507243,3.910610190500584,8,192,84,76,83,1,4,1.3066350603476167,0.14523988403379917,57.19921875,57.41796875,
mtn_knn,100,34,mtnknn_N100_seed34,ok,100,247,4.94,0,99,0,13,15,7.203869506716728,12.609025955200195,0.5713264079487218,12.857347184102556,0.9183819417216111,0.012475082650780678,6.304512977600098,ok,ok,53,868352,7.203869506716728,6772052875333497422732,1171287112336967168187,46811191214707776746,6772052875333497422732,7990151178885172367665,7271436406585034130983556743168,7912832170258851421839727525888,46.46220471993393,57.47168611546261,3.613669604985237,4.469948994340245,46.2967993114979,57.387154200457026,3.60080494433109,4.463374394323991,8,256,80,73,79,1,4,0.9403835348784924,0.175391742028296,57.46484375,57.68359375,
mtn_knn,100,35,mtnknn_N100_seed35,ok,100,249,4.98,0,99,0,17,19,14.376278162002563,5.903543949127197,2.435194568870451,13.1296108622591,0.7294228256810611,0.05952512100338936,2.9517719745635986,ok,ok,370976,97249132544,14.376278162002563,13611758103841753578657467,3430664402382586628151145,201787230097912061309555,13611758103841753578657467,17244209736322252268118167,3741571577412051429095986198476750848,4226945215453493785524796552032288768,45.28562600205582,59.0340010091158,3.449121720143952,4.496249098959078,45.049083568065626,58.91202717926453,3.4311057685310877,4.486959118385329,8,224,95,84,94,1,4,43.60217072535306,0.12117292173206806,56.96484375,57.18359375,
mtn_knn,100,36,mtnknn_N100_seed36,ok,100,243,4.86,0,99,0,17,19,12.965149030089378,9.711697578430176,1.3350033735487363,15.329993252902527,0.8516662918279182,0.02483009174466133,4.855848789215088,ok,ok,642925,168538931200,12.965149030089378,9595246702726807457978516,2408796507270400223818991,141529528231969095712315,9595246702726807457978516,12145572738229176777509822,2637521330256862211488423711399215104,2978309636465908713056973789589405696,44.38522359588475,58.133986645529234,2.89531918662006,3.792173009242672,44.149526716908184,58.0124703281071,2.8799443019030075,3.784246305335015,9,512,94,83,93,1,4,67.59207561705261,0.12711092457175255,56.93359375,57.15234375,
mtn_knn,100,37,mtnknn_N100_seed37,ok,100,245,4.9,0,99,0,14,16,6.8637037724256516,5.828372001647949,1.1776365287742385,12.644726942451523,0.8429817961634348,0.009988603182137012,2.9141860008239746,ok,ok,460,15073280,6.8637037724256516,45982405773311962575617,8862732978485568377601,395842349549115423194,45982405773311962575617,55240981101346646376412,197492928987776468867850942021632,216950535622085875534821836455936,46.23476555248023,57.92878797305377,3.656446340273155,4.581260491958295,46.05131930352669,57.834821373045756,3.6419386130767957,4.573829204557968,8,256,84,76,83,1,4,3.017442075535655,0.1672510076314211,57.296875,57.515625,
mtn_knn,100,38,mtnknn_N100_seed38,ok,100,250,5.0,0,99,0,16,18,10.829892754554749,10.310677528381348,1.0503570424682762,14.899285915063448,0.8764285832390263,0.0010000000474974513,5.155338764190674,ok,ok,110736,14514388992,10.829892754554749,2609836622712961619448639,575910013317672634452370,29661002328575692847638,2609836622712961619448639,3215407638359209946748647,179346607079284175213361632907362304,199644296600262052391982954348281856,44.81509210507424,57.88343899631305,3.007868454941547,3.884980751848775,44.606425585489106,57.77622201612807,2.993863319341446,3.8777846364915556,10,768,91,82,90,1,4,25.436376124620438,0.16541310586035252,57.296875,58.171875,
mtn_knn,100,39,mtnknn_N100_seed39,ok,100,246,4.92,0,99,0,18,20,26.28953704237938,12.956560134887695,2.0290522151470145,14.94189556970597,0.7864155563003142,0.022172391414642334,6.478280067443848,ok,ok,576,301989888,26.28953704237938,52563179148232319227831789,14547943123018644271957655,942450695629656327904277,52563179148232319227831789,68053572966880619827693721,57793826666354418507204993726508171264,66050701852958462535921796169850683392,53.1262298039043,67.55758191344835,3.5555214233738437,4.521352836277235,52.86795042958583,67.42404122134468,3.5382358404895595,4.5124155035619395,7,96,98,86,97,1,4,21.5529402224347,0.11914628371596336,57.49609375,57.71484375,
mtn_knn,100,40,mtnknn_N100_seed40,ok,100,240,4.8,0,99,0,15,17,10.390786446630955,7.013288974761963,1.4815853851200573,13.036829229759885,0.8148018268599928,0.008250041864812374,3.5066444873809814,ok,ok,26245,1719992320,10.390786446630955,232332481170553838491466,48981448405317947215373,2408214531977812267606,232332481170553838491466,283722144107849597974445,3991441633704258138112449780383744,4422532274383958659543207757479936,43.82705157262011,56.20643485095229,3.361787655588346,4.311357758882565,43.62722563342871,56.10387488350773,3.3464598534311123,4.303490817800722,9,384,87,78,86,1,4,4.94308443646878,0.15511091612279415,57.20703125,57.42578125,
grid,12,1,grid_k12_N144_seed1,ok,144,264,3.6666666666666665,0,143,0,22,24,23.626693964004517,2.4995129108428955,9.452519273459975,4.0949614530800496,0.1780418023078283,1.0014561414718628,1.2497564554214478,ok,ok,705432,5917592518656,23.626693964004517,9023365896589940099947264638151,2572059388920651749690090301644,173791445220258777836472650296,9023365896589940099947264638151,11769216730730850627473827590091,2539851705594380986081114386957324708065837056,2914066369640784160076639492714963770206584832,58.07647450085038,75.2769278554088,14.182422756914553,18.382817205468154,57.810804553469026,75.13948406746765,14.117545480186703,18.34925308294442,12,4096,114,103,113,0,4,52.02709724754095,0.5868927901610732,33.17578125,37.98828125,
grid,12,2,grid_k12_N144_seed2,ok,144,264,3.6666666666666665,0,143,0,22,24,23.652814626693726,2.4944913387298584,9.48201914332452,4.035961713350961,0.17547659623265044,1.0007966756820679,1.2472456693649292,ok,ok,705432,5917592518656,23.652814626693726,9023365896589940099947264638151,2572059388920651749690090301644,173791445220258777836472650296,9023365896589940099947264638151,11769216730730850627473827590091,2539851705594380986081114386957324708065837056,2914066369640784160076639492714963770206584832,58.07647450085038,75.2769278554088,14.389748621433501,18.651546571017445,57.810804553469026,75.13948406746765,14.323922935698546,18.617491791090647,12,4096,114,103,113,0,4,69.44884088542312,0.7315898993983865,33.48828125,38.30078125,
grid,12,3,grid_k12_N144_seed3,ok,144,264,3.6666666666666665,0,143,0,22,24,23.760277032852173,2.499901533126831,9.504485163914937,3.991029672170125,0.17352302922478802,1.0002870559692383,1.2499507665634155,ok,ok,705432,5917592518656,23.760277032852173,9023365896589940099947264638151,2572059388920651749690090301644,173791445220258777836472650296,9023365896589940099947264638151,11769216730730850627473827590091,2539851705594380986081114386957324708065837056,2914066369640784160076639492714963770206584832,58.07647450085038,75.2769278554088,14.551752121970885,18.86153049182341,57.810804553469026,75.13948406746765,14.485185353692037,18.82709231440279,12,4096,114,103,113,0,4,58.05893033184111,0.5861030872911215,33.44921875,38.26171875,
grid,12,4,grid_k12_N144_seed4,ok,144,264,3.6666666666666665,0,143,0,22,24,23.522757530212402,2.49920654296875,9.412090247759298,4.175819504481403,0.18155736976006098,1.0008151531219482,1.249603271484375,ok,ok,705432,5917592518656,23.522757530212402,9023365896589940099947264638151,2572059388920651749690090301644,173791445220258777836472650296,9023365896589940099947264638151,11769216730730850627473827590091,2539851705594380986081114386957324708065837056,2914066369640784160076639492714963770206584832,58.07647450085038,75.2769278554088,13.907802872831049,18.02686341558182,57.810804553469026,75.13948406746765,13.84418184057708,17.993949208491774,12,4096,114,103,113,0,4,48.27041291072965,0.589021616615355,33.45703125,38.26953125,
grid,12,5,grid_k12_N144_seed5,ok,144,264,3.6666666666666665,0,143,0,22,24,23.20557451248169,2.4995880126953125,9.283759721450679,4.432480557098643,0.19271654596081056,1.0000003576278687,1.2497940063476562,ok,ok,705432,5917592518656,23.20557451248169,9023365896589940099947264638151,2572059388920651749690090301644,173791445220258777836472650296,9023365896589940099947264638151,11769216730730850627473827590091,2539851705594380986081114386957324708065837056,2914066369640784160076639492714963770206584832,58.07647450085038,75.2769278554088,13.102476988385336,16.98302494183587,57.810804553469026,75.13948406746765,13.042539907114696,16.952016619030925,12,4096,114,103,113,0,4,80.5517555559054,0.8369461949914694,33.55859375,38.37109375,
grid,12,6,grid_k12_N144_seed6,ok,144,264,3.6666666666666665,0,143,0,22,24,23.34639072418213,2.497986078262329,9.346085203334098,4.307829593331803,0.18729693884051313,1.0013283491134644,1.2489930391311646,ok,ok,705432,5917592518656,23.34639072418213,9023365896589940099947264638151,2572059388920651749690090301644,173791445220258777836472650296,9023365896589940099947264638151,11769216730730850627473827590091,2539851705594380986081114386957324708065837056,2914066369640784160076639492714963770206584832,58.07647450085038,75.2769278554088,13.4816090661405,17.474444200841145,57.810804553469026,75.13948406746765,13.419937650959039,17.442538624038875,12,4096,114,103,113,0,4,56.77072027698159,0.8485419237986207,33.6796875,38.4921875,
grid,12,7,grid_k12_N144_seed7,ok,144,264,3.6666666666666665,0,143,0,22,24,23.61393439769745,2.4977500438690186,9.454082267222956,4.091835465554087,0.1779058898066994,1.0009335279464722,1.2488750219345093,ok,ok,705432,5917592518656,23.61393439769745,9023365896589940099947264638151,2572059388920651749690090301644,173791445220258777836472650296,9023365896589940099947264638151,11769216730730850627473827590091,2539851705594380986081114386957324708065837056,2914066369640784160076639492714963770206584832,58.07647450085038,75.2769278554088,14.193257522143814,18.396860892649634,57.810804553469026,75.13948406746765,14.128330681947569,18.363271128569874,12,4096,114,103,113,0,4,49.32155988551676,0.7279437780380249,33.4609375,38.2734375,
grid,12,8,grid_k12_N144_seed8,ok,144,264,3.6666666666666665,0,143,0,22,24,23.60215163230896,2.499380588531494,9.443200343560465,4.113599312879071,0.17885214403822047,1.0032583475112915,1.249690294265747,ok,ok,705432,5917592518656,23.60215163230896,9023365896589940099947264638151,2572059388920651749690090301644,173791445220258777836472650296,9023365896589940099947264638151,11769216730730850627473827590091,2539851705594380986081114386957324708065837056,2914066369640784160076639492714963770206584832,58.07647450085038,75.2769278554088,14.118165159893316,18.299528498006083,57.810804553469026,75.13948406746765,14.053581828563601,18.266116447515206,12,4096,114,103,113,0,4,49.636450295336545,0.7577406400814652,33.68359375,38.49609375,
grid,12,9,grid_k12_N144_seed9,ok,144,264,3.6666666666666665,0,143,0,22,24,23.59111189842224,2.497598171234131,9.445519367418992,4.108961265162016,0.1786504897896528,1.0014065504074097,1.2487990856170654,ok,ok,705432,5917592518656,23.59111189842224,9023365896589940099947264638151,2572059388920651749690090301644,173791445220258777836472650296,9023365896589940099947264638151,11769216730730850627473827590091,2539851705594380986081114386957324708065837056,2914066369640784160076639492714963770206584832,58.07647450085038,75.2769278554088,14.134101237033791,18.32018434771997,57.810804553469026,75.13948406746765,14.069445006362102,18.286734582908,12,4096,114,103,113,0,4,48.78024491388351,0.6057612868025899,33.67578125,38.48828125,
grid,12,10,grid_k12_N144_seed10,ok,144,264,3.6666666666666665,0,143,0,22,24,23.546251893043518,2.4935622215270996,9.442817062982048,4.114365874035904,0.17888547278416977,1.003259301185608,1.2467811107635498,ok,ok,705432,5917592518656,23.546251893043518,9023365896589940099947264638151,2572059388920651749690090301644,173791445220258777836472650296,9023365896589940099947264638151,11769216730730850627473827590091,2539851705594380986081114386957324708065837056,2914066369640784160076639492714963770206584832,58.07647450085038,75.2769278554088,14.115534757700445,18.29611905213656,57.810804553469026,75.13948406746765,14.05096345910547,18.262713226755665,12,4096,114,103,113,0,4,49.223197103478014,0.7036694455891848,33.8984375,38.7109375,
grid,12,11,grid_k12_N144_seed11,ok,144,264,3.6666666666666665,0,143,0,22,24,23.497875094413757,2.499401330947876,9.401401368983986,4.197197262032027,0.18248683747965333,1.0028672218322754,1.249700665473938,ok,ok,705432,5917592518656,23.497875094413757,9023365896589940099947264638151,2572059388920651749690090301644,173791445220258777836472650296,9023365896589940099947264638151,11769216730730850627473827590091,2539851705594380986081114386957324708065837056,2914066369640784160076639492714963770206584832,58.07647450085038,75.2769278554088,13.836965688082358,17.935046450250542,57.810804553469026,75.13948406746765,13.7736686994503,17.902299886446055,12,4096,114,103,113,0,4,51.735562088899314,0.5859328964725137,33.51953125,38.33203125,
grid,12,12,grid_k12_N144_seed12,ok,144,264,3.6666666666666665,0,143,0,22,24,23.362557649612427,2.4979000091552734,9.352879444326938,4.294241111346125,0.1867061352759185,1.0006814002990723,1.2489500045776367,ok,ok,705432,5917592518656,23.362557649612427,9023365896589940099947264638151,2572059388920651749690090301644,173791445220258777836472650296,9023365896589940099947264638151,11769216730730850627473827590091,2539851705594380986081114386957324708065837056,2914066369640784160076639492714963770206584832,58.07647450085038,75.2769278554088,13.524269596181345,17.529739458856696,57.810804553469026,75.13948406746765,13.462403031055457,17.497732921641543,12,4096,114,103,113,0,4,76.78382560797036,0.8432769756764174,33.41015625,38.22265625,
grid,12,13,grid_k12_N144_seed13,ok,144,264,3.6666666666666665,0,143,0,22,24,23.66741383075714,2.499741554260254,9.467944312251518,4.064111375496964,0.17670049458682446,1.00020432472229,1.249870777130127,ok,ok,705432,5917592518656,23.66741383075714,9023365896589940099947264638151,2572059388920651749690090301644,173791445220258777836472650296,9023365896589940099947264638151,11769216730730850627473827590091,2539851705594380986081114386957324708065837056,2914066369640784160076639492714963770206584832,58.07647450085038,75.2769278554088,14.290079462634985,18.522358493731943,57.810804553469026,75.13948406746765,14.224709711947758,18.488539590842173,12,4096,114,103,113,0,4,51.959432403557,0.5872703492641449,33.703125,38.515625,
grid,12,14,grid_k12_N144_seed14,ok,144,264,3.6666666666666665,0,143,0,22,24,23.538819193840027,2.4993090629577637,9.418130611659297,4.163738776681406,0.18103212072527852,1.0006909370422363,1.2496545314788818,ok,ok,705432,5917592518656,23.538819193840027,9023365896589940099947264638151,2572059388920651749690090301644,173791445220258777836472650296,9023365896589940099947264638151,11769216730730850627473827590091,2539851705594380986081114386957324708065837056,2914066369640784160076639492714963770206584832,58.07647450085038,75.2769278554088,13.948155159517151,18.07916680003788,57.810804553469026,75.13948406746765,13.884349536342803,18.04615709522381,12,4096,114,103,113,0,4,50.56537986546755,0.7129582082852721,33.74609375,38.55859375,
grid,12,15,grid_k12_N144_seed15,ok,144,264,3.6666666666666665,0,143,0,22,24,23.785852432250977,2.4989960193634033,9.518163393597645,3.9636732128047107,0.17233361794803093,1.0021075010299683,1.2494980096817017,ok,ok,705432,5917592518656,23.785852432250977,9023365896589940099947264638151,2572059388920651749690090301644,173791445220258777836472650296,9023365896589940099947264638151,11769216730730850627473827590091,2539851705594380986081114386957324708065837056,2914066369640784160076639492714963770206584832,58.07647450085038,75.2769278554088,14.652185329818156,18.99170890582641,57.810804553469026,75.13948406746765,14.58515913136085,18.95703304317024,12,4096,114,103,113,0,4,51.89148453064263,0.5917832953855395,33.55078125,38.36328125,
grid,12,16,grid_k12_N144_seed16,ok,144,264,3.6666666666666665,0,143,0,22,24,23.42165958881378,2.4985127449035645,9.374240590362804,4.251518819274391,0.1848486443162779,1.0013434886932373,1.2492563724517822,ok,ok,705432,5917592518656,23.42165958881378,9023365896589940099947264638151,2572059388920651749690090301644,173791445220258777836472650296,9023365896589940099947264638151,11769216730730850627473827590091,2539851705594380986081114386957324708065837056,2914066369640784160076639492714963770206584832,58.07647450085038,75.2769278554088,13.660171098751556,17.705890778170506,57.810804553469026,75.13948406746765,13.597682854273621,17.67356261645144,12,4096,114,103,113,0,4,49.26505062170327,0.7326540108770132,33.78125,38.59375,
grid,12,17,grid_k12_N144_seed17,ok,144,264,3.6666666666666665,0,143,0,22,24,23.69217598438263,2.4988818168640137,9.4811110411437,4.037777917712599,0.17555556163967823,1.000630259513855,1.2494409084320068,ok,ok,705432,5917592518656,23.69217598438263,9023365896589940099947264638151,2572059388920651749690090301644,173791445220258777836472650296,9023365896589940099947264638151,11769216730730850627473827590091,2539851705594380986081114386957324708065837056,2914066369640784160076639492714963770206584832,58.07647450085038,75.2769278554088,14.383276070257647,18.64315705061193,57.810804553469026,75.13948406746765,14.317479993109387,18.60911758862512,12,4096,114,103,113,0,4,49.46481443475932,0.7235524887219071,33.7421875,38.5546875,
grid,12,18,grid_k12_N144_seed18,ok,144,264,3.6666666666666665,0,143,0,22,24,23.504509329795837,2.499553680419922,9.40348251526533,4.193034969469341,0.18230586823779749,1.001313328742981,1.249776840209961,ok,ok,705432,5917592518656,23.504509329795837,9023365896589940099947264638151,2572059388920651749690090301644,173791445220258777836472650296,9023365896589940099947264638151,11769216730730850627473827590091,2539851705594380986081114386957324708065837056,2914066369640784160076639492714963770206584832,58.07647450085038,75.2769278554088,13.850701204192527,17.95285000089938,57.810804553469026,75.13948406746765,13.787341382651382,17.920070930621666,12,4096,114,103,113,0,4,53.7623894168064,0.5858648661524057,33.8359375,38.6484375,
grid,12,19,grid_k12_N144_seed19,ok,144,264,3.6666666666666665,0,143,0,22,24,23.542061924934387,2.4951589107513428,9.435095225195656,4.129809549608687,0.17955693693950814,1.0026217699050903,1.2475794553756714,ok,ok,705432,5917592518656,23.542061924934387,9023365896589940099947264638151,2572059388920651749690090301644,173791445220258777836472650296,9023365896589940099947264638151,11769216730730850627473827590091,2539851705594380986081114386957324708065837056,2914066369640784160076639492714963770206584832,58.07647450085038,75.2769278554088,14.062748851542878,18.227699595140297,57.810804553469026,75.13948406746765,13.998419021271038,18.194418692887993,12,4096,114,103,113,0,4,51.22297895606607,0.6185044255107641,33.55078125,38.36328125,
grid,12,20,grid_k12_N144_seed20,ok,144,264,3.6666666666666665,0,143,0,22,24,23.406574368476868,2.4981906414031982,9.36941079697974,4.261178406040521,0.18526862634958785,1.0001084804534912,1.2490953207015991,ok,ok,705432,5917592518656,23.406574368476868,9023365896589940099947264638151,2572059388920651749690090301644,173791445220258777836472650296,9023365896589940099947264638151,11769216730730850627473827590091,2539851705594380986081114386957324708065837056,2914066369640784160076639492714963770206584832,58.07647450085038,75.2769278554088,13.629205108737732,17.66575362080556,57.810804553469026,75.13948406746765,13.566858517709122,17.633498743200267,12,4096,114,103,113,0,4,66.24263983499259,0.8954327125102282,33.765625,38.578125,
grid,12,21,grid_k12_N144_seed21,ok,144,264,3.6666666666666665,0,143,0,22,24,23.703452467918396,2.499415636062622,9.483597736172806,4.032804527654388,0.17533932728932122,1.0000661611557007,1.249707818031311,ok,ok,705432,5917592518656,23.703452467918396,9023365896589940099947264638151,2572059388920651749690090301644,173791445220258777836472650296,9023365896589940099947264638151,11769216730730850627473827590091,2539851705594380986081114386957324708065837056,2914066369640784160076639492714963770206584832,58.07647450085038,75.2769278554088,14.40101400963006,18.666148418354492,57.810804553469026,75.13948406746765,14.33513679054851,18.632066977759333,12,4096,114,103,113,0,4,70.92528059054166,0.7546508805826306,33.74609375,38.55859375,
grid,12,22,grid_k12_N144_seed22,ok,144,264,3.6666666666666665,0,143,0,22,24,23.56491231918335,2.498772621154785,9.430594892740997,4.138810214518006,0.1799482701964351,1.0008609294891357,1.2493863105773926,ok,ok,705432,5917592518656,23.56491231918335,9023365896589940099947264638151,2572059388920651749690090301644,173791445220258777836472650296,9023365896589940099947264638151,11769216730730850627473827590091,2539851705594380986081114386957324708065837056,2914066369640784160076639492714963770206584832,58.07647450085038,75.2769278554088,14.032166610861086,18.188059841776372,57.810804553469026,75.13948406746765,13.9679766785831,18.15485131545665,12,4096,114,103,113,0,4,49.169754115864635,0.73071772698313,33.73046875,38.54296875,
grid,12,23,grid_k12_N144_seed23,ok,144,264,3.6666666666666665,0,143,0,22,24,23.901526927947998,2.4988772869110107,9.564906229346656,3.870187541306688,0.16826902353507334,1.0032057762145996,1.2494386434555054,ok,ok,705432,5917592518656,23.901526927947998,9023365896589940099947264638151,2572059388920651749690090301644,173791445220258777836472650296,9023365896589940099947264638151,11769216730730850627473827590091,2539851705594380986081114386957324708065837056,2914066369640784160076639492714963770206584832,58.07647450085038,75.2769278554088,15.006113755728249,19.45045997176486,57.810804553469026,75.13948406746765,14.937468517081324,19.41494650207529,12,4096,114,103,113,0,4,62.218244617804885,0.735191410407424,33.82421875,38.63671875,
grid,12,24,grid_k12_N144_seed24,ok,144,264,3.6666666666666665,0,143,0,22,24,23.569458603858948,2.4981849193573,9.434633289645584,4.130733420708832,0.17959710524821015,1.00388765335083,1.24909245967865,ok,ok,705432,5917592518656,23.569458603858948,9023365896589940099947264638151,2572059388920651749690090301644,173791445220258777836472650296,9023365896589940099947264638151,11769216730730850627473827590091,2539851705594380986081114386957324708065837056,2914066369640784160076639492714963770206584832,58.07647450085038,75.2769278554088,14.059603606878238,18.223622826401446,57.810804553469026,75.13948406746765,13.995288164480174,18.19034936768535,12,4096,114,103,113,0,4,65.14890324044973,0.8403012007474899,33.70703125,38.51953125,
grid,12,25,grid_k12_N144_seed25,ok,144,264,3.6666666666666665,0,143,0,22,24,23.53490376472473,2.4998228549957275,9.414628607659864,4.170742784680272,0.18133664281218576,1.0000779628753662,1.2499114274978638,ok,ok,705432,5917592518656,23.53490376472473,9023365896589940099947264638151,2572059388920651749690090301644,173791445220258777836472650296,9023365896589940099947264638151,11769216730730850627473827590091,2539851705594380986081114386957324708065837056,2914066369640784160076639492714963770206584832,58.07647450085038,75.2769278554088,13.92473175621702,18.048806110007938,57.810804553469026,75.13948406746765,13.86103328304404,18.015851839021483,12,4096,114,103,113,0,4,51.42107110098004,0.590089239180088,33.453125,38.265625,
grid,12,26,grid_k12_N144_seed26,ok,144,264,3.6666666666666665,0,143,0,22,24,23.547317385673523,2.498685121536255,9.423883458831353,4.152233082337293,0.18053187314509966,1.0004465579986572,1.2493425607681274,ok,ok,705432,5917592518656,23.547317385673523,9023365896589940099947264638151,2572059388920651749690090301644,173791445220258777836472650296,9023365896589940099947264638151,11769216730730850627473827590091,2539851705594380986081114386957324708065837056,2914066369640784160076639492714963770206584832,58.07647450085038,75.2769278554088,13.986805015329033,18.129263546312142,57.810804553469026,75.13948406746765,13.922822588978388,18.096162372747056,12,4096,114,103,113,0,4,52.36614369042218,0.5892546931281686,33.2734375,38.0859375,
grid,12,27,grid_k12_N144_seed27,ok,144,264,3.6666666666666665,0,143,0,22,24,23.568725109100342,2.4989171028137207,9.431575414231437,4.136849171537126,0.17986300745813588,1.0013705492019653,1.2494585514068604,ok,ok,705432,5917592518656,23.568725109100342,9023365896589940099947264638151,2572059388920651749690090301644,173791445220258777836472650296,9023365896589940099947264638151,11769216730730850627473827590091,2539851705594380986081114386957324708065837056,2914066369640784160076639492714963770206584832,58.07647450085038,75.2769278554088,14.038818456431892,18.196681758024603,57.810804553469026,75.13948406746765,13.97459809538773,18.163457489446763,12,4096,114,103,113,0,4,52.16665965504944,0.5838305791839957,33.39453125,38.20703125,
grid,12,28,grid_k12_N144_seed28,ok,144,264,3.6666666666666665,0,143,0,22,24,23.94652819633484,2.49985408782959,9.579170365549443,3.8416592689011146,0.16702866386526583,1.0005897283554077,1.249927043914795,ok,ok,705432,5917592518656,23.94652819633484,9023365896589940099947264638151,2572059388920651749690090301644,173791445220258777836472650296,9023365896589940099947264638151,11769216730730850627473827590091,2539851705594380986081114386957324708065837056,2914066369640784160076639492714963770206584832,58.07647450085038,75.2769278554088,15.117549588790792,19.59489964786527,57.810804553469026,75.13948406746765,15.048394588624069,19.559122454126673,12,4096,114,103,113,0,4,53.16071147006005,0.7250694995746017,33.51953125,38.33203125,
grid,12,29,grid_k12_N144_seed29,ok,144,264,3.6666666666666665,0,143,0,22,24,23.73301362991333,2.4978785514831543,9.50126803235549,3.9974639352890193,0.17380277979517478,1.000045895576477,1.2489392757415771,ok,ok,705432,5917592518656,23.73301362991333,9023365896589940099947264638151,2572059388920651749690090301644,173791445220258777836472650296,9023365896589940099947264638151,11769216730730850627473827590091,2539851705594380986081114386957324708065837056,2914066369640784160076639492714963770206584832,58.07647450085038,75.2769278554088,14.528329821354951,18.83117123105858,57.810804553469026,75.13948406746765,14.46187019803326,18.796788484855966,12,4096,114,103,113,0,4,49.61047490127385,0.5948169734328985,33.7578125,38.5703125,
grid,12,30,grid_k12_N144_seed30,ok,144,264,3.6666666666666665,0,143,0,22,24,23.45514440536499,2.4994304180145264,9.384195789693983,4.231608420612034,0.18398297480921888,1.0035167932510376,1.2497152090072632,ok,ok,705432,5917592518656,23.45514440536499,9023365896589940099947264638151,2572059388920651749690090301644,173791445220258777836472650296,9023365896589940099947264638151,11769216730730850627473827590091,2539851705594380986081114386957324708065837056,2914066369640784160076639492714963770206584832,58.07647450085038,75.2769278554088,13.724444402265974,17.78919984390267,57.810804553469026,75.13948406746765,13.66166214054079,17.756719572979755,12,4096,114,103,113,0,4,50.51792149618268,0.7728895926848054,33.45703125,38.48828125,
grid,12,31,grid_k12_N144_seed31,ok,144,264,3.6666666666666665,0,143,0,22,24,23.384679675102234,2.497204542160034,9.36434292037405,4.271314159251901,0.18570931127182178,1.0001230239868164,1.248602271080017,ok,ok,705432,5917592518656,23.384679675102234,9023365896589940099947264638151,2572059388920651749690090301644,173791445220258777836472650296,9023365896589940099947264638151,11769216730730850627473827590091,2539851705594380986081114386957324708065837056,2914066369640784160076639492714963770206584832,58.07647450085038,75.2769278554088,13.596863245250539,17.623833098849648,57.810804553469026,75.13948406746765,13.534664601583485,17.59165476150037,12,4096,114,103,113,0,4,68.63140673004091,0.6269867848604918,33.69921875,38.51171875,
grid,12,32,grid_k12_N144_seed32,ok,144,264,3.6666666666666665,0,143,0,22,24,23.372581839561462,2.495586633682251,9.365566205599963,4.268867588800074,0.18560293864348143,1.0006499290466309,1.2477933168411255,ok,ok,705432,5917592518656,23.372581839561462,9023365896589940099947264638151,2572059388920651749690090301644,173791445220258777836472650296,9023365896589940099947264638151,11769216730730850627473827590091,2539851705594380986081114386957324708065837056,2914066369640784160076639492714963770206584832,58.07647450085038,75.2769278554088,13.604655870147278,17.633933657934847,57.810804553469026,75.13948406746765,13.54242157923641,17.601736878559034,12,4096,114,103,113,0,4,48.64031027071178,0.5989652359858155,33.66796875,38.48046875,
grid,12,33,grid_k12_N144_seed33,ok,144,264,3.6666666666666665,0,143,0,22,24,23.432172656059265,2.499396800994873,9.375131090322354,4.249737819355293,0.18477120953718662,1.0017870664596558,1.2496984004974365,ok,ok,705432,5917592518656,23.432172656059265,9023365896589940099947264638151,2572059388920651749690090301644,173791445220258777836472650296,9023365896589940099947264638151,11769216730730850627473827590091,2539851705594380986081114386957324708065837056,2914066369640784160076639492714963770206584832,58.07647450085038,75.2769278554088,13.665895866879827,17.713311045345545,57.810804553469026,75.13948406746765,13.603381434537349,17.680969335389896,12,4096,114,103,113,0,4,72.92398025467992,0.5863208761438727,33.76171875,38.57421875,
grid,12,34,grid_k12_N144_seed34,ok,144,264,3.6666666666666665,0,143,0,22,24,23.414963841438293,2.499750852584839,9.366919034041459,4.2661619319170825,0.18548530138769925,1.000139594078064,1.2498754262924194,ok,ok,705432,5917592518656,23.414963841438293,9023365896589940099947264638151,2572059388920651749690090301644,173791445220258777836472650296,9023365896589940099947264638151,11769216730730850627473827590091,2539851705594380986081114386957324708065837056,2914066369640784160076639492714963770206584832,58.07647450085038,75.2769278554088,13.613284124625947,17.645117334208095,57.810804553469026,75.13948406746765,13.551010363896483,17.61290013520473,12,4096,114,103,113,0,4,65.75509633868933,0.838507978245616,33.73828125,38.55078125,
grid,12,35,grid_k12_N144_seed35,ok,144,264,3.6666666666666665,0,143,0,22,24,23.610039114952087,2.4981625080108643,9.450962072820207,4.098075854359585,0.17817721105911244,1.0002230405807495,1.2490812540054321,ok,ok,705432,5917592518656,23.610039114952087,9023365896589940099947264638151,2572059388920651749690090301644,173791445220258777836472650296,9023365896589940099947264638151,11769216730730850627473827590091,2539851705594380986081114386957324708065837056,2914066369640784160076639492714963770206584832,58.07647450085038,75.2769278554088,14.17164458756123,18.368846876108513,57.810804553469026,75.13948406746765,14.106816615404801,18.335308261201,12,4096,114,103,113,0,4,56.41426427382976,0.5938979927450418,33.81640625,38.62890625,
grid,12,36,grid_k12_N144_seed36,ok,144,264,3.6666666666666665,0,143,0,22,24,23.488320112228394,2.494204521179199,9.417158822694976,4.165682354610048,0.1811166241134804,1.0000150203704834,1.2471022605895996,ok,ok,705432,5917592518656,23.488320112228394,9023365896589940099947264638151,2572059388920651749690090301644,173791445220258777836472650296,9023365896589940099947264638151,11769216730730850627473827590091,2539851705594380986081114386957324708065837056,2914066369640784160076639492714963770206584832,58.07647450085038,75.2769278554088,13.941647383790247,18.070731622660055,57.810804553469026,75.13948406746765,13.877871530336769,18.037737319148402,12,4096,114,103,113,0,4,52.859329600818455,0.6531878774985671,33.734375,38.546875,
grid,12,37,grid_k12_N144_seed37,ok,144,264,3.6666666666666665,0,143,0,22,24,23.60600781440735,2.497422695159912,9.452147552016955,4.09570489596609,0.17807412591156913,1.0013015270233154,1.248711347579956,ok,ok,705432,5917592518656,23.60600781440735,9023365896589940099947264638151,2572059388920651749690090301644,173791445220258777836472650296,9023365896589940099947264638151,11769216730730850627473827590091,2539851705594380986081114386957324708065837056,2914066369640784160076639492714963770206584832,58.07647450085038,75.2769278554088,14.179848396316494,18.379480398978444,57.810804553469026,75.13948406746765,14.11498289596196,18.345922368936648,12,4096,114,103,113,0,4,52.9372478518635,0.6859529176726937,33.77734375,38.58984375,
grid,12,38,grid_k12_N144_seed38,ok,144,264,3.6666666666666665,0,143,0,22,24,23.243446707725525,2.495720863342285,9.31331987047532,4.37336025904936,0.19014609821953743,1.000887393951416,1.2478604316711426,ok,ok,705432,5917592518656,23.243446707725525,9023365896589940099947264638151,2572059388920651749690090301644,173791445220258777836472650296,9023365896589940099947264638151,11769216730730850627473827590091,2539851705594380986081114386957324708065837056,2914066369640784160076639492714963770206584832,58.07647450085038,75.2769278554088,13.279599909629788,17.212606187575272,57.810804553469026,75.13948406746765,13.218852582255687,17.18117868565458,12,4096,114,103,113,0,4,49.98918399401009,0.5891550099477172,33.4296875,38.2421875,
grid,12,39,grid_k12_N144_seed39,ok,144,264,3.6666666666666665,0,143,0,22,24,23.430163979530334,2.498366117477417,9.37819473920324,4.243610521593521,0.1845048052866748,1.0013848543167114,1.2491830587387085,ok,ok,705432,5917592518656,23.430163979530334,9023365896589940099947264638151,2572059388920651749690090301644,173791445220258777836472650296,9023365896589940099947264638151,11769216730730850627473827590091,2539851705594380986081114386957324708065837056,2914066369640784160076639492714963770206584832,58.07647450085038,75.2769278554088,13.685627888169636,17.73888708032082,57.810804553469026,75.13948406746765,13.62302319199653,17.706498672562432,12,4096,114,103,113,0,4,66.27320809010416,0.9936963459476829,33.78125,38.59375,
grid,12,40,grid_k12_N144_seed40,ok,144,264,3.6666666666666665,0,143,0,22,24,23.550260424613953,2.4993929862976074,9.42239197826163,4.155216043476742,0.18066156710768444,1.0010384321212769,1.2496964931488037,ok,ok,705432,5917592518656,23.550260424613953,9023365896589940099947264638151,2572059388920651749690090301644,173791445220258777836472650296,9023365896589940099947264638151,11769216730730850627473827590091,2539851705594380986081114386957324708065837056,2914066369640784160076639492714963770206584832,58.07647450085038,75.2769278554088,13.976764118444438,18.116248846696134,57.810804553469026,75.13948406746765,13.912827624023544,18.0831714359182,12,4096,114,103,113,0,4,80.57570384815335,0.9443856785073876,33.70703125,38.51953125,
mtn_knn,140,1,mtnknn_N140_seed1,CENSORED,140,334,4.771428571428571,0,139,0,19,21,8.945791268721223,5.803818225860596,1.541363102803712,16.917273794392575,0.8458636897196288,0.005972717888653278,2.901909112930298,WALL,ok,,,,3393067706945219577260981647140,610682705807021742517387637102,25971127428358675506521499160,3393067706945219577260981647140,4029721540180599995284890783402,14922869590470072471423858105674252219842560,16294330618897066247245838598225600419201024,,,,,,,,,10,1024,111,102,110,0,4,120.00005300715566,0.3321427060291171,57.3515625,57.76953125,exceeded the declared 120s per-count wall
mtn_knn,140,2,mtnknn_N140_seed2,CENSORED,140,343,4.9,0,139,0,20,22,14.077300105243921,7.712258338928223,1.8253149060357141,17.34937018792857,0.8261604851394558,0.0067520770244300365,3.8561291694641113,WALL,ok,,,,44993810392262929602464887150572,8418555225756100868877025825910,373365582737071283493332702639,44993810392262929602464887150572,53785731200756101754835245679121,791539483267867500854218634444953058071805952,867231957344736522077164046467167178287218688,,,,,,,,,12,1440,116,106,115,0,4,120.00004521757364,0.37285785377025604,57.74609375,59.69140625,exceeded the declared 120s per-count wall
mtn_knn,140,3,mtnknn_N140_seed3,CENSORED,140,335,4.785714285714286,0,139,0,18,20,17.641137570142746,8.577436447143555,2.0566911429600356,14.886617714079929,0.783506195477891,0.024702997878193855,4.288718223571777,WALL,ok,,,,421317500106155317061160881864,70381831340160229634547346221,2773137929402968048176963165,421317500106155317061160881864,494472469375718514743885191250,463243490352233885458994385766502277054464,502698585673272924174688131480412038889472,,,,,,,,,12,4096,107,99,106,0,4,120.00006606802344,0.7215461572632194,57.6015625,60.4296875,exceeded the declared 120s per-count wall
mtn_knn,140,4,mtnknn_N140_seed4,CENSORED,140,347,4.957142857142857,0,139,0,22,24,6.7927797846496105,11.473993301391602,0.5920153172675952,21.81596936546481,0.9485204071941221,0.007261931896209717,5.736996650695801,WALL,ok,,,,2702566486900084982698155176935759,581939996654436668329817681322200,29737673749314563474795216031821,2702566486900084982698155176935759,3314244157303836214502768074289780,760704838959200824217390437136608683487242747904,844698215218358570866073643202731012253598875648,,,,,,,,,10,1024,124,112,123,0,4,120.00006694439799,0.408432187512517,57.5234375,58.1640625,exceeded the declared 120s per-count wall
mtn_knn,140,5,mtnknn_N140_seed5,CENSORED,140,343,4.9,0,139,0,19,21,14.485208671540022,9.143115043640137,1.5842750093815996,16.8314499812368,0.8415724990618401,0.006046089809387922,4.571557521820068,WALL,ok,,,,5815741580773097600623014203897,996364592416360633502645925095,40379104769121697399680835439,5815741580773097600623014203897,6852485277958579931525340964431,25577901968801583709482921196217436930572288,27813328173746585282205365941062197043003392,,,,,,,,,11,1792,112,103,111,0,4,120.00004908721894,0.3287562970072031,57.56640625,58.2109375,exceeded the declared 120s per-count wall
mtn_knn,140,6,mtnknn_N140_seed6,CENSORED,140,339,4.8428571428571425,0,139,0,21,23,4.4697569608688354,13.748550415039062,0.3251075077689298,21.34978498446214,0.9704447720210064,0.00711912102997303,6.874275207519531,WALL,ok,,,,241122328906524666853640935168239,49564736616535530054990475367530,2414499365894155819526096192848,241122328906524666853640935168239,293101564888954352728157506728617,16967475478345791654357942846659670227546013696,18753855935995868227475632735251141350783975424,,,,,,,,,8,256,119,108,118,0,4,120.00005539972335,0.33367272559553385,57.66015625,57.66015625,exceeded the declared 120s per-count wall
mtn_knn,140,7,mtnknn_N140_seed7,CENSORED,140,346,4.942857142857143,0,139,0,17,19,9.94155802205205,6.421426773071289,1.5481852201044606,14.903629559791078,0.8279794199883933,0.03612668812274933,3.2107133865356445,WALL,ok,,,,85864383188453899873893652731,12949342798595589116414715472,459560696635907514366291841,85864383188453899873893652731,99273286683685396504674660044,23602221931879789104770032810344069464064,25413546824870197744181126459506582093824,,,,,,,,,11,1536,104,97,103,0,4,120.00004870444536,0.31493154913187027,57.50390625,57.9296875,exceeded the declared 120s per-count wall
mtn_knn,140,8,mtnknn_N140_seed8,ok,140,334,4.771428571428571,0,139,0,17,19,9.967571057379246,11.6015625,0.8591576399626555,16.28168472007469,0.9045380400041494,0.012056106701493263,5.80078125,ok,ok,29112,7631536128,9.967571057379246,45164770380068658753756743410,6828283158507883281732404916,243301863019098140820072050,45164770380068658753756743410,52236355401595640176309220376,12414797549679640293246037125466465239040,13369989217711012837961049585473072136192,55.846670487649675,69.63827622205638,3.430030211725749,4.277092783659855,55.70120913811239,69.5641527493113,3.421096163926755,4.272540215911525,10,768,103,96,102,0,4,39.22515677474439,0.36116311606019735,57.53125,57.734375,
mtn_knn,140,9,mtnknn_N140_seed9,CENSORED,140,351,5.014285714285714,0,139,0,21,23,8.93711318820715,11.890151977539062,0.7516399458215242,20.496720108356953,0.9316690958344069,0.0040121725760400295,5.945075988769531,WALL,ok,,,,515373080551786022254125460313581,98590532550329911198414721536797,4481253541231934253402746166135,515373080551786022254125460313581,618444866643347867705942928016513,36266156461403252325931369318445486893416054784,39813837489099713045587255198114710968281858048,,,,,,,,,10,704,120,109,119,0,4,120.00004731304944,0.28651140723377466,57.55859375,57.7578125,exceeded the declared 120s per-count wall
mtn_knn,140,10,mtnknn_N140_seed10,CENSORED,140,349,4.985714285714286,0,139,0,19,21,8.8812361843884,8.572037696838379,1.0360705935374108,17.92785881292518,0.896392940646259,0.013748140074312687,4.2860188484191895,WALL,ok,,,,7823814185581136301859685576213,1320437324987903336213543716489,52747314654125157577321861632,7823814185581136301859685576213,9196998825223164795650551154334,34409498682421099695109871135414016542769152,37371167353364543138969933716188001585856512,,,,,,,,,9,512,113,103,112,0,4,120.0000432273373,0.304692966863513,57.375,58.671875,exceeded the declared 120s per-count wall
mtn_knn,140,11,mtnknn_N140_seed11,ok,140,335,4.785714285714286,0,139,0,19,21,9.060361333191395,6.673542499542236,1.3576539497295297,17.28469210054094,0.8642346050270471,0.021138403564691544,3.336771249771118,ok,ok,9332,9785311232,9.060361333191395,3628059023414564879127081609124,627436511949176719680128584485,25691739489716839972251583736,3628059023414564879127081609124,4281187274853458438779461777345,15956372330007812511663112744049290453712896,17364368177473217953271486453490831958474752,61.390578528472,76.55884596211644,3.551731102375305,4.429286070980718,61.225045957657976,76.47428392997678,3.5421542716252308,4.424393763287426,8,256,111,102,110,0,4,100.12202215753496,0.22460716869682074,57.62890625,57.62890625,
mtn_knn,140,12,mtnknn_N140_seed12,ok,140,347,4.957142857142857,0,139,0,17,19,7.140819676220417,9.676193237304688,0.7379782008373262,16.52404359832535,0.918002422129186,0.010786621831357479,4.838096618652344,ok,ok,520,136314880,7.140819676220417,88705162114150274829158515854,13411648671057526545126364892,476913720552030066401762104,88705162114150274829158515854,102593724505759831440686642850,24383089297065833550121460018740960690176,26259145516074674009218155817628277407744,60.54674546546859,74.33835489408588,3.664160355495841,4.498799246790888,60.40128678433966,74.26423039553856,3.6553575052574363,4.494313389675694,12,2400,104,97,103,0,4,17.73111433070153,0.5804752735421062,57.59765625,62.1484375,
mtn_knn,140,13,mtnknn_N140_seed13,ok,140,341,4.871428571428571,0,139,0,18,20,10.797184325754642,6.943020343780518,1.5551134507947457,15.889773098410508,0.8363038472847636,0.0029773260466754436,3.471510171890259,ok,ok,78660,41240494080,10.797184325754642,606536378998533891080757918386,99908901714221820291352016030,3880147252879672983592613820,606536378998533891080757918386,710325427965635384355702548236,666893801378038859299707226716392218689536,722885867710103150484961448917294179680256,57.462630679126235,71.94138350051857,3.6163279565568094,4.5275274262862215,57.30467217329942,71.86076296505829,3.606387065340269,4.52245368892314,10,1024,108,99,107,0,4,71.8242921801284,0.3303201077505946,57.765625,57.96875,
mtn_knn,140,14,mtnknn_N140_seed14,ok,140,340,4.857142857142857,0,139,0,15,17,13.700724743306637,11.740699768066406,1.1669427729147213,13.666114454170557,0.8541321533856598,0.009033060632646084,5.870349884033203,ok,ok,200,13107200,13.700724743306637,528922643252721905846916928,68429432647605241545548683,2073652169144762323123524,528922643252721905846916928,599425728069471909715589135,9086821819537262594381197552755146752,9683532438397617219161330248625160192,56.359696942309284,68.77481784832145,4.124046899454271,5.032507087435748,56.234567054437974,68.71121630451698,4.1148906840361335,5.027853127890937,13,8192,96,89,95,1,4,5.785078071989119,0.5860179355368018,57.4765625,62.92578125,
mtn_knn,140,15,mtnknn_N140_seed15,ok,140,344,4.914285714285715,0,139,0,14,16,17.400411069393158,11.08011245727539,1.5704182729632632,11.859163454073474,0.7906108969382316,0.012586583383381367,5.540056228637695,ok,ok,56,1835008,17.400411069393158,54153499754359852892517788,6545562265448141228974416,184150466575814381415355,54153499754359852892517788,60883212486383808502907559,232587510408919601588734902558261248,246841728398806886238138439707918336,55.34564802079938,67.07149602519932,4.666909958289582,5.655668402324036,55.228513143216574,67.01201521273565,4.657032796377073,5.650652802978094,9,320,92,86,91,1,4,1.3595283729955554,0.3736393032595515,57.546875,57.546875,
mtn_knn,140,16,mtnknn_N140_seed16,CENSORED,140,347,4.957142857142857,0,139,0,21,23,14.23623114824295,6.748492240905762,2.109542493351405,17.78091501329719,0.8082234096953268,0.018679684028029442,3.374246120452881,WALL,ok,,,,411935329491633345727777714187766,77282960482227861934678987890660,3454818603612482292751849701113,411935329491633345727777714187766,492673108577473689955208551779539,28987371818738475426183030393963973399359258624,31767302068096140138328530041174744476525002752,,,,,,,,,10,896,120,109,119,0,4,120.00004109367728,0.2856600917875767,57.36328125,57.5625,exceeded the declared 120s per-count wall
mtn_knn,140,17,mtnknn_N140_seed17,ok,140,341,4.871428571428571,0,139,0,16,18,11.209522068500519,8.705021858215332,1.2877075153948723,14.424584969210255,0.8485049981888386,0.027599869295954704,4.352510929107666,ok,ok,471,61734912,11.209522068500519,6411903338385215563346971293,887313646035027941056880444,28865114521951368824920549,6411903338385215563346971293,7328082098942194873228772286,440622642295643556711767328065373339648,471606405915231580542873336358482477056,58.00665324759015,71.11084793618674,4.02137415886885,4.929836670377356,57.87309557634501,71.04289200698398,4.012115128433644,4.925125551870458,8,224,100,93,99,1,4,8.448550957255065,0.26775349397212267,57.578125,57.578125,
mtn_knn,140,18,mtnknn_N140_seed18,ok,140,338,4.828571428571428,0,139,0,16,18,14.055727265775204,5.497427463531494,2.556782669533568,11.886434660932863,0.6992020388784037,0.021489117294549942,2.748713731765747,ok,ok,113,14811136,14.055727265775204,5546142308200572726474571414,771045453910494459163278487,25206808233957882754867394,5546142308200572726474571414,6342394570345025068392717295,381127997322934599498845401579943624704,408053967057140562097503541954573500416,59.28966608175162,72.39357289741008,4.988010936249784,6.090436279883487,59.155512298601906,72.32530872924087,4.976724643347285,6.084693248426495,10,1024,100,93,99,1,4,8.584444536827505,0.40082309022545815,57.52734375,57.73046875,
mtn_knn,140,19,mtnknn_N140_seed19,CENSORED,140,341,4.871428571428571,0,139,0,20,22,17.84150691330433,8.467825889587402,2.1069761171215653,16.78604776575687,0.7993356078931843,0.010315153747797012,4.233912944793701,WALL,ok,,,,38891637342946695803023437381576,7403824639693355112900368610523,333559777346944254908736840213,38891637342946695803023437381576,46629021759986995170832542832312,684188919709075024876528113563126959876079616,750780661374938760763592232828885890395799552,,,,,,,,,7,128,116,105,115,0,4,120.00007939897478,0.3644991321489215,57.44140625,57.44140625,exceeded the declared 120s per-count wall
mtn_knn,140,20,mtnknn_N140_seed20,ok,140,342,4.885714285714286,0,139,0,16,18,14.361943393945694,11.083505630493164,1.2957942976482844,14.40841140470343,0.8475536120413782,0.009447939693927765,5.541752815246582,ok,ok,920,120586240,14.361943393945694,6574959268480337803471513321,914282477413151986415057698,29851396716990979053009214,6574959268480337803471513321,7519093142610480768939580233,451827760490482151759081999701173600256,483755110299402515544761654958144618496,57.362869378748044,70.46676641643809,3.9812070718651684,4.890668682144596,57.22869222393285,70.3984886545718,3.971894653511304,4.885929938923813,12,4096,100,93,99,1,4,10.516114278696477,0.40642013121396303,57.56640625,60.16796875,
mtn_knn,140,21,mtnknn_N140_seed21,ok,140,343,4.9,0,139,0,16,18,12.144593007862568,7.163455009460449,1.6953541261617133,13.609291747676574,0.8005465733927396,0.019219333305954933,3.5817275047302246,ok,ok,100,13107200,12.144593007862568,7080132338325451383265695768,999284628332003718693788594,33093594483865182851501128,7080132338325451383265695768,8112510561141320284810985490,486542989511357137529026000035929653248,521446691520070053384628676309540667392,59.65803470871611,72.76099814005632,4.38362523302516,5.346420628573734,59.52191992423595,72.69171635487491,4.373623626255036,5.341329857763179,10,1024,100,93,99,1,4,12.533263782970607,0.3249326841905713,57.578125,57.78515625,
mtn_knn,140,22,mtnknn_N140_seed22,CENSORED,140,341,4.871428571428571,0,139,0,19,21,11.345886941999197,8.200902938842773,1.3834924064593563,17.233015187081286,0.8616507593540643,0.013950311578810215,4.100451469421387,WALL,ok,,,,4957439029982894162297185139352,876461849936195227666180646882,36629005055326818044819015594,4957439029982894162297185139352,5870529884974416208008184801828,21803047429827065719291623840127019655364608,23770681437413083954962479750882289480892416,,,,,,,,,11,1600,112,102,111,0,4,120.00008570123464,0.3193088211119175,57.6796875,58.3203125,exceeded the declared 120s per-count wall
mtn_knn,140,23,mtnknn_N140_seed23,ok,140,343,4.9,0,139,0,16,18,11.506510451436043,7.933313846588135,1.4504040397172269,14.099191920565547,0.8293642306215028,0.011060094460844994,3.9666569232940674,ok,ok,1584,207618048,11.506510451436043,7071654071743486944561954059,996911825748439688438468912,32984746860914724293056306,7071654071743486944561954059,8101550644352841357293479277,485960367468216226046344923668151271424,520780670613035689131252284167599161344,56.89414441939584,69.99718168129947,4.0352769676401214,4.964623651884565,56.75818334740917,69.92797977804814,4.025633785764687,4.959715434190869,8,192,100,93,99,1,4,13.405374377965927,0.308556224219501,57.60546875,57.60546875,
mtn_knn,140,24,mtnknn_N140_seed24,ok,140,341,4.871428571428571,0,139,0,18,20,18.454706512391567,8.37506103515625,2.203530987406979,14.592938025186042,0.7680493697466337,0.04419594258069992,4.187530517578125,ok,ok,2436,1277165568,18.454706512391567,548228720741160928677780004216,88556287769143361354671453341,3377787817233315861955830143,548228720741160928677780004216,640162796327537605894407287700,602783853135667985854477731837558302703616,652396666438395370605606476727765398716416,60.83340739527857,75.31356232834307,4.1686881209449265,5.160959513317944,60.67837745549659,75.23446824725542,4.158064493302953,5.155539488854663,9,320,108,99,107,0,4,79.3396665584296,0.3197418265044689,57.5625,57.5625,
mtn_knn,140,25,mtnknn_N140_seed25,CENSORED,140,351,5.014285714285714,0,139,0,20,22,18.09254940599203,14.35758113861084,1.260139102215275,18.47972179556945,0.8799867521699738,0.0038153501227498055,7.17879056930542,WALL,ok,,,,68018712446496827267667111905940,12712761481547273383870528834178,562174698322451436669603213580,68018712446496827267667111905940,81293648626366552088207243953698,1196597843860406365726274698652813427254231040,1310892946891826974552063638369074943711248384,,,,,,,,,11,2048,117,106,116,0,4,120.00011616013944,0.3282118020579219,57.59765625,58.9375,exceeded the declared 120s per-count wall
mtn_knn,140,26,mtnknn_N140_seed26,ok,140,340,4.857142857142857,0,139,0,18,20,9.88199757039547,12.059619903564453,0.8194286096425523,17.361142780714896,0.9137443568797313,0.0028175730258226395,6.029809951782227,ok,ok,26181,13726384128,9.88199757039547,555887149448889369418287828233,91968112932456139218003801649,3587739249522972619774130242,555887149448889369418287828233,651443001630868481256065760124,611204384550308931884443844243353719799808,662750579582804567135268293348536843501568,58.47619817984192,72.95463167997812,3.368222870950549,4.2021791192811095,58.31757358004037,72.87366437179922,3.3590861106689758,4.197515410837399,10,1024,108,99,107,0,4,73.69911755807698,0.29684374015778303,57.6484375,58.078125,
mtn_knn,140,27,mtnknn_N140_seed27,ok,140,342,4.885714285714286,0,139,0,15,17,13.781297385692596,8.020322799682617,1.7182970972487484,12.563405805502503,0.7852128628439065,0.015109050087630749,4.010161399841309,ok,ok,24,1572864,13.781297385692596,595602096093979068816025784,76297807987206517019216131,2290479505363611411235871,595602096093979068816025784,674190383586549197246477786,10232366096610757772293456731891040256,10897596811301531893884368577179418624,58.597500940764114,71.01319691737787,4.664141383946991,5.652384235354048,58.47356122161096,70.95021047168997,4.654276246971246,5.6473707504230495,12,3072,96,89,95,1,4,3.0761860450729728,0.3774667726829648,57.2890625,58.72265625,
mtn_knn,140,28,mtnknn_N140_seed28,CENSORED,140,340,4.857142857142857,0,139,0,19,21,12.609673291444778,6.412211894989014,1.9665091388041822,16.066981722391635,0.8033490861195818,0.012671170756220818,3.206105947494507,WALL,ok,,,,5004329742296396427863455661883,853787966633812769855440730395,34492751972312765861444796194,5004329742296396427863455661883,5892610460902521963580341188472,22009274963520645730636559586645523229048832,23924699739326406482122203320760946357436416,,,,,,,,,9,352,112,102,111,0,4,120.00011339597404,0.2572461823001504,57.6875,57.6875,exceeded the declared 120s per-count wall
mtn_knn,140,29,mtnknn_N140_seed29,ok,140,341,4.871428571428571,0,139,0,15,17,6.982309725135565,8.34343433380127,0.8368627888456603,14.326274422308678,0.8953921513942924,0.01883251592516899,4.171717166900635,ok,ok,315,20643840,6.982309725135565,582567401105249064276419148,74824838813241544393729683,2251208206876578523928813,582567401105249064276419148,659643448125367187194077644,10008431741851035940007288578592735232,10660841078738745416915141055758729216,56.00116905196199,68.41671313607065,3.908983410561907,4.775610959226991,55.87691448182936,68.35356373190837,3.9003102156704883,4.771203016010159,11,2048,96,89,95,1,4,6.292565876618028,0.44480051193386316,57.671875,58.30859375,
mtn_knn,140,30,mtnknn_N140_seed30,ok,140,344,4.914285714285715,0,139,0,15,17,16.618438594043255,7.814878940582275,2.126512607603495,11.74697478479301,0.7341859240495632,0.004801932722330093,3.9074394702911377,ok,ok,164,10747904,16.618438594043255,656503585003858621450836490,83641176109303095729920641,2496923282873474392456736,656503585003858621450836490,742641684396035191573213867,11278645709193315251755947185573724160,12007842145010744416200575139329343488,56.7723894772412,69.18840197942852,4.832937034200126,5.889891078083868,56.64910395854356,69.12575320862258,4.822441947511319,5.884557894693789,10,768,96,90,95,1,4,2.6770089184865355,0.2593776984140277,57.5546875,57.5546875,
mtn_knn,140,31,mtnknn_N140_seed31,ok,140,334,4.771428571428571,0,139,0,18,20,14.678381375968456,6.61577033996582,2.2186957257715645,14.562608548456872,0.7664530814977301,0.009717700071632862,3.30788516998291,ok,ok,437,229113856,14.678381375968456,392963461974342482798172519328,65534647646804403626457849424,2580469384301530877118119807,392963461974342482798172519328,461078579005448417301748488559,432067895731901582008727946004400101654528,468805263310123718065610956980222162894848,62.22343279758884,76.70127646643036,4.27282190484907,5.267001183971124,62.06358095121527,76.6196717429741,4.261845035846401,5.261397467907157,11,1408,107,99,106,0,4,102.79400789365172,0.2810095548629761,57.33203125,57.74609375,
mtn_knn,140,32,mtnknn_N140_seed32,CENSORED,140,351,5.014285714285714,0,139,0,21,23,18.48831395432353,9.237042427062988,2.0015404389781586,17.996919122043682,0.8180417782747129,0.013381284661591053,4.618521213531494,WALL,ok,,,,524114565577825350733710516901918,103980541051844432670692303451920,4893602670212700944494634189505,524114565577825350733710516901918,632988709299882484348897454543343,36881283784933494361309450646732686125854359552,40625862999901492340019579397739267100426371072,,,,,,,,,11,1536,120,109,119,0,4,120.00006231386214,0.29165396373718977,57.51953125,58.3671875,exceeded the declared 120s per-count wall
mtn_knn,140,33,mtnknn_N140_seed33,CENSORED,140,350,5.0,0,139,0,19,21,2.647178653627634,8.37701416015625,0.316005035089765,19.36798992982047,0.9683994964910235,0.001917253015562892,4.188507080078125,WALL,ok,,,,8675474011692662520599024275124,1516937380690194989419436768084,62574530049960916121136544628,8675474011692662520599024275124,10254985922432818426139597587836,38155138209298336900237041245355710816976896,41559720210044763820085380323717090054766592,,,,,,,,,8,256,113,103,112,0,4,120.00004203710705,0.23618738166987896,57.26171875,57.26171875,exceeded the declared 120s per-count wall
mtn_knn,140,34,mtnknn_N140_seed34,ok,140,343,4.9,0,139,0,15,17,8.779983341693878,9.239972114562988,0.9502175150351235,14.099564969929753,0.8812228106206096,0.004374598618596792,4.619986057281494,ok,ok,20,1310720,8.779983341693878,637186722764323082803537305,83571162734669006953622073,2561272792787365623974180,637186722764323082803537305,723319158291779455381133558,10946784542872745424876370872363909120,11675655947422096365414541393569775616,58.85016051914584,71.2644821711826,4.173899027711565,5.054374537311534,58.72337269927998,71.20002194935898,4.164906706307588,5.049802749319415,10,640,96,90,95,1,4,8.564241993241012,0.4193910202011466,57.67578125,57.67578125,
mtn_knn,140,35,mtnknn_N140_seed35,ok,140,338,4.828571428571428,0,139,0,16,18,13.106435675173998,4.8915228843688965,2.679418247649676,11.641163504700648,0.6847743238059205,0.023346062749624252,2.4457614421844482,ok,ok,2876,376963072,13.106435675173998,5407469684627568061487304231,777420467210297390141108945,26201448985030388198159077,5407469684627568061487304231,6211091600822895839826572253,371598487193389420225633420661558870016,398760588514657633029864257025625554944,56.03197845362689,69.13376676744087,4.813262731942682,5.938733421236201,55.893423064656155,69.0632194952951,4.801360537723454,5.9326732647821405,10,768,100,93,99,1,4,12.253801615908742,0.32218977622687817,57.45703125,57.45703125,
mtn_knn,140,36,mtnknn_N140_seed36,ok,140,338,4.828571428571428,0,139,0,18,20,9.517975643277168,8.212813377380371,1.1589178039149726,16.682164392170055,0.8780086522194765,0.021067004650831223,4.1064066886901855,ok,ok,31078,16293822464,9.517975643277168,500685429677066881120929307578,82935088055188095200130564233,3241206923769802929888901572,500685429677066881120929307578,586861724656024779250948773383,550509451787957784478492466476911352086528,596994434796788907207607891103255520870400,58.20033128780482,72.67867453518286,3.4887757918943505,4.356669364156089,58.04152007749905,72.59761086925789,3.479255971409887,4.351810062687808,10,768,108,99,107,0,4,98.44342769589275,0.306279213167727,57.3671875,57.65234375,
mtn_knn,140,37,mtnknn_N140_seed37,ok,140,349,4.985714285714286,0,139,0,17,19,7.350631318986416,6.651084899902344,1.105177791234381,15.789644417531239,0.8772024676406244,0.009675076231360435,3.325542449951172,ok,ok,4182,1096286208,7.350631318986416,93024844522269964213833658331,14073133015420306412501461244,500580083516212178649814610,93024844522269964213833658331,107598557621206482804984934185,25570474556072591358816378452203708350464,27539070831187907190257715834232443502592,58.50965987348113,72.30123025054947,3.7055717232313263,4.579028402328897,58.36411923372769,72.22706284492659,3.6963542490498407,4.574331184097654,12,1536,105,97,104,0,4,75.21565463021398,0.44121980573982,57.69140625,58.33203125,
mtn_knn,140,38,mtnknn_N140_seed38,CENSORED,140,354,5.057142857142857,0,139,0,21,23,9.799852903932333,7.099251747131348,1.380406450284319,19.239187099431362,0.8745085045196074,0.0010000000474974513,3.549625873565674,WALL,ok,,,,630944188932948700385395536059898,123622752144765281470838487353310,5749578066528772323905312398060,630944188932948700385395536059898,760316519144242754180139335811268,44398750221406368645135997721012643546657718272,48849486778536512276091212149219678441179185152,,,,,,,,,10,512,121,109,120,0,4,120.00008345674723,0.2733704261481762,57.453125,57.453125,exceeded the declared 120s per-count wall
mtn_knn,140,39,mtnknn_N140_seed39,CENSORED,140,342,4.885714285714286,0,139,0,23,25,30.999548234045506,8.078937530517578,3.8370823040711786,16.325835391857645,0.6802431413274017,0.008915773592889309,4.039468765258789,WALL,ok,,,,12194209276967611027450129444901763,2826120427560174155928791827333018,155715612908003756344391141732091,12194209276967611027450129444901763,15176045317435788939723312413966872,13729459088957294618646220436096865014315181146112,15364253500532078896106078222445775298994240487424,,,,,,,,,9,300,127,114,126,0,4,120.00012452714145,0.234761917963624,57.76171875,57.76171875,exceeded the declared 120s per-count wall
mtn_knn,140,40,mtnknn_N140_seed40,ok,140,348,4.9714285714285715,0,139,0,15,17,10.720371827483177,6.927334308624268,1.5475464803447876,12.904907039310425,0.8065566899569016,0.008250041864812374,3.463667154312134,ok,ok,52,3407872,10.720371827483177,790299474822044969366220162,102224386327018612552059445,3091735611440811776896185,790299474822044969366220162,895615596760504393695175792,13577241593626634253076949771703287808,14468621289222080107287191362111275008,58.108309812721906,70.52344699571472,4.502807314745828,5.464855095886312,57.98321046895651,70.45985971903552,4.493113378680707,5.459927723958293,13,5376,96,90,95,1,4,10.310460637323558,0.5224196007475257,57.66796875,60.5,
