family,size,seed,label,status,N,E,s,t,terminal_fallback,L,m,wstar,wmax,lightsum_m,lightsum_m_minus_1,girth,girth_exact,cert_sharp_margin,cert_pure_margin,cert39_margin,rho,gamma,gamma_threshold,gamma_sharp,gamma_sharp_threshold,cycle_cert,cycle_bound,cycle_note,cycle_witness_delta,pure_status,delta_min_pure,delta_both_aux,delta_one_aux_S,delta_one_aux_T,delta_aux_free,argmin_subcase,dfs_nodes,witness_subcase,witness_walk,witness_weights,verdict,verdict_note,censor_note,cycle_wall_s,pure_wall_s,total_wall_s,cycle_rss_mib,pure_rss_mib,peak_rss_mib
sparse,20,1,sparse_N20_seed1,ok,20,42,0,19,0,4,6,1.1047071162611246,0.9628645777702332,0.3894003573805094,0.2712951321154833,0.7332618031650782,1,-0.8334119841456413,-0.8211527988314629,-1.6781713366508484,0.14341413395061292,0.2349946283792292,1.2477344529284486,0.1964648389583514,0.8,OPEN,-0.37144531309604645,"neither certificate fires -- constructive search, then UNDETERMINED",,witness,-0.014920980669558048,,,,,,,one_aux_S,0 17 5 6 15 10,0.601823449 0.276313007 0.154353634 0.0459871814 0.0226177294,WITNESS,pure-path one_aux_S,,0.00010442733764648438,5.91278076171875e-05,0.007698535919189453,35.265625,35.265625,35.265625
sparse,20,2,sparse_N20_seed2,ok,20,47,0,19,0,6,8,0.9533780571073294,0.988982617855072,0.8320573773235083,0.6729060169309378,0.3545418307185173,1,-0.2804720401763916,-0.2802700772881508,-1.1103032976388931,0.08033323335643631,0.6545598866477559,1.5280092670077057,0.6049820232813177,0.8571428571428571,OPEN,-0.2804720401763916,"neither certificate fires -- constructive search, then UNDETERMINED",,witness,-0.048125073313713074,,,,,,,one_aux_S,0 12 2 14 6 18 5 19,0.283130765 0.265226394 0.0117638018 0.150738984 0.044651486 0.0653773695 0.168728366,WITNESS,pure-path one_aux_S,,0.00011730194091796875,0.00013446807861328125,0.012935161590576172,35.375,35.375,35.375
sparse,20,3,sparse_N20_seed3,ok,20,42,0,19,0,3,5,0.5259551480412483,0.9624443650245667,0.4757757857441902,0.34009817987680435,0.8954604715108871,1,-0.18585696816444397,-0.18535824865102768,-1.0126237273216248,0.0910797491530542,0.5427563025281509,1.6979389044205189,0.48497221836794147,0.75,GIRTH,0.3695053234696388,bracket >= 0 and every cycle weighs >= girth,,ok,0.036245279014110565,1.2284474596381187,0.036245279014110565,0.17828574776649475,0.07513424381613731,one_aux_S,112,,,,CERTIFIED,GIRTH,,0.0001709461212158203,0.00015211105346679688,0.01297307014465332,35.65234375,35.65234375,35.65234375
sparse,20,4,sparse_N20_seed4,ok,20,39,0,19,0,3,5,1.4198055565357208,0.9936162829399109,0.8872402757406235,0.6632972806692123,1.0662612617015839,1,-0.7565082758665085,-0.7564602345228195,-1.5261815637350082,0.2381545708192975,0.3749415988646195,1.0198953631499943,0.3503810491598068,0.75,OPEN,-0.35354429483413696,"neither certificate fires -- constructive search, then UNDETERMINED",,witness,-0.08304978162050247,,,,,,,one_aux_S,0 4 15 17 2,0.824909389 0.139224797 0.319735557 0.105772063,WITNESS,pure-path one_aux_S,,0.00011372566223144531,5.984306335449219e-05,0.010100841522216797,35.15234375,35.15234375,35.15234375
sparse,20,5,sparse_N20_seed5,ok,20,45,0,4,1,3,5,0.42801838170271367,0.9810306429862976,0.1656167971668765,0.10518928791861981,0.40288007259368896,1,-0.32282909378409386,-0.3226140830665827,-1.2434322275221348,0.07271576832024468,0.23216310922166145,1.9752175396070064,0.1843191071026487,0.75,OPEN,-0.025138309109024704,"neither certificate fires -- constructive search, then UNDETERMINED",,witness,-0.06408203847240657,,,,,,,one_aux_T,4 14 18 11 13,0.104421206 0.11335589 0.133605078 0.0251083393,WITNESS,pure-path one_aux_T,,9.72747802734375e-05,6.222724914550781e-05,0.00814676284790039,35.640625,35.640625,35.640625
sparse,20,6,sparse_N20_seed6,ok,20,45,0,1,1,3,5,0.8361988589167595,0.9860262274742126,0.5436666645109653,0.3874626196920872,0.46672090515494347,1,-0.4487362392246723,-0.4450523518025875,-1.2785584218800068,0.14134155117062686,0.39009859344839315,1.3075060318199032,0.34752136010507667,0.75,OPEN,-0.369477953761816,"neither certificate fires -- constructive search, then UNDETERMINED",,witness,-0.18456045165657997,,,,,,,one_aux_S,0 13 17 5 11,0.256127417 0.25983882 0.0575701483 0.156204045,WITNESS,pure-path one_aux_S,,0.00011086463928222656,9.393692016601562e-05,0.014012575149536133,35.484375,35.484375,35.484375
sparse,20,7,sparse_N20_seed7,ok,20,46,0,10,1,3,5,0.8624389916658401,0.9600709080696106,0.3144430611282587,0.21334409154951572,0.7103268578648567,1,-0.6490949001163244,-0.6466682534664869,-1.508066838607192,0.14971793305696618,0.21875847277328983,1.267922659351375,0.18552972466269635,0.75,OPEN,-0.15211213380098343,"neither certificate fires -- constructive search, then UNDETERMINED",,witness,-0.12264197319746017,,,,,,,one_aux_S,0 19 16 18 17,0.191252679 0.380584776 0.10109897 0.133721188,WITNESS,pure-path one_aux_S,,0.00014901161193847656,8.630752563476562e-05,0.014043807983398438,35.48828125,35.48828125,35.48828125
sparse,20,8,sparse_N20_seed8,ok,20,45,0,19,0,3,5,0.6121490746736526,0.9611704349517822,0.3002449283376336,0.19397056940943003,0.8526412770152092,1,-0.4181785052642226,-0.40509559493511915,-1.2730745812878013,0.10614646692088511,0.2942860888887558,1.5420944747462362,0.2376511426316038,0.75,GIRTH,0.24049220234155655,bracket >= 0 and every cycle weighs >= girth,,witness,-0.03325891634449363,,,,,,,aux_free,7 15 1 18 8 12,0.106274359 0.273424029 0.0385600664 0.206767768 0.0140022309,WITNESS,pure-path aux_free,,0.00010251998901367188,9.465217590332031e-05,0.007413625717163086,35.76171875,35.76171875,35.76171875
sparse,20,9,sparse_N20_seed9,ok,20,43,0,7,1,3,5,0.8067222386598587,0.9913260340690613,0.4138658605515957,0.2823319844901562,0.22190938517451286,1,-0.5243902541697025,-0.52287233248353,-1.3841824121773243,0.13563015781137347,0.3078129056457774,1.337299149493538,0.2624806633809653,0.75,OPEN,-0.5243902541697025,"neither certificate fires -- constructive search, then UNDETERMINED",,witness,-0.14563678577542305,,,,,,,one_aux_S,0 12 19 17 3,0.263402075 0.349899322 0.0218871497 0.0517938137,WITNESS,pure-path one_aux_S,,5.054473876953125e-05,5.841255187988281e-05,0.008220434188842773,35.4140625,35.4140625,35.4140625
sparse,20,10,sparse_N20_seed10,ok,20,41,0,2,1,3,5,1.031369898468256,0.980786144733429,0.43609708920121193,0.3018540032207966,0.7590667493641376,1,-0.7295158952474594,-0.7148225530982018,-1.576058954000473,0.1752624504343529,0.2536997190914047,1.1705728737226373,0.21950466341108307,0.75,OPEN,-0.27230314910411835,"neither certificate fires -- constructive search, then UNDETERMINED",,witness,-0.3631764017045498,,,,,,,one_aux_S,0 4 17 11 18,0.296703637 0.16658102 0.0724617913 0.264894098,WITNESS,pure-path one_aux_S,,9.465217590332031e-05,5.364418029785156e-05,0.007911920547485352,35.74609375,35.74609375,35.74609375
sparse,20,11,sparse_N20_seed11,ok,20,58,0,19,0,3,5,0.600567638874054,0.9909294843673706,0.18341234978288412,0.12992273923009634,0.43225751258432865,1,-0.4706448996439576,-0.46640652138739824,-1.4080847734585404,0.10101082676222053,0.18323899382265701,1.5899928869545834,0.1622499250962921,0.75,OPEN,-0.1683101262897253,"neither certificate fires -- constructive search, then UNDETERMINED",,witness,-0.2742607179097831,,,,,,,one_aux_S,0 8 17 13 2,0.137791365 0.0292040948 0.153577015 0.011468892,WITNESS,pure-path one_aux_S,,0.00011992454528808594,6.4849853515625e-05,0.010063409805297852,35.58984375,35.58984375,35.58984375
sparse,20,12,sparse_N20_seed12,ok,20,54,0,19,0,4,6,1.2203858643770218,0.9956167340278625,0.2723431335762143,0.19550486374646425,0.3436449384316802,1,-1.0248810006305575,-1.0217334507033229,-1.94365946482867,0.1532198363420222,0.14877432978420535,1.2105475069210188,0.12815937611421932,0.8,OPEN,-0.8767409259453416,"neither certificate fires -- constructive search, then UNDETERMINED",,witness,-0.4798179352656007,,,,,,,one_aux_S,0 8 15 12 10 9,0.435071498 0.0126362434 0.07054317 0.136893883 0.170846269,WITNESS,pure-path one_aux_S,,6.0558319091796875e-05,6.008148193359375e-05,0.0072557926177978516,35.65625,35.65625,35.65625
sparse,20,13,sparse_N20_seed13,ok,20,42,0,19,0,5,7,0.9676827490329742,0.9994829297065735,0.9972255043685436,0.7943994663655758,0.9053409434854984,1,-0.17328328266739845,-0.17310472950339317,-0.9699401743710041,0.09681833678911003,0.7360924150023727,1.4520444260900425,0.684108046739695,0.8333333333333334,OPEN,-0.062341805547475815,"neither certificate fires -- constructive search, then UNDETERMINED",,witness,-0.17412331514060497,,,,,,,one_aux_T,19 10 13 3 8 1 11,0.202468932 0.202826038 0.0884202272 0.157737941 0.118930824 0.0463509448,WITNESS,pure-path one_aux_T,,0.0001289844512939453,7.486343383789062e-05,0.007859230041503906,35.63671875,35.63671875,35.63671875
sparse,20,14,sparse_N20_seed14,ok,20,49,0,19,0,5,7,0.8444869760423899,0.9986181855201721,0.3509001408237964,0.25196584057994187,0.5796682685613632,1,-0.592521135462448,-0.5885802626144141,-1.4922050207387656,0.0845655515078071,0.2967990802012107,1.5589390057855883,0.2486379775809337,0.8333333333333334,OPEN,-0.26481870748102665,"neither certificate fires -- constructive search, then UNDETERMINED",,witness,-0.01011725515127182,,,,,,,one_aux_S,0 12 1 9 17 14 3,0.244212732 0.0140381102 0.0989343002 0.071820125 0.221301332 0.368126243,WITNESS,pure-path one_aux_S,,0.0001266002655029297,7.939338684082031e-05,0.009311914443969727,35.63671875,35.63671875,35.63671875
sparse,20,15,sparse_N20_seed15,ok,20,34,0,5,1,3,5,1.7517553865909576,0.9508928656578064,0.6170275202021003,0.41878373827785254,1.4302096217870712,1,-1.332971648313105,-1.3311616936698556,-2.0856207320466638,0.30703693511941754,0.21134030182246405,0.9256937148656282,0.1792988941907163,0.75,OPEN,-0.3215457648038864,"neither certificate fires -- constructive search, then UNDETERMINED",,witness,-0.7795768715441227,,,,,,,one_aux_S,0 15 10 9 14,0.153891921 0.0618381463 0.488610327 0.535676241,WITNESS,pure-path one_aux_S,,0.00011610984802246094,5.459785461425781e-05,0.008311033248901367,35.63671875,35.63671875,35.63671875
sparse,20,16,sparse_N20_seed16,ok,20,51,0,19,0,3,5,0.633087046444416,0.9687433838844299,0.2165274154394865,0.15118849091231823,0.3899190090596676,1,-0.4818985555320978,-0.4803948849439621,-1.3853030148893595,0.10891894540497195,0.2052110369234957,1.5181139206608145,0.1791086531008248,0.75,OPEN,-0.24316803738474846,"neither certificate fires -- constructive search, then UNDETERMINED",,witness,-0.36740481574088335,,,,,,,one_aux_S,0 3 7 2 11,0.0886775255 0.125138655 0.0476597808 0.0084125381,WITNESS,pure-path one_aux_S,,0.00010061264038085938,5.555152893066406e-05,0.007821798324584961,35.63671875,35.63671875,35.63671875
sparse,20,17,sparse_N20_seed17,ok,20,43,0,6,1,3,5,0.44196829199790955,0.9452980756759644,0.20102239027619362,0.12200446054339409,0.4876199923455715,1,-0.31996383145451546,-0.30029853247106075,-1.1862439773976803,0.07792397328956559,0.2729006500002191,1.8833021184430607,0.2070359957134173,0.75,GIRTH,0.04565170034766197,bracket >= 0 and every cycle weighs >= girth,,witness,-0.0453822948038578,,,,,,,one_aux_S,0 10 7 15 8,0.0790179297 0.170060948 0.0396873318 0.215639576,WITNESS,pure-path one_aux_S,,7.62939453125e-05,5.507469177246094e-05,0.008220672607421875,35.75,35.75,35.75
sparse,20,18,sparse_N20_seed18,ok,20,51,0,1,1,3,5,1.1768634542822838,0.9991071820259094,0.34172165486961603,0.2310557896271348,0.7034822339192033,1,-0.945807664655149,-0.9407063154503703,-1.8342489814385772,0.19631918634527518,0.1742198656740599,1.1093745642574415,0.14724889415997205,0.75,OPEN,-0.4733812203630805,"neither certificate fires -- constructive search, then UNDETERMINED",,witness,-0.24571238830685616,,,,,,,one_aux_S,0 10 13 17 4,0.208656803 0.48603639 0.203853801 0.0652081445,WITNESS,pure-path one_aux_S,,0.00011014938354492188,6.031990051269531e-05,0.008896350860595703,35.63671875,35.63671875,35.63671875
sparse,20,19,sparse_N20_seed19,ok,20,55,0,19,0,4,6,0.7420447319746017,0.9901102185249329,0.3002430386841297,0.19053370878100395,0.5712573528289795,1,-0.5515110231935978,-0.5398210734128952,-1.431911911815405,0.09368208686403882,0.2697438808800422,1.5561999394926158,0.20541479570805757,0.8,OPEN,-0.17078737914562225,"neither certificate fires -- constructive search, then UNDETERMINED",,witness,-0.11718328157439828,,,,,,,one_aux_S,0 10 3 8 12 7,0.268667459 0.0514353812 0.159826443 0.137758449 0.0143474368,WITNESS,pure-path one_aux_S,,0.00014734268188476562,7.081031799316406e-05,0.0093536376953125,35.63671875,35.63671875,35.63671875
sparse,20,20,sparse_N20_seed20,ok,20,46,0,19,0,5,7,0.4727617319440469,0.9710884690284729,0.5613776560639963,0.3945301737403497,0.8733008321141824,1,-0.0782315582036972,-0.05738675594329834,-0.8824725449085236,0.048683693301087405,0.8481736421364358,2.1814827690945364,0.6954351897977574,0.8333333333333334,GIRTH,0.4005391001701355,bracket >= 0 and every cycle weighs >= girth,,ok,0.0472135990858078,0.7210200144909322,0.2750222533941269,0.0472135990858078,0.14539257436990738,one_aux_T,289,,,,CERTIFIED,GIRTH,,0.0001277923583984375,0.00017642974853515625,0.010345697402954102,35.63671875,35.63671875,35.63671875
sparse,20,21,sparse_N20_seed21,ok,20,41,0,19,0,4,6,0.5081664435565472,0.9904919862747192,0.3210681574419141,0.22698710579425097,0.453013613820076,1,-0.2811793377622962,-0.27365465741604567,-1.1775902723893523,0.06413055968627544,0.4212112802973601,1.9660991640750352,0.35734292757407154,0.8,OPEN,-0.055152829736471176,"neither certificate fires -- constructive search, then UNDETERMINED",0.029860321898013353,ok,0.07475311309099197,0.3869819603860378,0.12636928260326385,0.0903644859790802,0.07475311309099197,aux_free,265,,,,UNDETERMINED,"cycle leg OPEN (neither certificate fired, no witness found)",,7.82012939453125e-05,0.0001513957977294922,0.007996082305908203,35.63671875,35.63671875,35.63671875
sparse,20,22,sparse_N20_seed22,ok,20,46,0,19,0,3,5,0.7132065929472446,0.8235815763473511,0.19568264670670033,0.14710287563502789,0.4606497026979923,1,-0.5661037173122168,-0.5647004991769791,-1.3411055225878954,0.144330287253869,0.16462212938727686,1.2928552689991222,0.1546917230116404,0.75,OPEN,-0.2525568902492523,"neither certificate fires -- constructive search, then UNDETERMINED",,witness,-0.5510425567626953,,,,,,,one_aux_S,0 3 11 14 16,0.0767447799 0.0428026505 0.0267063212 0.0318205692,WITNESS,pure-path one_aux_S,,0.0001285076141357422,8.273124694824219e-05,0.01266026496887207,35.63671875,35.63671875,35.63671875
sparse,20,23,sparse_N20_seed23,ok,20,45,0,5,1,3,5,0.7847799509763718,0.994019091129303,0.38120514154434204,0.28299686312675476,0.9507532939314842,1,-0.501783087849617,-0.49638498574495316,-1.3975939005613327,0.1315836483054507,0.29144868525507434,1.3599728483577667,0.2704549817831119,0.75,GIRTH,0.16597334295511246,bracket >= 0 and every cycle weighs >= girth,,witness,-0.28888434171676636,,,,,,,one_aux_S,0 8 14 10 13,0.0982082784 0.101604261 0.252377033 0.0874120742,WITNESS,pure-path one_aux_S,,0.00012254714965820312,5.602836608886719e-05,0.008443593978881836,35.63671875,35.63671875,35.63671875
sparse,20,24,sparse_N20_seed24,ok,20,46,0,2,1,3,5,0.8329998031258583,0.9963698387145996,0.35809772089123726,0.2565455846488476,0.5689842700958252,1,-0.5764542184770107,-0.573147889226675,-1.4712719209492207,0.13933912401451548,0.25793359341560285,1.3176735228332757,0.23098347414322795,0.75,OPEN,-0.2640155330300331,"neither certificate fires -- constructive search, then UNDETERMINED",,witness,-0.05732542276382446,,,,,,,one_aux_S,0 8 16 7 19,0.307168871 0.205398381 0.239235595 0.0477430671,WITNESS,pure-path one_aux_S,,8.177757263183594e-05,6.151199340820312e-05,0.008633136749267578,35.63671875,35.63671875,35.63671875
sparse,20,25,sparse_N20_seed25,ok,20,50,0,19,0,3,5,0.9570715576410294,0.9690585732460022,0.28598528169095516,0.17921612970530987,0.553746797144413,1,-0.7778554279357195,-0.7674876656383276,-1.6401448491960764,0.16460504109591287,0.1792877111900677,1.2075148083814244,0.1404410111301172,0.75,OPEN,-0.40332476049661636,"neither certificate fires -- constructive search, then UNDETERMINED",,witness,-0.18481013923883438,,,,,,,one_aux_S,0 2 4 16 19,0.0860336274 0.368183225 0.106769152 0.422550827,WITNESS,pure-path one_aux_S,,0.00011229515075683594,8.821487426757812e-05,0.013025045394897461,35.6875,35.6875,35.6875
sparse,20,26,sparse_N20_seed26,ok,20,37,0,5,1,3,5,0.5019415840506554,0.9973701238632202,0.23261781595647335,0.13601688854396343,0.7468867506831884,1,-0.36592469550669193,-0.3428498972207308,-1.2666938919574022,0.08387751815852665,0.27806161913813204,1.7922145790127246,0.2032361327482235,0.75,GIRTH,0.24494516663253307,bracket >= 0 and every cycle weighs >= girth,,witness,-0.024504346773028374,,,,,,,aux_free,12 14 9 16 10 17,0.283499181 0.0465799794 0.217117712 0.0236894917 0.0966009274,WITNESS,pure-path aux_free,,9.441375732421875e-05,0.00010347366333007812,0.008323192596435547,35.63671875,35.63671875,35.63671875
sparse,20,27,sparse_N20_seed27,ok,20,43,0,2,1,3,5,1.3652187585830688,0.9932162165641785,0.32495604921132326,0.19819866586476564,0.32604769617319107,1,-1.1670200927183032,-1.15380625333637,-2.033478925935924,0.22909056051355978,0.14281493592217623,1.0365086006853654,0.10888291598985486,0.75,OPEN,-1.0391710624098778,"neither certificate fires -- constructive search, then UNDETERMINED",,witness,-0.3916814774274826,,,,,,,one_aux_S,0 3 8 5 9,0.603507161 0.155022547 0.0359113961 0.358192354,WITNESS,pure-path one_aux_S,,0.00010204315185546875,9.274482727050781e-05,0.013908624649047852,35.73828125,35.73828125,35.73828125
sparse,20,28,sparse_N20_seed28,ok,20,48,0,19,0,4,6,0.8533618301153183,0.9709689021110535,0.6164699345827103,0.4108015149831772,0.595001645386219,1,-0.4425603151321411,-0.434963621199131,-1.2078607976436615,0.1098595727757041,0.48160105348622884,1.4252107901129836,0.3851135595578854,0.8,OPEN,-0.2583601847290993,"neither certificate fires -- constructive search, then UNDETERMINED",,witness,-0.05650816112756729,,,,,,,one_aux_S,0 5 18 6 4 17,0.00997713208 0.190475032 0.117565162 0.251038522 0.455595642,WITNESS,pure-path one_aux_S,,7.033348083496094e-05,6.914138793945312e-05,0.007756471633911133,35.63671875,35.63671875,35.63671875
sparse,20,29,sparse_N20_seed29,ok,20,42,0,2,1,3,5,0.7754707763670012,0.9865787029266357,0.488166248309426,0.3437646384118125,0.9268753677606583,1,-0.43170613795518875,-0.43142935633659363,-1.273883230984211,0.13100336446661687,0.3777057213656201,1.3633391738231475,0.3324734943807105,0.75,GIRTH,0.15140459139365703,bracket >= 0 and every cycle weighs >= girth,,witness,-0.06570015649776906,,,,,,,one_aux_T,2 18 7 13 1,0.20562385 0.260136873 0.145182058 0.197655678,WITNESS,pure-path one_aux_T,,0.00013494491577148438,6.29425048828125e-05,0.008107185363769531,35.63671875,35.63671875,35.63671875
sparse,20,30,sparse_N20_seed30,ok,20,42,0,19,0,4,6,0.6720628114417195,0.9956234097480774,0.21701301634311676,0.155961312353611,0.4461429715156555,1,-0.5161014990881085,-0.5127137051895261,-1.4506732048466802,0.08437713557927635,0.2152705696040296,1.6542959901939824,0.1856508763150163,0.8,OPEN,-0.22591983992606401,"neither certificate fires -- constructive search, then UNDETERMINED",,witness,-0.2754821889102459,,,,,,,one_aux_S,0 3 16 12 7 8,0.061051704 0.0140672522 0.149408996 0.12031883 0.103467681,WITNESS,pure-path one_aux_S,,0.00010466575622558594,6.580352783203125e-05,0.008272409439086914,35.71484375,35.71484375,35.71484375
sparse,20,31,sparse_N20_seed31,ok,20,48,0,19,0,3,5,0.6542860940098763,0.9866083264350891,0.2596198449609801,0.11940245132427663,0.9852680191397667,1,-0.5348836426855996,-0.49968693603295833,-1.3812745754839852,0.11052783502142259,0.23807919563431335,1.5047494685896807,0.136869542716975,0.75,GIRTH,0.33098192512989044,bracket >= 0 and every cycle weighs >= girth,,witness,-0.17827874422073364,,,,,,,one_aux_T,19 12 7 10 1,0.262415975 0.0114688948 0.0698239803 0.264596999,WITNESS,pure-path one_aux_T,,0.00013637542724609375,6.699562072753906e-05,0.00862264633178711,35.63671875,35.63671875,35.63671875
sparse,20,32,sparse_N20_seed32,ok,20,49,0,8,1,3,5,0.48828866705298424,0.9210160970687866,0.13512575160712004,0.08911000471562147,0.4552185731008649,1,-0.39917866233736277,-0.39560719300061464,-1.2741790125146508,0.08836050180646592,0.1660400014065338,1.7317273889981728,0.13687088815736143,0.75,OPEN,-0.03307009395211935,"neither certificate fires -- constructive search, then UNDETERMINED",,witness,-0.04235409200191498,,,,,,,one_aux_S,0 18 11 19 7,0.237151816 0.0388728082 0.0163395219 0.307140857,WITNESS,pure-path one_aux_S,,7.987022399902344e-05,5.53131103515625e-05,0.009613752365112305,35.78125,35.78125,35.78125
sparse,20,33,sparse_N20_seed33,ok,20,41,0,19,0,6,8,1.2619144450873137,0.9313386678695679,0.47685242583975196,0.28619779041036963,0.41092594526708126,1,-0.975716654676944,-0.9127803375013173,-1.7164006871171296,0.11291224204312417,0.28341011609156147,1.3035272249410264,0.19439700744795207,0.8571428571428571,OPEN,-0.8509884998202324,"neither certificate fires -- constructive search, then UNDETERMINED",,witness,-0.1846798830665648,,,,,,,one_aux_S,0 12 17 2 14 6 15 16,0.733281851 0.0396803766 0.0204489361 0.0647820011 0.00714829518 0.190654635 0.0424769334,WITNESS,pure-path one_aux_S,,0.00010704994201660156,0.0001277923583984375,0.012414216995239258,35.63671875,35.63671875,35.63671875
sparse,20,34,sparse_N20_seed34,ok,20,39,0,19,0,4,6,1.1828763112425804,0.9976081848144531,0.4457333395257592,0.30976578686386347,1.1448402255773544,1,-0.873110524378717,-0.8641070080921054,-1.7347511565312743,0.1482140394956996,0.251214397363056,1.2289165966792093,0.20950003574826023,0.8,OPEN,-0.03803608566522598,"neither certificate fires -- constructive search, then UNDETERMINED",,witness,-0.20579547807574272,,,,,,,one_aux_T,19 14 9 13 16 3,0.11796052 0.165350333 0.342942148 0.318779349 0.0640969649,WITNESS,pure-path one_aux_T,,0.00016069412231445312,6.341934204101562e-05,0.007830142974853516,35.63671875,35.63671875,35.63671875
sparse,20,35,sparse_N20_seed35,ok,20,51,0,19,0,3,5,0.3861608486622572,0.991439700126648,0.20061201229691505,0.12986408546566963,0.32375638745725155,1,-0.25629676319658756,-0.25529363937675953,-1.17698853649199,0.06491584050496271,0.3117022551486679,2.140456061604181,0.2522214886274973,0.75,OPEN,-0.062404461205005646,"neither certificate fires -- constructive search, then UNDETERMINED",,witness,-0.03963150829076767,,,,,,,one_aux_S,0 4 8 15 18,0.0173554849 0.161504447 0.0346295163 0.266079783,WITNESS,pure-path one_aux_S,,6.723403930664062e-05,5.698204040527344e-05,0.008143186569213867,35.7578125,35.7578125,35.7578125
sparse,20,36,sparse_N20_seed36,ok,20,41,0,1,1,3,5,1.5339531600475311,0.9883312582969666,0.4729862231761217,0.29112677462399006,0.8922373652458191,1,-1.242826385423541,-1.2328954841941595,-2.049298195168376,0.2586772985896024,0.18500677940966556,0.9865820485416942,0.14234142648868553,0.75,OPEN,-0.641715794801712,"neither certificate fires -- constructive search, then UNDETERMINED",,witness,-0.5913547873497009,,,,,,,one_aux_S,0 10 3 8 7,0.161997646 0.346123934 0.298556119 0.271841347,WITNESS,pure-path one_aux_S,,0.00018739700317382812,9.107589721679688e-05,0.01541447639465332,35.63671875,35.63671875,35.63671875
sparse,20,37,sparse_N20_seed37,ok,20,50,0,19,0,3,5,0.22623034287244081,0.9692745208740234,0.21473573986440897,0.13010209891945124,0.6086899237707257,1,-0.09612824395298958,-0.09019231051206589,-0.9807691238820553,0.03890028710484109,0.5695144262380939,3.17067511431182,0.43131514964200285,0.75,GIRTH,0.3824595808982849,bracket >= 0 and every cycle weighs >= girth,,ok,0.07821092009544373,0.3827469414100051,0.07821092009544373,0.21746374666690826,0.15077274851500988,one_aux_S,89,,,,CERTIFIED,GIRTH,,9.918212890625e-05,0.00010967254638671875,0.008047342300415039,35.63671875,35.63671875,35.63671875
sparse,20,38,sparse_N20_seed38,ok,20,52,0,19,0,5,7,0.5044841347262263,0.975189208984375,0.24936902336776257,0.1777458470314741,0.37376323714852333,1,-0.3267382876947522,-0.3117704475298524,-1.2303043203428388,0.05173192341326548,0.3530749903039784,2.0950302665026763,0.29360990563811834,0.8333333333333334,OPEN,-0.130720897577703,"neither certificate fires -- constructive search, then UNDETERMINED",,witness,-0.08201591670513153,,,,,,,one_aux_S,0 12 18 7 5 4 17,0.0377844311 0.041687496 0.178727448 0.0354981795 0.010410524 0.236720279,WITNESS,pure-path one_aux_S,,9.870529174804688e-05,7.796287536621094e-05,0.00806736946105957,35.63671875,35.63671875,35.63671875
sparse,20,39,sparse_N20_seed39,ok,20,51,0,2,1,3,5,0.787838339805603,0.9967323541641235,0.24950383231043816,0.1359495036303997,0.5738335903733969,1,-0.6518888361752033,-0.6286149583756924,-1.5350668616592884,0.13173685936754428,0.19001651966214483,1.359088993620238,0.12942011396393663,0.75,OPEN,-0.21400474943220615,"neither certificate fires -- constructive search, then UNDETERMINED",,witness,-0.2511360477656126,,,,,,,one_aux_T,2 9 12 5 6,0.0670065731 0.00817952491 0.34488067 0.233271047,WITNESS,pure-path one_aux_T,,7.796287536621094e-05,5.888938903808594e-05,0.008689641952514648,35.63671875,35.63671875,35.63671875
sparse,20,40,sparse_N20_seed40,ok,20,46,0,2,1,3,5,0.34061943273991346,0.9695338010787964,0.2217537136748433,0.1322429971769452,0.6566608427092433,1,-0.20837643556296825,-0.19757437892258167,-1.0883995201438665,0.05855381771474558,0.39061843047134825,2.307830571990476,0.29118200064187594,0.75,GIRTH,0.31604140996932983,bracket >= 0 and every cycle weighs >= girth,,witness,-0.003676367923617363,,,,,,,one_aux_S,0 11 5 9 4,0.0147287501 0.219920546 0.0148961116 0.174795315,WITNESS,pure-path one_aux_S,,0.00011801719665527344,6.365776062011719e-05,0.009608745574951172,35.63671875,35.63671875,35.63671875
sparse,30,1,sparse_N30_seed1,ok,30,72,0,2,1,3,5,0.7466295585036278,0.9642256498336792,0.1516584218479693,0.06765365460887551,0.4151441343128681,1,-0.6789759038947523,-0.6497570700012147,-1.5591967864893377,0.1290551229082831,0.12187443166749398,1.3748626923633864,0.0679590573112973,0.75,OPEN,-0.33148542419075966,"neither certificate fires -- constructive search, then UNDETERMINED",,witness,-0.21225042268633842,,,,,,,one_aux_S,0 10 13 22 29,0.361185342 0.0201709382 0.0840047672 0.138036177,WITNESS,pure-path one_aux_S,,0.00010657310485839844,7.867813110351562e-05,0.010334968566894531,35.7578125,35.7578125,35.7578125
sparse,30,2,sparse_N30_seed2,ok,30,70,0,29,0,4,6,1.1927574090659618,0.9718286991119385,0.18090715259313583,0.13584649190306664,0.2877023443579674,1,-1.0569109171628952,-1.056528139859438,-1.9836789555847645,0.15341662195147007,0.10111424794239464,1.209849877672929,0.09111424728651026,0.8,OPEN,-0.9050550647079945,"neither certificate fires -- constructive search, then UNDETERMINED",,witness,-0.7355023305863142,,,,,,,one_aux_S,0 8 15 28 22 7,0.200752422 0.0442951061 0.11228428 0.0301147792 0.139616981,WITNESS,pure-path one_aux_S,,8.368492126464844e-05,6.937980651855469e-05,0.008924007415771484,35.7421875,35.7421875,35.7421875
sparse,30,3,sparse_N30_seed3,ok,30,69,0,29,0,7,9,0.35151765355840325,0.9803345799446106,0.4436976299621165,0.357395073864609,0.4388787508942187,1,0.0058774203062057495,0.014951642602682114,-0.8881546035408974,0.025612076059806917,0.9817377680574014,2.9468934490660965,0.8896301123595649,0.875,LIGHT_EDGE_SUM,0.0058774203062057495,closes BOTH legs at once,,ok,0.05969779193401337,0.31376940896734595,0.05969779193401337,0.30621984601020813,0.21673160418868065,one_aux_S,411,,,,CERTIFIED,LIGHT_EDGE_SUM,,9.465217590332031e-05,0.00023174285888671875,0.007997274398803711,35.734375,35.734375,35.734375
sparse,30,4,sparse_N30_seed4,ok,30,67,0,29,0,8,10,1.5879782810807228,0.9964624643325806,0.6928229099139571,0.5827926909551024,0.6399932578206062,1,-1.0051855901256204,-1.0036791758611798,-1.8916178354993463,0.0996009846030887,0.3490339474630325,1.3020030695404337,0.32622483171689726,0.8888888888888888,OPEN,-0.9479850232601166,"neither certificate fires -- constructive search, then UNDETERMINED",,witness,-0.23575357347726822,,,,,,,one_aux_S,0 15 21 28 19 25 20 22 18 27,0.0966911539 0.377105147 0.0903631821 0.0484517217 0.486277103 0.0906864479 0.00937473029 0.0587709472 0.189008549,WITNESS,pure-path one_aux_S,,0.0002155303955078125,0.0001671314239501953,0.01302957534790039,35.84375,35.84375,35.84375
sparse,30,5,sparse_N30_seed5,ok,30,73,0,29,0,6,8,0.3951283609494567,0.9890313148498535,0.43849696312099695,0.3428957397118211,0.29357898887246847,1,-0.05223262123763561,-0.04864753596484661,-0.9456627126783133,0.033292538788272326,0.8323186965129437,2.627297504929733,0.7438358343411844,0.8571428571428571,OPEN,-0.05223262123763561,"neither certificate fires -- constructive search, then UNDETERMINED",0.3977337945252657,ok,0.011991884559392929,0.7232218580320477,0.011991884559392929,0.2214048057794571,0.13240904361009598,one_aux_S,262,,,,UNDETERMINED,"cycle leg OPEN (neither certificate fired, no witness found)",,7.390975952148438e-05,0.0001888275146484375,0.008170843124389648,35.7890625,35.7890625,35.7890625
sparse,30,6,sparse_N30_seed6,ok,30,73,0,29,0,4,6,1.3236220628023148,0.9927623271942139,0.57573177292943,0.4034840948879719,0.5646694656461477,1,-0.9201379679143429,-0.9128397442400455,-1.7406526170670986,0.1666589810250947,0.28997792703783126,1.166689724654675,0.24386664817824688,0.8,OPEN,-0.758952597156167,"neither certificate fires -- constructive search, then UNDETERMINED",,witness,-0.0798636469990015,,,,,,,one_aux_S,0 27 21 10 24 19,0.565094829 0.189925104 0.0136350747 0.224655569 0.500895679,WITNESS,pure-path one_aux_S,,7.605552673339844e-05,7.772445678710938e-05,0.008511543273925781,35.63671875,35.63671875,35.63671875
sparse,30,7,sparse_N30_seed7,ok,30,69,0,1,1,3,5,1.2810858488082886,0.9990587830543518,0.41032686084508896,0.22684317082166672,0.7835852801799774,1,-1.0542426779866219,-0.999146543443203,-1.8698177710175514,0.2137154607479177,0.19217768796374868,1.0679118658521027,0.13280326082324084,0.75,OPEN,-0.49750056862831116,"neither certificate fires -- constructive search, then UNDETERMINED",,witness,-0.37922605872154236,,,,,,,one_aux_S,0 24 27 10 8,0.406128734 0.246163666 0.0732914209 0.352551937,WITNESS,pure-path one_aux_S,,0.00022149085998535156,0.00011348724365234375,0.016098737716674805,35.71484375,35.71484375,35.71484375
sparse,30,8,sparse_N30_seed8,ok,30,70,0,29,0,3,5,1.058359369635582,0.9734062552452087,0.2844042405486107,0.22153658419847488,0.5301694832742214,1,-0.8368227854371071,-0.8365965653210878,-1.74736138433218,0.18121234307063513,0.16123308322760224,1.1518387892651485,0.15699056758581573,0.75,OPEN,-0.5281898863613605,"neither certificate fires -- constructive search, then UNDETERMINED",,witness,-0.339895062148571,,,,,,,one_aux_S,0 2 7 25 11,0.0624050125 0.298745811 0.151926875 0.410773218,WITNESS,pure-path one_aux_S,,8.702278137207031e-05,6.079673767089844e-05,0.007946968078613281,35.63671875,35.63671875,35.63671875
sparse,30,9,sparse_N30_seed9,ok,30,69,0,29,0,3,5,0.696834608912468,0.9676875472068787,0.3456226550042629,0.23559443280100822,0.7564271315932274,1,-0.46124017611145973,-0.4505664296448231,-1.3188995011150837,0.12001714997845513,0.29759370494843884,1.4332142532792314,0.25356924346298015,0.75,GIRTH,0.05959252268075943,bracket >= 0 and every cycle weighs >= girth,,witness,-0.18362442031502724,,,,,,,one_aux_S,0 16 28 21 17,0.111395255 0.273453653 0.116558343 0.0236058757,WITNESS,pure-path one_aux_S,,0.00013399124145507812,6.341934204101562e-05,0.008008480072021484,35.63671875,35.63671875,35.63671875
sparse,30,10,sparse_N30_seed10,ok,30,72,0,29,0,7,9,1.5232719518244267,0.9877485036849976,0.5138998096808791,0.42633435782045126,0.47588566690683365,1,-1.0969375940039754,-1.0964248897507787,-1.997120645828545,0.1101546993086911,0.26239559620020286,1.2821189988442518,0.24489557668681608,0.875,OPEN,-1.047386284917593,"neither certificate fires -- constructive search, then UNDETERMINED",,witness,-0.13888230547308922,,,,,,,one_aux_S,0 15 24 17 27 28 3 21 22,0.0865400434 0.026254911 0.213544413 0.0778088495 0.104496419 0.605380535 0.230547771 0.0796334073,WITNESS,pure-path one_aux_S,,0.00012731552124023438,9.679794311523438e-05,0.008162975311279297,35.63671875,35.63671875,35.63671875
sparse,30,11,sparse_N30_seed11,ok,30,79,0,29,0,4,6,1.6606888324022293,0.9863274097442627,0.18003226444125175,0.12291562929749489,0.11485040374100208,1,-1.5377732031047344,-1.5320102535188198,-2.4669839777052402,0.210463687817519,0.07227212424490563,1.0626177886748815,0.05921187733631917,0.8,OPEN,-1.5377732031047344,"neither certificate fires -- constructive search, then UNDETERMINED",,witness,-0.3755241744220257,,,,,,,one_aux_S,0 4 2 6 18 17,0.264037609 0.150690928 0.0184770264 0.633740067 0.436438054,WITNESS,pure-path one_aux_S,,9.512901306152344e-05,0.00011968612670898438,0.012539148330688477,35.63671875,35.63671875,35.63671875
sparse,30,12,sparse_N30_seed12,ok,30,76,0,29,0,4,6,0.7005355730652809,0.9862030148506165,0.17808534484356642,0.1318130074068904,0.04613789077848196,1,-0.5687225656583905,-0.5676763271912932,-1.508653243072331,0.08879200865799845,0.1694754239382227,1.6051895652116202,0.15052826720005222,0.8,OPEN,-0.5687225656583905,"neither certificate fires -- constructive search, then UNDETERMINED",,witness,-0.02137818280607462,,,,,,,one_aux_S,0 11 3 26 17 5,0.228984728 0.00667191949 0.0324494988 0.149684936 0.522732615,WITNESS,pure-path one_aux_S,,4.982948303222656e-05,8.606910705566406e-05,0.00864410400390625,35.63671875,35.63671875,35.63671875
sparse,30,13,sparse_N30_seed13,ok,30,71,0,29,0,4,6,0.9281355440616608,0.9976431727409363,0.37530708126723766,0.2647654768079519,0.6990928649902344,1,-0.6633700672537088,-0.6582268718630075,-1.5504716355353594,0.11629102085564452,0.26957778144115846,1.3832596823628436,0.22821276784578112,0.8,OPEN,-0.2290426790714264,"neither certificate fires -- constructive search, then UNDETERMINED",,witness,-0.23650027252733707,,,,,,,one_aux_T,29 3 21 2 22 23,0.0288209673 0.112635471 0.341787279 0.100255214 0.216272682,WITNESS,pure-path one_aux_T,,0.00014495849609375,8.130073547363281e-05,0.008224964141845703,35.63671875,35.63671875,35.63671875
sparse,30,14,sparse_N30_seed14,ok,30,69,0,29,0,4,6,0.6458470970392227,0.9975050091743469,0.17482401663437486,0.12671887362375855,0.37515629502013326,1,-0.5191282234154642,-0.5139356064610183,-1.4685280895791948,0.08093281375772264,0.1804596551679452,1.696327313123329,0.1569645499124234,0.8,OPEN,-0.27069080201908946,"neither certificate fires -- constructive search, then UNDETERMINED",,witness,-0.09046173840761185,,,,,,,one_aux_S,0 12 8 28 19 7,0.129960194 0.161436573 0.0893407613 0.048105143 0.253085375,WITNESS,pure-path one_aux_S,,0.00010418891906738281,7.295608520507812e-05,0.008211851119995117,35.63671875,35.63671875,35.63671875
sparse,30,15,sparse_N30_seed15,ok,30,60,0,29,0,4,6,2.7664220333099365,0.9637975096702576,0.46581877395510674,0.35092826560139656,0.9919852986931801,1,-2.41549376770854,-2.414448793977499,-3.2644007690250874,0.35879191499680363,0.11225541351398442,0.8989275673451999,0.10148220665565535,0.8,OPEN,-1.7744367346167564,"neither certificate fires -- constructive search, then UNDETERMINED",,witness,-0.8888384588062763,,,,,,,one_aux_S,0 8 25 11 1 16,0.129418865 0.253374368 0.793401301 0.643943787 0.114890508,WITNESS,pure-path one_aux_S,,0.0001609325408935547,7.319450378417969e-05,0.00812673568725586,35.63671875,35.63671875,35.63671875
sparse,30,16,sparse_N30_seed16,ok,30,73,0,29,0,4,6,0.5800591353327036,0.9948435425758362,0.14523319085128605,0.08950243820436299,0.5287012718617916,1,-0.4905566971283406,-0.4787884287070483,-1.4296694870572537,0.0728832110915177,0.16691768362316473,1.8100484151559542,0.12343905336896689,0.8,OPEN,-0.05135786347091198,"neither certificate fires -- constructive search, then UNDETERMINED",0.13863761350512505,ok,0.03052319958806038,0.32564870454370975,0.03052319958806038,0.07302503287792206,0.10354823246598244,one_aux_S,350,,,,UNDETERMINED,"cycle leg OPEN (neither certificate fired, no witness found)",,0.00011897087097167969,0.00019860267639160156,0.009444475173950195,35.75,35.75,35.75
sparse,30,17,sparse_N30_seed17,ok,30,67,0,29,0,3,5,0.758664412307553,0.9864879846572876,0.12320256128441542,0.07067172869574279,0.7560859061777592,1,-0.6879926836118102,-0.6837440440431237,-1.6219498356804252,0.1281759845882492,0.09743641005356977,1.3801773500803498,0.06986461426415244,0.75,OPEN,-0.0025785061297938228,"neither certificate fires -- constructive search, then UNDETERMINED",,witness,-0.23475133802276105,,,,,,,one_aux_S,0 12 6 26 8,0.217449531 0.121213973 0.021294985 0.327909172,WITNESS,pure-path one_aux_S,,0.0001327991485595703,6.67572021484375e-05,0.008507966995239258,35.78515625,35.78515625,35.78515625
sparse,30,18,sparse_N30_seed18,ok,30,69,0,29,0,4,6,0.4794916161336005,0.9902092814445496,0.37174713471904397,0.2776017845608294,0.3787283622659743,1,-0.20188983157277107,-0.1994294822216034,-1.097953762859106,0.06052907515597391,0.5168628914608095,2.0434154955327353,0.4631601892008579,0.8,OPEN,-0.10076325386762619,"neither certificate fires -- constructive search, then UNDETERMINED",0.14178714901208878,ok,0.031021244823932648,0.4064201763831079,0.031021244823932648,0.044612325727939606,0.05738864839076996,one_aux_S,307,,,,UNDETERMINED,"cycle leg OPEN (neither certificate fired, no witness found)",,0.00012302398681640625,0.0002884864807128906,0.012843132019042969,35.7109375,35.7109375,35.7109375
sparse,30,19,sparse_N30_seed19,ok,30,69,0,8,1,3,5,1.2021878361701965,0.9774495363235474,0.22276985831558704,0.14579561538994312,0.5585316717624664,1,-1.0563922207802534,-1.0522203128784895,-1.9568675141781569,0.20498719567183504,0.11118222208532592,1.0878353483116598,0.09095642814920053,0.75,OPEN,-0.6436561644077301,"neither certificate fires -- constructive search, then UNDETERMINED",,witness,-0.38942915201187134,,,,,,,one_aux_S,0 3 27 12 24,0.203729749 0.281743735 0.11693041 0.42070958,WITNESS,pure-path one_aux_S,,9.226799011230469e-05,6.008148193359375e-05,0.009706497192382812,35.72265625,35.72265625,35.72265625
sparse,30,20,sparse_N30_seed20,ok,30,70,0,29,0,7,9,1.012464877218008,0.9778115749359131,0.764644069597125,0.600874749943614,0.7060278207063675,1,-0.41159012727439404,-0.40828399173915386,-1.225632382556796,0.07395997516804416,0.5874012804042685,1.5289348114210153,0.5192924890839965,0.875,OPEN,-0.30643705651164055,"neither certificate fires -- constructive search, then UNDETERMINED",,witness,-0.03146599978208542,,,,,,,aux_free,8 14 18 0 24 22 25 10 13 16,0.16376932 0.176671252 0.200881034 0.0596923791 0.039430216 0.0490419567 0.18512249 0.0549633056 0.266623169,WITNESS,pure-path aux_free,,0.0001513957977294922,0.00023627281188964844,0.008245706558227539,35.7109375,35.7109375,35.7109375
sparse,30,21,sparse_N30_seed21,ok,30,76,0,29,0,4,6,0.6039647291181609,0.9908856153488159,0.2443345346255228,0.1259008952183649,0.36824487056583166,1,-0.478063833899796,-0.44712147023528814,-1.350515809841454,0.07619001625449354,0.2697006661103888,1.7604232693031505,0.1667658909846484,0.8,OPEN,-0.23571985855232924,"neither certificate fires -- constructive search, then UNDETERMINED",,witness,-0.19247488025575876,,,,,,,one_aux_S,0 24 13 12 18 28,0.00100000005 0.15326713 0.141212225 0.0145044914 0.203012004,WITNESS,pure-path one_aux_S,,8.153915405273438e-05,7.390975952148438e-05,0.008503913879394531,35.640625,35.640625,35.640625
sparse,30,22,sparse_N30_seed22,ok,30,74,0,5,1,3,5,0.22780418954789639,0.9859497547149658,0.10311408527195454,0.061978453770279884,0.5782932545989752,1,-0.1658257357776165,-0.15743638202548027,-1.1106398589909077,0.038508417638001856,0.2715860989473362,3.19683482557111,0.20405173592269063,0.75,GIRTH,0.3504890650510788,bracket >= 0 and every cycle weighs >= girth,,ok,0.002988082356750965,0.5756180882453918,0.002988082356750965,0.04694589227437973,0.049933974631130695,one_aux_S,130,,,,CERTIFIED,GIRTH,,0.0001633167266845703,0.00012159347534179688,0.009633541107177734,35.68359375,35.68359375,35.68359375
sparse,30,23,sparse_N30_seed23,ok,30,66,0,6,1,3,5,0.21178575046360493,0.9722340106964111,0.3444397244602442,0.22146769799292088,0.6046172305941582,1,0.009681947529315948,0.03051311895251274,-0.8395800366997719,0.03630568843398495,0.9758155788279125,3.3543893068390966,0.7842868235048459,0.75,LIGHT_EDGE_SUM,0.009681947529315948,closes BOTH legs at once,,ok,0.04065484181046486,0.24135444313287735,0.11903886497020721,0.04065484181046486,0.15969370678067207,one_aux_T,89,,,,CERTIFIED,LIGHT_EDGE_SUM,,0.00010561943054199219,9.942054748535156e-05,0.009267568588256836,35.671875,35.671875,35.671875
sparse,30,24,sparse_N30_seed24,ok,30,68,0,2,1,3,5,0.8237553387880325,0.993137776851654,0.17194389272481203,0.10656814742833376,0.5322432667016983,1,-0.7171871913596988,-0.7072119517251849,-1.6449492229148746,0.1382411984165009,0.1252390494812123,1.3233733586330345,0.09702651601486832,0.75,OPEN,-0.29151207208633423,"neither certificate fires -- constructive search, then UNDETERMINED",,witness,-0.17814012616872787,,,,,,,one_aux_S,0 29 12 15 26,0.0358453095 0.455676347 0.045425266 0.21733658,WITNESS,pure-path one_aux_S,,0.00019121170043945312,0.0001087188720703125,0.015878915786743164,35.734375,35.734375,35.734375
sparse,30,25,sparse_N30_seed25,ok,30,69,0,29,0,5,7,0.47177067399024963,0.989734411239624,0.4163491642102599,0.2910226946696639,0.8786660432815552,1,-0.18074797932058573,-0.18014589045196772,-1.0451559210196137,0.04766639096637709,0.630374621709386,2.212795880053366,0.514061016496613,0.8333333333333334,GIRTH,0.40689536929130554,bracket >= 0 and every cycle weighs >= girth,,ok,0.06138648558408022,0.9962662160396576,0.06290765106678009,0.3399667292833328,0.06138648558408022,aux_free,249,,,,CERTIFIED,GIRTH,,0.0001690387725830078,0.00017333030700683594,0.008168697357177734,35.6875,35.6875,35.6875
sparse,30,26,sparse_N30_seed26,ok,30,62,0,2,1,3,5,0.7399814575910568,0.9660971760749817,0.163755901157856,0.125251654535532,0.22182701714336872,1,-0.6147298030555248,-0.6123083271086216,-1.5423227325081825,0.12765821698486238,0.13277838206185485,1.383341663089795,0.12694742542260198,0.75,OPEN,-0.5181544404476881,"neither certificate fires -- constructive search, then UNDETERMINED",,witness,-0.11813673377037048,,,,,,,one_aux_S,0 17 28 3 16,0.0967224538 0.164989427 0.0435346365 0.633196414,WITNESS,pure-path one_aux_S,,6.628036499023438e-05,6.628036499023438e-05,0.010221719741821289,35.63671875,35.63671875,35.63671875
sparse,30,27,sparse_N30_seed27,ok,30,72,0,3,1,3,5,1.0807764008641243,0.9589856266975403,0.214793236926198,0.1402814034372568,1.4288362935185432,1,-0.9404949974268675,-0.9356465730816126,-1.8249687906354666,0.18783326374174397,0.11924385289378756,1.1323870650381296,0.09734765904753484,0.75,GIRTH,0.34805989265441895,bracket >= 0 and every cycle weighs >= girth,,witness,-0.36278313398361206,,,,,,,one_aux_S,0 7 18 5 23,0.0745118335 0.131243557 0.438346565 0.147782624,WITNESS,pure-path one_aux_S,,0.0005903244018554688,0.000110626220703125,0.016703367233276367,35.6484375,35.6484375,35.6484375
sparse,30,28,sparse_N30_seed28,ok,30,71,0,29,0,3,5,1.0552734434604645,0.9720984697341919,0.20239242538809776,0.1476481929421425,0.6411943882703781,1,-0.907625250518322,-0.9026514533907175,-1.8249794878065586,0.1809270487705866,0.11507487086441422,1.1527089546837126,0.10493597218127623,0.75,OPEN,-0.41407905519008636,"neither certificate fires -- constructive search, then UNDETERMINED",,witness,-0.4917210415005684,,,,,,,one_aux_S,0 4 21 24 17,0.263610393 0.131028771 0.112432979 0.112960517,WITNESS,pure-path one_aux_S,,0.00029540061950683594,9.894371032714844e-05,0.01354360580444336,35.7421875,35.7421875,35.7421875
sparse,30,29,sparse_N30_seed29,ok,30,60,0,29,0,4,6,0.8948018252849579,0.9989609122276306,0.42225244641304016,0.2707612067461014,0.6116057150065899,1,-0.6240406185388565,-0.6165629178285599,-1.4715102910995483,0.11196657125572569,0.3145966212712854,1.4109364286030612,0.2420747916198092,0.8,OPEN,-0.283196110278368,"neither certificate fires -- constructive search, then UNDETERMINED",,witness,-0.17893976904451847,,,,,,,one_aux_T,29 13 11 23 9 0,0.136535838 0.224519759 0.0331613384 0.0197631512 0.603763938,WITNESS,pure-path one_aux_T,,9.179115295410156e-05,7.724761962890625e-05,0.009189128875732422,35.63671875,35.63671875,35.63671875
sparse,30,30,sparse_N30_seed30,ok,30,62,0,29,0,4,6,0.597715076059103,0.9772154092788696,0.27695383119862527,0.2073409556178376,0.6056580618023872,1,-0.3903741204412654,-0.38625866372603923,-1.2979766541393474,0.07645641257593648,0.3089028449526562,1.7566123040004442,0.27751142833457376,0.8,GIRTH,0.007942985743284225,bracket >= 0 and every cycle weighs >= girth,,witness,-0.12934872333426028,,,,,,,aux_free,3 24 12 0 16 6 27,0.0612281486 0.0808969885 0.00100000005 0.25966689 0.0613819622 0.0696128756,WITNESS,pure-path aux_free,,0.0001163482666015625,0.0001087188720703125,0.007894039154052734,35.63671875,35.63671875,35.63671875
sparse,30,31,sparse_N30_seed31,ok,30,80,0,29,0,3,5,0.8874894082546234,0.9944125413894653,0.4137339452281594,0.3010264867916703,0.6685794219374657,1,-0.5864629214629531,-0.5841403929516673,-1.4681680044159293,0.14874601357007539,0.2797107940984854,1.2722869245358919,0.2543916163887093,0.75,OPEN,-0.21890998631715775,"neither certificate fires -- constructive search, then UNDETERMINED",,witness,-0.4143488397821784,,,,,,,one_aux_S,0 18 14 24 23,0.108062401 0.225124478 0.00945036206 0.261006653,WITNESS,pure-path one_aux_S,,0.00011229515075683594,6.437301635742188e-05,0.007895708084106445,35.74609375,35.74609375,35.74609375
sparse,30,32,sparse_N30_seed32,ok,30,71,0,8,1,3,5,0.691915787756443,0.9805026054382324,0.2871613297611475,0.1961673591285944,0.860495425760746,1,-0.4957484286278486,-0.48885894007980824,-1.385257063433528,0.1176124339902856,0.249014115453798,1.4502502380680231,0.21263500840688224,0.75,GIRTH,0.16857963800430298,bracket >= 0 and every cycle weighs >= girth,,witness,-0.2267245389521122,,,,,,,one_aux_S,0 28 3 19 20,0.332329094 0.0772149935 0.0216095187 0.0680752844,WITNESS,pure-path one_aux_S,,0.00015807151794433594,7.390975952148438e-05,0.009791851043701172,35.63671875,35.63671875,35.63671875
sparse,30,33,sparse_N30_seed33,ok,30,70,0,29,0,5,7,1.2177270101383328,0.9922499060630798,0.5138460295274854,0.3788883285596967,0.7011589109897614,1,-0.8388386815786362,-0.8280817084014416,-1.6961308866739273,0.1227238221639014,0.3014081770200889,1.2963126603922035,0.2592865816155949,0.8333333333333334,OPEN,-0.5165680991485715,"neither certificate fires -- constructive search, then UNDETERMINED",,witness,-0.26306459680199623,,,,,,,one_aux_S,0 12 9 27 18 2 23,0.00864458829 0.00816631038 0.105262749 0.583646238 0.215590805 0.0667034462,WITNESS,pure-path one_aux_S,,0.00012254714965820312,7.82012939453125e-05,0.008248090744018555,35.73046875,35.73046875,35.73046875
sparse,30,34,sparse_N30_seed34,ok,30,65,0,29,0,3,5,0.9316656589508057,0.9898728728294373,0.08708342886529863,0.038940265541896224,0.5708760344423354,1,-0.8927253934089094,-0.8766126011032611,-1.8344551029149443,0.15686621392229,0.05608241198674267,1.2374859027931855,0.0313472959702213,0.75,OPEN,-0.3607896245084703,"neither certificate fires -- constructive search, then UNDETERMINED",,witness,-0.026061557233333588,,,,,,,one_aux_S,0 27 6 20 7,0.364486486 0.243156061 0.19083935 0.21424441,WITNESS,pure-path one_aux_S,,0.00013375282287597656,6.270408630371094e-05,0.00800776481628418,35.85546875,35.85546875,35.85546875
sparse,30,35,sparse_N30_seed35,ok,30,67,0,29,0,7,9,0.7503505701897666,0.9814040064811707,0.6078335548518226,0.4561913962243125,0.4368118681013584,1,-0.2941591739654541,-0.28550737351179123,-1.1239210218191147,0.05461203433582819,0.6300514057473894,1.7950545782339802,0.5319746363294192,0.875,OPEN,-0.2941591739654541,"neither certificate fires -- constructive search, then UNDETERMINED",0.3955278071225621,ok,0.06006082519888878,0.06006082519888878,0.15568114817142487,0.14874830842018127,0.30442945659160614,both_aux,1824,,,,UNDETERMINED,"cycle leg OPEN (neither certificate fired, no witness found)",,9.655952453613281e-05,0.0007045269012451172,0.010135173797607422,35.85546875,35.85546875,35.85546875
sparse,30,36,sparse_N30_seed36,ok,30,68,0,29,0,4,6,1.0939385872334242,0.9632295966148376,0.32060462422668934,0.25056238658726215,0.7114975526928902,1,-0.843376200646162,-0.8428190536797047,-1.7365635596215725,0.1419623357554041,0.1953824635546193,1.253676826015648,0.18323689429106663,0.8,OPEN,-0.382441034540534,"neither certificate fires -- constructive search, then UNDETERMINED",,witness,-0.3669489473104477,,,,,,,one_aux_S,0 10 13 22 16 25,0.0283585619 0.0510667115 0.511225998 0.112360984 0.0479547679,WITNESS,pure-path one_aux_S,,0.00022864341735839844,0.00011754035949707031,0.012525081634521484,35.85546875,35.85546875,35.85546875
sparse,30,37,sparse_N30_seed37,ok,30,67,0,29,0,4,6,0.9385236974339932,0.9877889156341553,0.3049699019175023,0.19070003437809646,0.6532298054080456,1,-0.7478236630558968,-0.7276894338428974,-1.6213427111506462,0.11876572041095769,0.2166309369714137,1.368328164992784,0.16255319702591395,0.8,OPEN,-0.28529389202594757,"neither certificate fires -- constructive search, then UNDETERMINED",,witness,-0.039254384813830256,,,,,,,one_aux_S,0 8 20 7 27 23,0.138092682 0.193687618 0.20074825 0.248343989 0.236793548,WITNESS,pure-path one_aux_S,,0.00016045570373535156,0.00011610984802246094,0.012826204299926758,35.85546875,35.85546875,35.85546875
sparse,30,38,sparse_N30_seed38,ok,30,76,0,29,0,4,6,0.8791762292385101,0.992395281791687,0.3589939624071121,0.2600433975458145,0.44622890651226044,1,-0.6191328316926956,-0.6115016639232635,-1.512577548623085,0.11073916882837637,0.27221994898417673,1.4191857095220757,0.23662459370271968,0.8,OPEN,-0.4329473227262497,"neither certificate fires -- constructive search, then UNDETERMINED",,witness,-0.2609848566353321,,,,,,,one_aux_S,0 16 5 7 28 2,0.195053726 0.119256824 0.170691207 0.0836882293 0.0990027711,WITNESS,pure-path one_aux_S,,9.560585021972656e-05,7.987022399902344e-05,0.008310794830322266,35.85546875,35.85546875,35.85546875
sparse,30,39,sparse_N30_seed39,ok,30,70,0,2,1,3,5,0.5899755395948887,0.9987696409225464,0.10630969749763608,0.06505572097375989,0.37939316034317017,1,-0.5249198186211288,-0.5185808609239757,-1.482435483019799,0.09845038592514993,0.10811603908592665,1.6157400507909458,0.0827013790500928,0.75,OPEN,-0.21058237925171852,"neither certificate fires -- constructive search, then UNDETERMINED",,witness,-0.21358878910541534,,,,,,,one_aux_S,0 25 10 6 3,0.121122293 0.206061408 0.0285760611 0.0412539765,WITNESS,pure-path one_aux_S,,0.00010609626770019531,5.936622619628906e-05,0.009610176086425781,35.85546875,35.85546875,35.85546875
sparse,30,40,sparse_N30_seed40,ok,30,70,0,29,0,3,5,0.7544117793440819,0.9958841800689697,0.22930243937298656,0.14091114280745387,0.6735678594559431,1,-0.613500636536628,-0.6073650610633194,-1.520993520040065,0.12625493915230102,0.1823691880095128,1.3920482214115224,0.14008709831847546,0.75,OPEN,-0.08084391988813877,"neither certificate fires -- constructive search, then UNDETERMINED",,witness,-0.16734269494190812,,,,,,,one_aux_S,0 14 13 23 27,0.18055962 0.366537184 0.00191220781 0.0761201456,WITNESS,pure-path one_aux_S,,0.00011706352233886719,6.461143493652344e-05,0.007936477661132812,35.85546875,35.85546875,35.85546875
sparse,40,1,sparse_N40_seed1,ok,40,91,0,39,0,5,7,1.3301469753496349,0.9988796710968018,0.18264481844380498,0.14085320429876447,0.6597845554351807,1,-1.1892937710508704,-1.1878825342282653,-2.1463818280026317,0.13316388488406125,0.09807982653076794,1.2506816859920105,0.0882441357415538,0.8333333333333334,OPEN,-0.6703624199144542,"neither certificate fires -- constructive search, then UNDETERMINED",,witness,-0.3868414778262377,,,,,,,one_aux_S,0 1 2 11 34 8 17,0.0773238167 0.0534427352 0.00731369434 0.265550345 0.518779099 0.0417916141,WITNESS,pure-path one_aux_S,,0.0003032684326171875,0.00013637542724609375,0.012715578079223633,35.86328125,35.86328125,35.86328125
sparse,40,2,sparse_N40_seed2,ok,40,87,0,39,0,3,5,0.720255933701992,0.9860686659812927,0.2496220855973661,0.13934430619701743,1.102163718547672,1,-0.5809116275049746,-0.5601169937290251,-1.4567025140859187,0.12173863723530595,0.20794448799416457,1.421431899280359,0.14509874165230224,0.75,GIRTH,0.38190778484568,bracket >= 0 and every cycle weighs >= girth,,witness,-0.12884965538978577,,,,,,,one_aux_S,0 8 5 32 7,0.118860729 0.171549037 0.132217601 0.337557822,WITNESS,pure-path one_aux_S,,0.00028443336486816406,7.033348083496094e-05,0.008498191833496094,35.85546875,35.85546875,35.85546875
sparse,40,3,sparse_N40_seed3,ok,40,98,0,39,0,3,5,0.25552692636847496,0.9984261393547058,0.1030846000649035,0.06472530821338296,0.48373832693323493,1,-0.190801618155092,-0.18388139037415385,-1.1508684656582773,0.04265495401486332,0.24205182959760596,2.9443935718499317,0.18997599137570273,0.75,GIRTH,0.22821140056475997,bracket >= 0 and every cycle weighs >= girth,,ok,0.062021102756261826,0.6977766081690788,0.09359133988618851,0.062021102756261826,0.11384483426809311,one_aux_T,199,,,,CERTIFIED,GIRTH,,0.0001246929168701172,0.00015497207641601562,0.008402824401855469,35.85546875,35.85546875,35.85546875
sparse,40,4,sparse_N40_seed4,ok,40,88,0,39,0,5,7,1.4238367080688477,0.987273097038269,0.3208256037905812,0.24337769020348787,0.4985233135521412,1,-1.1804590178653598,-1.174549694173038,-2.0902842013165355,0.1442191337270539,0.16094622667476563,1.2095637650036977,0.14244241680727412,0.8333333333333334,OPEN,-0.9253133945167065,"neither certificate fires -- constructive search, then UNDETERMINED",,witness,-0.1715362025424838,,,,,,,one_aux_S,0 18 25 16 26 11 23,0.374168128 0.206011638 0.0152209336 0.0956399441 0.519134045 0.0842516348,WITNESS,pure-path one_aux_S,,0.00012040138244628906,9.512901306152344e-05,0.007905721664428711,35.85546875,35.85546875,35.85546875
sparse,40,5,sparse_N40_seed5,ok,40,112,0,39,0,3,5,0.3522641249001026,0.9991551041603088,0.06916081043891609,0.034935618517920375,0.38108890131115913,1,-0.31732850638218224,-0.3113499612081796,-1.2822584186214954,0.0587603338449549,0.11779935375229453,2.3018283160858166,0.07438087513416457,0.75,GIRTH,0.02882477641105652,bracket >= 0 and every cycle weighs >= girth,,ok,0.0011429894948378205,0.9943355396389961,0.0067900188732892275,0.0011429894948378205,0.007933008368127048,one_aux_T,272,,,,CERTIFIED,GIRTH,,0.00022268295288085938,0.00030493736267089844,0.013203859329223633,35.85546875,35.85546875,35.85546875
sparse,40,6,sparse_N40_seed6,ok,40,94,0,1,1,3,5,0.6038543954491615,0.9814549088478088,0.31044942617882043,0.18831496417988092,0.6963787525892258,1,-0.4155394312692806,-0.3990708430064842,-1.27485987811815,0.10254408871384352,0.3084678311710232,1.5751902937970128,0.23389118999432928,0.75,GIRTH,0.09252435714006424,bracket >= 0 and every cycle weighs >= girth,,witness,-0.19902329560136423,,,,,,,one_aux_S,0 11 26 7 38,0.197307244 0.0845324248 0.122134462 0.0017139382,WITNESS,pure-path one_aux_S,,0.00030112266540527344,0.00011849403381347656,0.01831197738647461,35.85546875,35.85546875,35.85546875
sparse,40,7,sparse_N40_seed7,ok,40,92,0,39,0,4,6,0.9886033236980438,0.9914989471435547,0.1320324377156794,0.09795586997643113,0.2372874766588211,1,-0.8906474537216127,-0.8890390894375741,-1.848069833125919,0.12463494370646422,0.08903634353010868,1.3352860029067266,0.0792680887294694,0.8,OPEN,-0.7513158470392227,"neither certificate fires -- constructive search, then UNDETERMINED",,witness,-0.46148796007037163,,,,,,,one_aux_S,0 7 38 29 26 10,0.266041845 0.0340765677 0.0865394697 0.100442842 0.080029279,WITNESS,pure-path one_aux_S,,9.083747863769531e-05,7.987022399902344e-05,0.008087635040283203,35.85546875,35.85546875,35.85546875
sparse,40,8,sparse_N40_seed8,ok,40,96,0,39,0,5,7,0.7686357535421848,0.992882490158081,0.2198198875412345,0.16744738351553679,0.4884999543428421,1,-0.601188370026648,-0.5993193117901683,-1.5416983561590314,0.07741457434905585,0.20427647902535243,1.6369617352957369,0.18154175839452286,0.8333333333333334,OPEN,-0.2801357991993427,"neither certificate fires -- constructive search, then UNDETERMINED",,witness,-0.06655126437544823,,,,,,,one_aux_S,0 19 32 27 3 17 36,0.23036553 0.11297629 0.04733181 0.158691958 0.0486343876 0.208169028,WITNESS,pure-path one_aux_S,,0.00017213821411132812,9.632110595703125e-05,0.008554220199584961,35.85546875,35.85546875,35.85546875
sparse,40,9,sparse_N40_seed9,ok,40,93,0,6,1,3,5,1.2323545962572098,0.9922469258308411,0.18819695385172963,0.11514693917706609,0.8117507100105286,1,-1.1172076570801437,-1.1057336456142366,-2.036404568236321,0.20699729811463322,0.09162798812450744,1.0830980931191716,0.0700773987008971,0.75,OPEN,-0.4206038862466812,"neither certificate fires -- constructive search, then UNDETERMINED",,witness,-0.06813567131757736,,,,,,,one_aux_S,0 8 20 18 29,0.306658894 0.621644676 0.126229733 0.219371244,WITNESS,pure-path one_aux_S,,0.00020313262939453125,7.009506225585938e-05,0.010827302932739258,35.85546875,35.85546875,35.85546875
sparse,40,10,sparse_N40_seed10,ok,40,90,0,39,0,3,5,1.1411845684051514,0.9976902604103088,0.11729423981159925,0.06113723944872618,0.552700593136251,1,-1.0800473289564252,-1.0620794706046581,-2.021580589003861,0.1906377516297542,0.06166972971367237,1.124555074454583,0.040180117095892594,0.75,OPEN,-0.5884839752689004,"neither certificate fires -- constructive search, then UNDETERMINED",,witness,-0.24500849843025208,,,,,,,one_aux_S,0 14 33 36 26,0.446815372 0.197668642 0.0698591918 0.36366573,WITNESS,pure-path one_aux_S,,0.00013589859008789062,7.224082946777344e-05,0.007816314697265625,35.85546875,35.85546875,35.85546875
sparse,40,11,sparse_N40_seed11,ok,40,102,0,39,0,5,7,1.2934637814760208,0.998266339302063,0.18396685738116503,0.13679771963506937,0.4357270672917366,1,-1.1566660618409514,-1.1554415626451373,-2.1077632633969188,0.12957101031577853,0.10159147864152211,1.2655554099876487,0.08813397122399791,0.8333333333333334,OPEN,-0.8577367141842842,"neither certificate fires -- constructive search, then UNDETERMINED",,witness,-0.1853817051742226,,,,,,,one_aux_S,0 32 3 10 1 29 19,0.26858601 0.393719792 0.0907733366 0.253351182 0.09834297 0.00661757169,WITNESS,pure-path one_aux_S,,0.00014829635620117188,0.00010609626770019531,0.009029150009155273,35.85546875,35.85546875,35.85546875
sparse,40,12,sparse_N40_seed12,ok,40,102,0,4,1,3,5,0.5773337930440903,0.9926825761795044,0.15144752711057663,0.10311287641525269,0.5629146471619606,1,-0.4742209166288376,-0.4688893035054207,-1.418568842113018,0.09693158835426367,0.15739337859858563,1.6316554355276007,0.13395137828963627,0.75,OPEN,-0.01441914588212967,"neither certificate fires -- constructive search, then UNDETERMINED",,witness,-0.022352594882249832,,,,,,,one_aux_S,0 37 39 16 8,0.186099306 0.0942131951 0.263748467 0.0218404606,WITNESS,pure-path one_aux_S,,0.00018858909606933594,7.414817810058594e-05,0.011688947677612305,35.85546875,35.85546875,35.85546875
sparse,40,13,sparse_N40_seed13,ok,40,101,0,8,1,3,5,0.5824845823226497,0.9818779826164246,0.03546362789347768,0.013041884172707796,0.4005476280581206,1,-0.5694426981499419,-0.5626361261820421,-1.5288989370455965,0.09887253349112594,0.03653002565534036,1.6114032327185714,0.016792570011943647,0.75,OPEN,-0.18193695426452905,"neither certificate fires -- constructive search, then UNDETERMINED",,witness,-0.40046229772269726,,,,,,,one_aux_S,0 38 9 31 19,0.00100000005 0.115892582 0.0521954559 0.0258684941,WITNESS,pure-path one_aux_S,,0.00013375282287597656,7.390975952148438e-05,0.011093854904174805,35.85546875,35.85546875,35.85546875
sparse,40,14,sparse_N40_seed14,ok,40,99,0,39,0,4,6,1.3494136780500412,0.9962631464004517,0.13734283158555627,0.08288231724873185,0.4807182168588042,1,-1.2665313608013093,-1.2609394672326744,-2.2083339928649366,0.16930939417531654,0.06785308998498882,1.158862234072946,0.04913678798246673,0.8,OPEN,-0.868695461191237,"neither certificate fires -- constructive search, then UNDETERMINED",,witness,-0.18825970264151692,,,,,,,one_aux_S,0 1 15 4 8 2,0.346472532 0.111276165 0.00658542244 0.641741037 0.110157639,WITNESS,pure-path one_aux_S,,0.00020074844360351562,0.0001289844512939453,0.01266336441040039,35.85546875,35.85546875,35.85546875
sparse,40,15,sparse_N40_seed15,ok,40,96,0,1,1,3,5,0.19493736769072711,0.965971827507019,0.17009710404090583,0.12206863868050277,0.5619234386831522,1,-0.07286872901022434,-0.07232906855642796,-0.9908120911568403,0.03363406711936614,0.5235438624905484,3.573175966055591,0.46964561025378027,0.75,GIRTH,0.3669860709924251,bracket >= 0 and every cycle weighs >= girth,,ok,0.023474572226405144,0.8681537061929703,0.11059998720884323,0.023474572226405144,0.088475551456213,one_aux_T,74,,,,CERTIFIED,GIRTH,,0.00011110305786132812,0.00010180473327636719,0.011106729507446289,35.85546875,35.85546875,35.85546875
sparse,40,16,sparse_N40_seed16,ok,40,107,0,39,0,6,8,0.9469970986247063,0.995529294013977,0.4345586486160755,0.34829384461045265,0.47552987188100815,1,-0.5987032540142536,-0.5957836173474789,-1.5079677440226078,0.07927082142123706,0.3441604910251345,1.5384363865473447,0.315246563614852,0.8571428571428571,OPEN,-0.4714672267436981,"neither certificate fires -- constructive search, then UNDETERMINED",,witness,-0.0755526963621378,,,,,,,one_aux_T,39 4 11 1 12 22 7 32,0.106834501 0.0980534777 0.265089214 0.016265234 0.121341087 0.179280698 0.169160381,WITNESS,pure-path one_aux_T,,0.00019788742065429688,0.00014901161193847656,0.008517980575561523,35.85546875,35.85546875,35.85546875
sparse,40,17,sparse_N40_seed17,ok,40,93,0,39,0,3,5,0.6330336183309555,0.9985895752906799,0.16650074860081077,0.11010843282565475,0.5068456679582596,1,-0.5229251855053008,-0.5165309426374733,-1.4651224450208247,0.10565462094319138,0.1578122334543339,1.5464801360062448,0.13045330015327372,0.75,OPEN,-0.12618795037269592,"neither certificate fires -- constructive search, then UNDETERMINED",,witness,-0.16590490425005555,,,,,,,one_aux_S,0 19 12 30 11,0.132225007 0.191862106 0.00779611384 0.270490974,WITNESS,pure-path one_aux_S,,0.00024580955505371094,0.00011301040649414062,0.013388633728027344,35.85546875,35.85546875,35.85546875
sparse,40,18,sparse_N40_seed18,ok,40,90,0,39,0,5,7,1.0952063722070307,0.9986229538917542,0.2123433433007449,0.14736189763061702,0.5733744939789176,1,-0.9478444745764136,-0.9386801375076175,-1.88148598279804,0.10967166015350231,0.1384888003689571,1.3655804182101028,0.11212643066656108,0.8333333333333334,OPEN,-0.521831878228113,"neither certificate fires -- constructive search, then UNDETERMINED",,witness,-0.5381527857389301,,,,,,,one_aux_S,0 1 4 6 24 28 18,0.183903053 0.0261013489 0.0466527715 0.0273151398 0.207102403 0.13195774,WITNESS,pure-path one_aux_S,,0.00016188621520996094,9.083747863769531e-05,0.00815892219543457,35.85546875,35.85546875,35.85546875
sparse,40,19,sparse_N40_seed19,ok,40,81,0,39,0,4,6,1.6587572395801544,0.9947240352630615,0.18017028644680977,0.1297685131430626,0.44090163335204124,1,-1.5289887264370918,-1.5218308549374342,-2.473310988396406,0.2084444002528657,0.07241175588073089,1.0664535318078792,0.06258589746425251,0.8,OPEN,-1.2178556062281132,"neither certificate fires -- constructive search, then UNDETERMINED",,witness,-0.2385115697979927,,,,,,,one_aux_S,0 28 12 8 1 22,0.387276083 0.324137449 0.573487043 0.127355292 0.0159796029,WITNESS,pure-path one_aux_S,,0.00010538101196289062,7.891654968261719e-05,0.008726835250854492,35.85546875,35.85546875,35.85546875
sparse,40,20,sparse_N40_seed20,ok,40,103,0,39,0,5,7,1.0977145358920097,0.9894596338272095,0.18633538763970137,0.14618059899657965,0.5021097809076309,1,-0.9515339368954301,-0.951451557688415,-1.9008387820795178,0.11094081035383652,0.12124892319912146,1.3581296811790147,0.11097344696405397,0.8333333333333334,OPEN,-0.5956047549843788,"neither certificate fires -- constructive search, then UNDETERMINED",,witness,-0.3098465884104371,,,,,,,one_aux_S,0 23 24 19 26 20 29,0.188026533 0.00633020047 0.373200476 0.016461065 0.0860836282 0.23553209,WITNESS,pure-path one_aux_S,,0.00016450881958007812,0.00010228157043457031,0.00839686393737793,35.85546875,35.85546875,35.85546875
sparse,40,21,sparse_N40_seed21,ok,40,103,0,39,0,3,5,1.305247038602829,0.9943227767944336,0.0902724004117772,0.046509884181432426,0.6816687677055597,1,-1.2587371544213966,-1.2473849366651848,-2.2092974149854854,0.21878325446973643,0.041496696521942926,1.057073372650797,0.026724759455047972,0.75,OPEN,-0.6235782708972692,"neither certificate fires -- constructive search, then UNDETERMINED",,witness,-0.35933553526410833,,,,,,,one_aux_S,0 8 28 30 10,0.105677068 0.275544763 0.564189672 0.00100000005,WITNESS,pure-path one_aux_S,,0.0002760887145996094,0.00011038780212402344,0.013006210327148438,35.85546875,35.85546875,35.85546875
sparse,40,22,sparse_N40_seed22,ok,40,108,0,39,0,3,5,1.049773097038269,0.9981280565261841,0.050682751345448196,0.0312725919065997,0.5235851109027863,1,-1.0185005051316693,-1.0166545539395884,-1.997218402219005,0.17529031640352621,0.028967832089680942,1.170482169532945,0.022342393795499172,0.75,OPEN,-0.5261879861354828,"neither certificate fires -- constructive search, then UNDETERMINED",,witness,-0.11124976724386215,,,,,,,one_aux_S,0 12 34 35 11,0.32820648 0.227107733 0.327342689 0.111732855,WITNESS,pure-path one_aux_S,,0.00019693374633789062,8.249282836914062e-05,0.009032726287841797,35.85546875,35.85546875,35.85546875
sparse,40,23,sparse_N40_seed23,ok,40,85,0,39,0,3,5,0.6776653006672859,0.9888129830360413,0.1422181809321046,0.0923952916637063,0.7906199842691422,1,-0.5852700090035796,-0.5800179624930024,-1.5242601027712226,0.11422202045840682,0.1259189580390774,1.4754879277977255,0.10225766123711016,0.75,GIRTH,0.11295468360185623,bracket >= 0 and every cycle weighs >= girth,,witness,-0.015013713389635086,,,,,,,one_aux_S,0 13 3 31 39,0.229338855 0.163177878 0.227838755 0.0845922008,WITNESS,pure-path one_aux_S,,0.00022792816162109375,6.651878356933594e-05,0.008979320526123047,35.85546875,35.85546875,35.85546875
sparse,40,24,sparse_N40_seed24,ok,40,90,0,39,0,5,7,1.3592073367908597,0.9796226620674133,0.3908531377092004,0.3072865614667535,0.5204632431268692,1,-1.0519207753241062,-1.0489471331238747,-1.9479768611490726,0.1387480495727165,0.20539972459873956,1.2290934658075574,0.1883981403162699,0.8333333333333334,OPEN,-0.8387440936639905,"neither certificate fires -- constructive search, then UNDETERMINED",,witness,-0.7915643565356731,,,,,,,one_aux_S,0 25 3 4 17 10 33,0.00894713867 0.0667182356 0.170886174 0.174114257 0.114480272 0.0649938062,WITNESS,pure-path one_aux_S,,0.00023818016052246094,0.00014090538024902344,0.012979745864868164,35.85546875,35.85546875,35.85546875
sparse,40,25,sparse_N40_seed25,ok,40,90,0,39,0,7,9,1.413793906569481,0.9967729449272156,0.826081071048975,0.6881463266909122,0.8301744759082794,1,-0.7256475798785686,-0.7152675911784172,-1.5844857804477215,0.10131221915142487,0.45445626602237893,1.326137650070381,0.42589519806008347,0.875,OPEN,-0.5836194306612015,"neither certificate fires -- constructive search, then UNDETERMINED",,witness,-0.026295684278011322,,,,,,,one_aux_S,0 2 9 33 28 4 14 8 1,0.0585050508 0.117174767 0.0923927799 0.296523392 0.306090385 0.211633503 0.151677445 0.307001799,WITNESS,pure-path one_aux_S,,0.0002148151397705078,0.00012302398681640625,0.00903010368347168,35.85546875,35.85546875,35.85546875
sparse,40,26,sparse_N40_seed26,ok,40,92,0,39,0,6,8,1.1597946763504297,0.9833934307098389,0.24885987234301865,0.17230266821570694,0.912749569863081,1,-0.9874920081347227,-0.9711807630956173,-1.8943282347172499,0.09828167785580147,0.1609292645182565,1.385927279260533,0.12733978206598112,0.8571428571428571,OPEN,-0.24704510648734868,"neither certificate fires -- constructive search, then UNDETERMINED",,witness,-0.38153744232840836,,,,,,,one_aux_T,39 25 26 35 33 16 5 21,0.0423946641 0.241703153 0.224893048 0.196174249 0.027024094 0.00719864853 0.0777387545,WITNESS,pure-path one_aux_T,,0.0002849102020263672,0.00011992454528808594,0.008359432220458984,36.07421875,36.07421875,36.07421875
sparse,40,27,sparse_N40_seed27,ok,40,104,0,39,0,4,6,1.0932416915893555,0.9933834075927734,0.1789205705281347,0.12956971279345453,0.282824644818902,1,-0.9636719787959009,-0.9573853670153767,-1.9077045286539942,0.13756542580051803,0.10910705406658971,1.2724390316951733,0.09481505419361458,0.8,OPEN,-0.8104170467704535,"neither certificate fires -- constructive search, then UNDETERMINED",,witness,-0.10937876254320145,,,,,,,one_aux_S,0 30 10 20 35 21,0.388221264 0.0367776342 0.0509652309 0.389754206 0.236289188,WITNESS,pure-path one_aux_S,,0.00010395050048828125,8.654594421386719e-05,0.00793766975402832,36.07421875,36.07421875,36.07421875
sparse,40,28,sparse_N40_seed28,ok,40,88,0,3,1,3,5,1.3652088791131973,0.9932423233985901,0.17979638371616602,0.11256805900484324,0.4031469663605094,1,-1.252640820108354,-1.2469407794997096,-2.1786548187956214,0.22908288121168063,0.07901928553217008,1.0365232332991154,0.06184111863414871,0.75,OPEN,-0.9620619127526879,"neither certificate fires -- constructive search, then UNDETERMINED",,witness,-0.0848011989146471,,,,,,,one_aux_S,0 4 9 7 28,0.210834697 0.590507209 0.469802082 0.0185273848,WITNESS,pure-path one_aux_S,,7.772445678710938e-05,7.128715515136719e-05,0.010716915130615234,36.07421875,36.07421875,36.07421875
sparse,40,29,sparse_N40_seed29,ok,40,86,0,3,1,3,5,1.125693529844284,0.9885057806968689,0.2546663450775668,0.17044007207732648,0.6417694166302681,1,-0.9552534577669576,-0.9465561007382348,-1.8595329654635862,0.18979715846994535,0.13573837194185231,1.1268782778738764,0.11355671030256116,0.75,OPEN,-0.48392411321401596,"neither certificate fires -- constructive search, then UNDETERMINED",,witness,-0.10921506211161613,,,,,,,one_aux_S,0 22 23 11 15,0.138529286 0.515768826 0.0513886251 0.621583462,WITNESS,pure-path one_aux_S,,0.0001614093780517578,7.605552673339844e-05,0.011161327362060547,36.07421875,36.07421875,36.07421875
sparse,40,30,sparse_N40_seed30,ok,40,85,0,4,1,3,5,1.7558242082595825,0.9857797622680664,0.12018260406330228,0.0737328720279038,1.2103836834430695,1,-1.6820913362316787,-1.6751881293021142,-2.6214213664643466,0.2968587703301682,0.04106878245485532,0.9368605208759012,0.031494983245357044,0.75,OPEN,-0.5454405248165131,"neither certificate fires -- constructive search, then UNDETERMINED",,witness,-0.6612959951162338,,,,,,,one_aux_S,0 19 12 36 14,0.532487631 0.0326433182 0.356750757 0.345293015,WITNESS,pure-path one_aux_S,,0.0002541542053222656,7.867813110351562e-05,0.011157751083374023,36.07421875,36.07421875,36.07421875
sparse,40,31,sparse_N40_seed31,ok,40,100,0,39,0,4,6,0.8055537575855851,0.9956672787666321,0.1697736857458949,0.10266731958836317,0.5389705393463373,1,-0.702886437997222,-0.696344768628478,-1.6314473506063223,0.10113239818720526,0.14050267421402352,1.4906690123746735,0.10195949667823916,0.8,OPEN,-0.2665832182392478,"neither certificate fires -- constructive search, then UNDETERMINED",,witness,-0.1749085607007146,,,,,,,one_aux_S,0 2 27 22 37 3,0.218909457 0.071206063 0.147264898 0.14455004 0.0974294767,WITNESS,pure-path one_aux_S,,0.0002574920654296875,0.00014281272888183594,0.012665987014770508,36.07421875,36.07421875,36.07421875
sparse,40,32,sparse_N40_seed32,ok,40,101,0,39,0,6,8,1.591232966631651,0.997849702835083,0.4320005476474762,0.33838117867708206,0.3948901295661926,1,-1.2528517879545689,-1.249585833400488,-2.1570821218192577,0.13288849697760527,0.20361594909729452,1.2203191128012583,0.1822743849435231,0.8571428571428571,OPEN,-1.1963428370654583,"neither certificate fires -- constructive search, then UNDETERMINED",,witness,-0.0057229697704315186,,,,,,,one_aux_S,0 28 27 30 7 16 20 39,0.765549123 0.093619369 0.291825742 0.0170929171 0.230517164 0.0383461714 0.297119021,WITNESS,pure-path one_aux_S,,0.00010991096496582031,0.0001404285430908203,0.008881330490112305,36.07421875,36.07421875,36.07421875
sparse,40,33,sparse_N40_seed33,ok,40,109,0,39,0,3,5,0.5276131220161915,0.9862938523292542,0.10208348173182458,0.0670812315074727,0.1347157545387745,1,-0.4605318905087188,-0.4558285205857828,-1.411823492613621,0.08915752656103591,0.11608901765944914,1.721610298728302,0.09535570957437364,0.75,OPEN,-0.392897367477417,"neither certificate fires -- constructive search, then UNDETERMINED",,witness,-0.17684129625558853,,,,,,,one_aux_S,0 22 35 11 15,0.173787951 0.137647539 0.0157699641 0.0471327417,WITNESS,pure-path one_aux_S,,8.463859558105469e-05,7.772445678710938e-05,0.00852346420288086,36.07421875,36.07421875,36.07421875
sparse,40,34,sparse_N40_seed34,ok,40,89,0,39,0,3,5,1.1274440810084343,0.9761508107185364,0.15057864412665367,0.11120815947651863,0.31149566918611526,1,-1.0162359215319157,-1.0145043563097715,-1.953016247600317,0.19249827462256786,0.08013451664510209,1.1194851756259656,0.07397805444398356,0.75,OPEN,-0.815948411822319,"neither certificate fires -- constructive search, then UNDETERMINED",,witness,-0.11617130041122437,,,,,,,one_aux_S,0 1 37 29 15,0.513615727 0.117680602 0.276891261 0.20617038,WITNESS,pure-path one_aux_S,,0.00015878677368164062,0.0001010894775390625,0.012749910354614258,36.07421875,36.07421875,36.07421875
sparse,40,35,sparse_N40_seed35,ok,40,101,0,1,1,3,5,0.21488603204488754,0.9882916212081909,0.09883143450133502,0.04949283669702709,0.2155393362045288,1,-0.16539319534786046,-0.15225883875973523,-1.1043462187517434,0.03623863433180253,0.27595493358271916,3.3594858869237627,0.17274099749311017,0.75,GIRTH,0.0006533041596412659,bracket >= 0 and every cycle weighs >= girth,,witness,-0.0173316712025553,,,,,,,aux_free,1 5 16 0 30 24,0.054948952 0.0493385978 0.110598482 0.00319207064 0.0139014684,WITNESS,pure-path aux_free,,8.96453857421875e-05,9.989738464355469e-05,0.011138200759887695,36.07421875,36.07421875,36.07421875
sparse,40,36,sparse_N40_seed36,ok,40,89,0,10,1,3,5,0.7798504084348679,0.9881828427314758,0.15753161534667015,0.10277074947953224,0.2908388003706932,1,-0.6770796589553356,-0.6714935377240181,-1.6105016358196735,0.1315293713390213,0.12120141014954178,1.3602864590772406,0.09883698370350556,0.75,OPEN,-0.48901160806417465,"neither certificate fires -- constructive search, then UNDETERMINED",,witness,-0.07902335003018379,,,,,,,one_aux_S,0 23 15 29 13,0.374515533 0.107594155 0.181433097 0.0745685473,WITNESS,pure-path one_aux_S,,7.534027099609375e-05,7.05718994140625e-05,0.010734796524047852,36.07421875,36.07421875,36.07421875
sparse,40,37,sparse_N40_seed37,ok,40,97,0,2,1,3,5,1.1698267757892609,0.995665967464447,0.3799116984009743,0.2506582513451576,0.5529561713337898,1,-0.9191685244441032,-0.9145086146891117,-1.7855810448527336,0.19581981876383872,0.19485536128782216,1.1106735397431928,0.16070215898591678,0.75,OPEN,-0.616870604455471,"neither certificate fires -- constructive search, then UNDETERMINED",,witness,-0.276358000934124,,,,,,,one_aux_S,0 3 12 18 36,0.0758380592 0.129253447 0.582882464 0.210989609,WITNESS,pure-path one_aux_S,,0.00011515617370605469,7.343292236328125e-05,0.010704278945922852,36.07421875,36.07421875,36.07421875
sparse,40,38,sparse_N40_seed38,ok,40,96,0,3,1,3,5,0.7464555576443672,0.9856927990913391,0.21736900182440877,0.13781498046591878,0.9804370030760765,1,-0.6086405771784484,-0.5919120903126895,-1.5147793549112976,0.1262150435937862,0.1747209190942641,1.3922985814737157,0.13846937609470295,0.75,GIRTH,0.2339814454317093,bracket >= 0 and every cycle weighs >= girth,,witness,-0.10469067096710205,,,,,,,one_aux_S,0 13 1 29 2,0.0437736064 0.420847028 0.125586271 0.103115961,WITNESS,pure-path one_aux_S,,0.00030231475830078125,6.842613220214844e-05,0.011133909225463867,36.07421875,36.07421875,36.07421875
sparse,40,39,sparse_N40_seed39,ok,40,100,0,39,0,7,9,0.9203355796635151,0.994066059589386,0.36888281628489494,0.31144755706191063,0.3055107332766056,1,-0.6088880226016045,-0.6062528137117624,-1.5455188229680061,0.06613067115218203,0.31174374157670937,1.6178653587386502,0.29610570149728094,0.875,OPEN,-0.6088880226016045,"neither certificate fires -- constructive search, then UNDETERMINED",,witness,-0.025191936641931534,,,,,,,one_aux_S,0 35 10 28 6 17 30 37 38,0.333197236 0.0515424795 0.206448302 0.0794164389 0.0668973327 0.0587331615 0.0344438329 0.128929719,WITNESS,pure-path one_aux_S,,0.00015997886657714844,0.00012063980102539062,0.008919715881347656,36.07421875,36.07421875,36.07421875
sparse,40,40,sparse_N40_seed40,ok,40,95,0,39,0,3,5,0.9502893537282944,0.9758097529411316,0.14456824760418385,0.09314482088666409,0.4884794559329748,1,-0.8571445328416303,-0.8536550590069965,-1.7815308590652421,0.162307825349508,0.09127845978932347,1.2161132390546388,0.07351299411165661,0.75,OPEN,-0.46180989779531956,"neither certificate fires -- constructive search, then UNDETERMINED",,witness,-0.08676460105925798,,,,,,,one_aux_S,0 28 11 15 8,0.492026687 0.316601157 0.044444479 0.0209048595,WITNESS,pure-path one_aux_S,,0.000217437744140625,0.00011491775512695312,0.013202428817749023,36.07421875,36.07421875,36.07421875
sparse,60,1,sparse_N60_seed1,ok,60,144,0,59,0,5,7,1.089878786355257,0.9907703399658203,0.27240822091698647,0.22381358593702316,0.6299841105937958,1,-0.8660652004182339,-0.8650802187621593,-1.8082409054040909,0.11000317050194051,0.17853113859174236,1.3636176481076707,0.17113033481265572,0.8333333333333334,OPEN,-0.45989467576146126,"neither certificate fires -- constructive search, then UNDETERMINED",,witness,-0.21013711579144,,,,,,,one_aux_T,59 46 3 6 44 5 12,0.0413469858 0.0266906116 0.106680438 0.0387790985 0.38576439 0.560960293,WITNESS,pure-path one_aux_T,,0.0002300739288330078,0.000164031982421875,0.008375406265258789,36.07421875,36.07421875,36.07421875
sparse,60,2,sparse_N60_seed2,ok,60,137,0,59,0,7,9,0.8589282976463437,0.9956690669059753,0.1694495000410825,0.13147677783854306,0.2593853548169136,1,-0.7274515198078007,-0.7263374493923038,-1.6851478645112365,0.061618888544065636,0.15344011362607787,1.6793772202251371,0.13393688498093095,0.875,OPEN,-0.5995429428294301,"neither certificate fires -- constructive search, then UNDETERMINED",,witness,-0.07637840788811445,,,,,,,one_aux_T,59 10 18 34 31 53 8 32 57,0.0514950417 0.299755216 0.0337567292 0.0637276918 0.0829941407 0.0222910792 0.20954363 0.0379727222,WITNESS,pure-path one_aux_T,,0.0003113746643066406,0.00031113624572753906,0.01339101791381836,36.07421875,36.07421875,36.07421875
sparse,60,3,sparse_N60_seed3,ok,60,147,0,59,0,6,8,0.6144107468426228,0.9851104617118835,0.21364350244402885,0.16778404638171196,0.5391173735260963,1,-0.4466267004609108,-0.44112081825733185,-1.3858777061104774,0.05197477598729771,0.2607907294207277,1.9525063853141875,0.23406963116718968,0.8571428571428571,OPEN,-0.07529337331652641,"neither certificate fires -- constructive search, then UNDETERMINED",,witness,-0.0057352446019649506,,,,,,,one_aux_S,0 8 37 54 52 56 46 38,0.0827002302 0.181169376 0.0273767821 0.118352562 0.0458594561 0.121526517 0.0633811578,WITNESS,pure-path one_aux_S,,0.0003294944763183594,0.00018787384033203125,0.008838653564453125,36.07421875,36.07421875,36.07421875
sparse,60,4,sparse_N60_seed4,ok,60,148,0,1,1,3,5,1.3240990936756134,0.9883666634559631,0.051989742554724216,0.03651176579296589,0.30930449813604355,1,-1.2875873278826475,-1.287027676589787,-2.2604760145768523,0.2232806815920107,0.023558543074176142,1.0478667804441983,0.020681098926447185,0.75,OPEN,-1.0147945955395699,"neither certificate fires -- constructive search, then UNDETERMINED",,witness,-0.15904945135116577,,,,,,,one_aux_S,0 52 46 15 43,0.262544602 0.316660643 0.305378258 0.560932279,WITNESS,pure-path one_aux_S,,0.0001697540283203125,0.00013875961303710938,0.014382600784301758,36.07421875,36.07421875,36.07421875
sparse,60,5,sparse_N60_seed5,ok,60,162,0,59,0,5,7,0.5904226480051875,0.9947841763496399,0.12593258533161134,0.08519222203176469,0.7643085895106196,1,-0.5052304259734228,-0.49794696655590087,-1.459274239023216,0.05935183349736655,0.15235161958869564,1.917762796956475,0.12024186165565272,0.8333333333333334,GIRTH,0.17388594150543213,bracket >= 0 and every cycle weighs >= girth,,witness,-0.11228006519377232,,,,,,,aux_free,2 48 38 37 46 54 3 34,0.187950268 0.0909613371 0.12367136 0.0671991631 0.059650179 0.00915334839 0.0670641214,WITNESS,pure-path aux_free,,0.0004878044128417969,0.00016736984252929688,0.008727073669433594,36.07421875,36.07421875,36.07421875
sparse,60,6,sparse_N60_seed6,ok,60,129,0,59,0,4,6,1.461837112903595,0.998199999332428,0.14367353450506926,0.10657501872628927,0.4128435477614403,1,-1.3552620941773057,-1.3532395279034972,-2.3163635777309537,0.1830591456974099,0.0655219076675812,1.1218929434847629,0.058323881798077,0.8,OPEN,-1.0489935651421547,"neither certificate fires -- constructive search, then UNDETERMINED",,witness,-1.0109503865242004,,,,,,,one_aux_S,0 32 31 22 44 14,0.0842325091 0.161869094 0.0399855189 0.132055908 0.0654873922,WITNESS,pure-path one_aux_S,,0.00018525123596191406,0.00025343894958496094,0.008640289306640625,36.07421875,36.07421875,36.07421875
sparse,60,7,sparse_N60_seed7,ok,60,143,0,59,0,3,5,0.9362127184867859,0.9914506077766418,0.14503598911687732,0.09537069452926517,0.7137074992060661,1,-0.8408420239575207,-0.8347466164268553,-1.7826273371465504,0.15738096467664206,0.09295066361711113,1.235400858073668,0.0764014624930119,0.75,OPEN,-0.22250521928071976,"neither certificate fires -- constructive search, then UNDETERMINED",,witness,-0.07305401237681508,,,,,,,one_aux_S,0 33 16 58 46,0.349604219 0.3550511 0.00572754769 0.305551678,WITNESS,pure-path one_aux_S,,0.00022530555725097656,0.00014352798461914062,0.009094715118408203,36.07421875,36.07421875,36.07421875
sparse,60,8,sparse_N60_seed8,ok,60,130,0,5,1,3,5,2.079218566417694,0.9900544881820679,0.17821173463016748,0.1280335122719407,0.4319295175373554,1,-1.9511850541457534,-1.947715942747891,-2.8910613199695945,0.3500175312296099,0.05142655154447093,0.8856999752232424,0.04618328046646783,0.75,OPEN,-1.6472890488803387,"neither certificate fires -- constructive search, then UNDETERMINED",,witness,-1.0531323701143265,,,,,,,one_aux_S,0 25 20 21 29,0.392426014 0.201129973 0.333575368 0.197909683,WITNESS,pure-path one_aux_S,,0.0002384185791015625,0.0002589225769042969,0.024538755416870117,36.07421875,36.07421875,36.07421875
sparse,60,9,sparse_N60_seed9,ok,60,125,0,1,1,3,5,1.1842887699604034,0.9991343021392822,0.217676205560565,0.16318206675350666,0.7182357162237167,1,-1.0211067032068968,-1.017102163285017,-1.9657468665391207,0.197552482421479,0.11028199088699102,1.1061946009195147,0.10334181423439655,0.75,OPEN,-0.4660530537366867,"neither certificate fires -- constructive search, then UNDETERMINED",,witness,-0.6741305254399776,,,,,,,one_aux_S,0 59 18 22 48,0.0544941388 0.206036091 0.0456276461 0.408000737,WITNESS,pure-path one_aux_S,,0.0003037452697753906,0.00013113021850585938,0.013543128967285156,36.07421875,36.07421875,36.07421875
sparse,60,10,sparse_N60_seed10,ok,60,147,0,59,0,3,5,1.4692555516958237,0.9954311847686768,0.06357721134554595,0.03955766081344336,0.5315357148647308,1,-1.4296978908823803,-1.428627442684956,-2.4011095251189545,0.2459998531586518,0.02596303057238671,1.0065043076895959,0.020192706146891365,0.75,OPEN,-0.9377198368310928,"neither certificate fires -- constructive search, then UNDETERMINED",,witness,-0.4689283221960068,,,,,,,one_aux_S,0 49 45 42 39,0.480169326 0.137899697 0.343393803 0.0777288079,WITNESS,pure-path one_aux_S,,0.00043845176696777344,0.0001919269561767578,0.013698101043701172,36.07421875,36.07421875,36.078125
sparse,60,11,sparse_N60_seed11,ok,60,152,0,59,0,4,6,1.075675331056118,0.9947057962417603,0.16420755628496408,0.11805338505655527,0.5501580275595188,1,-0.9576219459995627,-0.9558115256950259,-1.9061735710129142,0.13517506069637378,0.10177020986666553,1.28315119350194,0.08779852555744548,0.8,OPEN,-0.5255173034965992,"neither certificate fires -- constructive search, then UNDETERMINED",,witness,-0.5439588697627187,,,,,,,one_aux_S,0 41 43 33 50 24,0.137756631 0.102372646 0.212555245 0.0117865382 0.134490803,WITNESS,pure-path one_aux_S,,0.00025582313537597656,0.0001125335693359375,0.00838160514831543,36.07421875,36.07421875,36.07421875
sparse,60,12,sparse_N60_seed12,ok,60,151,0,59,0,5,7,1.6143981590867043,0.9983020424842834,0.27467341907322407,0.20657546259462833,0.5742715001106262,1,-1.407822696492076,-1.3976514339447021,-2.3380267824977636,0.16171440008970234,0.12152844590024099,1.1559815149624026,0.106631823048066,0.8333333333333334,OPEN,-1.040126658976078,"neither certificate fires -- constructive search, then UNDETERMINED",,witness,-0.4972063135355711,,,,,,,one_aux_S,0 41 53 9 44 23 52,0.380534977 0.109488606 0.452058822 0.10705737 0.0477554314 0.0405932777,WITNESS,pure-path one_aux_S,,0.00021076202392578125,0.00017595291137695312,0.00843358039855957,36.07421875,36.07421875,36.07421875
sparse,60,13,sparse_N60_seed13,ok,60,158,0,59,0,3,5,0.6060505136847496,0.9840337038040161,0.07351255579851568,0.043748089810833335,0.43666259199380875,1,-0.5623024238739163,-0.5564078327734023,-1.51657166169025,0.10264731640490181,0.07277864218105902,1.5742095897133908,0.05413916268899063,0.75,OPEN,-0.16938792169094086,"neither certificate fires -- constructive search, then UNDETERMINED",,witness,-0.0006290897727012634,,,,,,,one_aux_S,0 25 30 58 41,0.163091019 0.173294544 0.187582284 0.162907153,WITNESS,pure-path one_aux_S,,0.00027441978454589844,9.465217590332031e-05,0.009167194366455078,36.07421875,36.07421875,36.07421875
sparse,60,14,sparse_N60_seed14,ok,60,156,0,59,0,5,7,0.8463156512007117,0.9986546635627747,0.2101176232099533,0.15742796286940575,0.1490384703502059,1,-0.688887688331306,-0.6881409930065274,-1.634852691553533,0.08474557643193872,0.17733810826445917,1.5571447098338476,0.15501304846686,0.8333333333333334,OPEN,-0.688887688331306,"neither certificate fires -- constructive search, then UNDETERMINED",,witness,-0.19696831423789263,,,,,,,one_aux_S,0 30 27 2 4 33 31,0.110383555 0.100394867 0.220733389 0.0902605057 0.119441092 0.0162678547,WITNESS,pure-path one_aux_S,,0.00010514259338378906,0.00012993812561035156,0.008572578430175781,36.07421875,36.07421875,36.07421875
sparse,60,15,sparse_N60_seed15,ok,60,134,0,59,0,3,5,0.8109670579433441,0.9731497764587402,0.0890755410073325,0.049167023855261505,0.17690061405301094,1,-0.7618000340880826,-0.751063012634404,-1.6950412933947518,0.13889041501477575,0.06590320048256917,1.3199920886503331,0.04547073463743864,0.75,OPEN,-0.6340664438903332,"neither certificate fires -- constructive search, then UNDETERMINED",,witness,-0.3727725185453892,,,,,,,one_aux_S,0 4 42 37 21,0.0723343045 0.0399085172 0.0627029464 0.526497543,WITNESS,pure-path one_aux_S,,8.344650268554688e-05,0.0001270771026611328,0.008713006973266602,36.07421875,36.07421875,36.07421875
sparse,60,16,sparse_N60_seed16,ok,60,141,0,59,0,3,5,0.6376236714422703,0.988793671131134,0.13918915577232838,0.09730148501694202,0.734565258026123,1,-0.5403221864253283,-0.5367993153631687,-1.487228186801076,0.10747501223938499,0.13097614973185362,1.5304488356536727,0.11445013262703765,0.75,GIRTH,0.09694158658385277,bracket >= 0 and every cycle weighs >= girth,,witness,-0.18374738097190857,,,,,,,one_aux_S,0 24 44 22 8,0.0348419286 0.181653395 0.152770087 0.169221759,WITNESS,pure-path one_aux_S,,0.0003387928009033203,0.00013589859008789062,0.009001731872558594,36.07421875,36.07421875,36.07421875
sparse,60,17,sparse_N60_seed17,ok,60,143,0,1,1,3,5,0.7772556580603123,0.9992178082466125,0.1311459904536605,0.0868300935253501,0.9347971752285957,1,-0.6904255645349622,-0.6877231625840068,-1.6453274758532643,0.12964401615703278,0.10123772462276552,1.3713429664109902,0.0837852635341759,0.75,GIRTH,0.15754151716828346,bracket >= 0 and every cycle weighs >= girth,,witness,-0.16151612624526024,,,,,,,one_aux_S,0 16 13 5 8,0.137917265 0.314781696 0.0443158969 0.237449348,WITNESS,pure-path one_aux_S,,0.0007421970367431641,0.0002713203430175781,0.025824546813964844,36.07421875,36.07421875,36.07421875
sparse,60,18,sparse_N60_seed18,ok,60,140,0,59,0,6,8,1.3573544677346945,0.9777905344963074,0.47023563645780087,0.38720653764903545,0.8252433948218822,1,-0.970147930085659,-0.969231478869915,-1.864909365773201,0.11568211014590436,0.2598265491636368,1.2902736855437,0.24451337205879983,0.8571428571428571,OPEN,-0.5321110729128122,"neither certificate fires -- constructive search, then UNDETERMINED",,witness,-0.06563010439276695,,,,,,,one_aux_S,0 56 12 29 17 35 19 8,0.0233382937 0.233310238 0.191242099 0.267433375 0.313123971 0.237934351 0.0506840721,WITNESS,pure-path one_aux_S,,0.00035452842712402344,0.00018906593322753906,0.00940084457397461,36.07421875,36.07421875,36.07421875
sparse,60,19,sparse_N60_seed19,ok,60,143,0,59,0,5,7,0.7399878613650799,0.9931858777999878,0.11575518688187003,0.08839217526838183,0.4129483215510845,1,-0.651595686096698,-0.6492593423463404,-1.6174185522831976,0.07450648241235885,0.11173463871645972,1.6729750674247792,0.09954237076416575,0.8333333333333334,OPEN,-0.32703953981399536,"neither certificate fires -- constructive search, then UNDETERMINED",,witness,-0.45552048087120056,,,,,,,one_aux_S,0 28 30 56 32 51 58,0.0559019446 0.0443020128 0.0298884511 0.0855386183 0.0655273721 0.00661796331,WITNESS,pure-path one_aux_S,,0.00023794174194335938,0.00015401840209960938,0.008860349655151367,36.07421875,36.07421875,36.07421875
sparse,60,20,sparse_N60_seed20,ok,60,155,0,59,0,5,7,0.7808042671531439,0.9949571490287781,0.14075928181409836,0.10677095875144005,0.8328962251543999,1,-0.6740333084017038,-0.6723786732181907,-1.6350021343678236,0.07847617034716738,0.128767667368815,1.6244801225064727,0.11395403778202201,0.8333333333333334,GIRTH,0.05209195800125599,bracket >= 0 and every cycle weighs >= girth,,witness,-0.12483245134353638,,,,,,,one_aux_S,0 53 45 7 26 10 13,0.0306790527 0.163520843 0.078904748 0.0752848238 0.252913505 0.109337687,WITNESS,pure-path one_aux_S,,0.0007212162017822266,0.00019478797912597656,0.014309167861938477,36.07421875,36.07421875,36.07421875
sparse,60,21,sparse_N60_seed21,ok,60,167,0,59,0,6,8,0.7803323836997151,0.9858283400535583,0.22051963489502668,0.17280377727001905,0.5091442121192813,1,-0.6075286064296961,-0.602950930595398,-1.5456410888582468,0.06596249671429621,0.21194779253825602,1.69750810101544,0.1898133750031578,0.8571428571428571,OPEN,-0.27118817158043385,"neither certificate fires -- constructive search, then UNDETERMINED",,witness,-0.2730138832703233,,,,,,,one_aux_T,59 56 18 53 40 46 39 13,0.0477158576 0.210196644 0.150334671 0.0127557982 0.025471475 0.0315014236 0.0586852618,WITNESS,pure-path one_aux_T,,0.00022792816162109375,0.00015974044799804688,0.00821065902709961,36.07421875,36.07421875,36.07421875
sparse,60,22,sparse_N60_seed22,ok,60,165,0,59,0,8,10,0.8496449706144631,0.9865506291389465,0.3007661186857149,0.24726004607509822,0.7136938798939809,1,-0.6023849245393649,-0.6013450097525492,-1.5354294810676947,0.05382674653986248,0.28319227826954674,1.728906226256337,0.2586806433554945,0.8888888888888888,OPEN,-0.13595109072048217,"neither certificate fires -- constructive search, then UNDETERMINED",,witness,-0.050419822335243225,,,,,,,one_aux_T,59 22 50 51 13 40 56 12 29 7,0.0145804789 0.0658376664 0.0998793393 0.0772358552 0.0602113977 0.324158698 0.00230610976 0.0473197848 0.215391636,WITNESS,pure-path one_aux_T,,0.00039887428283691406,0.00017905235290527344,0.009210824966430664,36.07421875,36.07421875,36.07421875
sparse,60,23,sparse_N60_seed23,ok,60,127,0,59,0,9,11,1.8382567221997306,0.9992305040359497,0.6909223141847178,0.5852093267021701,1.0628835558891296,1,-1.2530473954975605,-1.251427948474884,-2.1465649120509624,0.10220401903569827,0.3075196562129698,1.2629250472975821,0.2865151464816606,0.9,OPEN,-0.7753731663106009,"neither certificate fires -- constructive search, then UNDETERMINED",,witness,-0.10900625586509705,,,,,,,one_aux_T,59 3 12 48 24 40 9 45 52 58 51,0.246043891 0.416457921 0.227412447 0.22324805 0.204708904 0.0643144175 0.00100000005 0.102474093 0.156908721 0.173364043,WITNESS,pure-path one_aux_T,,0.0003921985626220703,0.0002799034118652344,0.00883030891418457,36.07421875,36.07421875,36.07421875
sparse,60,24,sparse_N60_seed24,ok,60,149,0,59,0,4,6,0.7467891871929169,0.9837877154350281,0.11514736502431333,0.07682309835217893,0.8724726274376735,1,-0.6699660888407379,-0.6691951232496649,-1.6154295376036316,0.09488698317180766,0.10279327999479769,1.5449044454191576,0.0822969584130664,0.8,GIRTH,0.12568344024475664,bracket >= 0 and every cycle weighs >= girth,,witness,-0.08091507107019424,,,,,,,one_aux_T,59 4 53 8 25 2,0.277893603 0.105933078 0.060152702 0.126372948 0.191043571,WITNESS,pure-path one_aux_T,,0.0004000663757324219,0.00015687942504882812,0.008349895477294922,36.07421875,36.07421875,36.07421875
sparse,60,25,sparse_N60_seed25,ok,60,144,0,59,0,4,6,0.6117889937013388,0.9940988421440125,0.1674600187689066,0.12833762355148792,0.4228362441062927,1,-0.48345137014985085,-0.48029973544180393,-1.4384278170764446,0.07692758604137757,0.1824812372598917,1.7499365003061917,0.16781946046468352,0.8,OPEN,-0.18895274959504604,"neither certificate fires -- constructive search, then UNDETERMINED",,witness,-0.18938139453530312,,,,,,,one_aux_S,0 25 48 58 7 29,0.128787905 0.109638296 0.024335159 0.11634329 0.086605899,WITNESS,pure-path one_aux_S,,0.0002605915069580078,0.000213623046875,0.01358795166015625,36.07421875,36.07421875,36.07421875
sparse,60,26,sparse_N60_seed26,ok,60,150,0,59,0,5,7,1.6022472381591797,0.9956417679786682,0.1819275040179491,0.13354276306927204,0.8213008791208267,1,-1.4687044750899076,-1.4642592556774616,-2.415961502119899,0.16092607699775688,0.08110372360820875,1.158145235136192,0.06945596986574681,0.8333333333333334,OPEN,-0.780946359038353,"neither certificate fires -- constructive search, then UNDETERMINED",,witness,-0.32281998358666897,,,,,,,one_aux_S,0 13 33 6 15 50 49,0.324557692 0.388272136 0.0137307514 0.284913719 0.0617519096 0.412402093,WITNESS,pure-path one_aux_S,,0.0003685951232910156,0.00012683868408203125,0.008804082870483398,36.07421875,36.07421875,36.07421875
sparse,60,27,sparse_N60_seed27,ok,60,149,0,59,0,4,6,0.5154266692698002,0.9857581257820129,0.06607464072294533,0.03400575858540833,0.5190219171345234,1,-0.48142091068439186,-0.47064110985957086,-1.4351101543288678,0.0653591707475029,0.08546271100866475,1.94167264333777,0.05278075134697077,0.8,GIRTH,0.0035952478647232056,bracket >= 0 and every cycle weighs >= girth,,witness,-0.08585477620363235,,,,,,,one_aux_S,0 23 6 2 47 22,0.00801775604 0.0436048768 0.105521888 0.105146267 0.334562212,WITNESS,pure-path one_aux_S,,0.0002598762512207031,0.0001239776611328125,0.009255170822143555,36.07421875,36.07421875,36.07421875
sparse,60,28,sparse_N60_seed28,ok,60,141,0,59,0,3,5,0.8019907101988792,0.9823940992355347,0.09519461716990918,0.06547413754742593,0.5835872665047646,1,-0.7365165726514533,-0.7346035140799358,-1.6891901922645047,0.13606058756917766,0.0712187430298059,1.3349666923138688,0.06122964086253835,0.75,OPEN,-0.21840344369411469,"neither certificate fires -- constructive search, then UNDETERMINED",,witness,-0.4847559332847595,,,,,,,one_aux_S,0 5 53 45 20,0.10798233 0.0839734823 0.0383004844 0.17395696,WITNESS,pure-path one_aux_S,,0.0004379749298095703,0.0001780986785888672,0.01344609260559082,36.07421875,36.07421875,36.07421875
sparse,60,29,sparse_N60_seed29,ok,60,143,0,59,0,4,6,0.9453609511256218,0.9984276294708252,0.12454006157349795,0.08906505710911006,0.38414059951901436,1,-0.8562958940165117,-0.8548887363867834,-1.819248519022949,0.11835621872096413,0.08782540427210063,1.3707558495916423,0.07537020182867687,0.8,OPEN,-0.5612203516066074,"neither certificate fires -- constructive search, then UNDETERMINED",,witness,-0.6052519008517265,,,,,,,one_aux_S,0 6 2 50 38 8,0.00624080375 0.16671598 0.0942514688 0.0496582128 0.0464851707,WITNESS,pure-path one_aux_S,,0.00019216537475585938,0.00015664100646972656,0.009767532348632812,36.07421875,36.07421875,36.07421875
sparse,60,30,sparse_N60_seed30,ok,60,141,0,59,0,4,6,2.222021959722042,0.9970904588699341,0.15472966770175844,0.09392988274339586,0.6087086675688624,1,-2.128092076978646,-2.1184192172950134,-3.0643827508902177,0.27856323615818174,0.04642308387180654,0.965820763533967,0.033817805384838154,0.8,OPEN,-1.6133132921531796,"neither certificate fires -- constructive search, then UNDETERMINED",,witness,-0.36845891177654266,,,,,,,one_aux_S,0 41 17 54 1 15,0.807486773 0.636016726 0.00484632701 0.0702840537 0.669858336,WITNESS,pure-path one_aux_S,,0.00020194053649902344,0.00014281272888183594,0.009282350540161133,36.07421875,36.07421875,36.07421875
sparse,60,31,sparse_N60_seed31,ok,60,137,0,59,0,3,5,0.4124120734632015,0.9978821873664856,0.14393169898539782,0.09722929168492556,0.8196319863200188,1,-0.31518278177827597,-0.30991779174655676,-1.2663625618442893,0.06888122310169695,0.2093998331960674,2.051774453138832,0.1768182200664909,0.75,GIRTH,0.40721991285681725,bracket >= 0 and every cycle weighs >= girth,,witness,-0.02014942467212677,,,,,,,one_aux_T,59 45 29 30 8,0.186379835 0.0198748372 0.0704776198 0.231060714,WITNESS,pure-path one_aux_T,,0.00037479400634765625,0.00014138221740722656,0.008509397506713867,36.07421875,36.07421875,36.07421875
sparse,60,32,sparse_N60_seed32,ok,60,157,0,59,0,7,9,1.229354245471768,0.9979372024536133,0.5714007931528613,0.47058653261046857,0.7210858166217804,1,-0.7587677128612995,-0.7553924322128296,-1.65589065477252,0.08799252830518602,0.3615091750452642,1.4091445156770601,0.33494268844871866,0.875,OPEN,-0.5082684288499877,"neither certificate fires -- constructive search, then UNDETERMINED",,witness,-0.043403688818216324,,,,,,,one_aux_T,59 43 14 24 51 4 35 12 44,0.138583884 0.173788503 0.106006727 0.00100000005 0.229979023 0.27188018 0.226973608 0.0754772648,WITNESS,pure-path one_aux_T,,0.000301361083984375,0.00017309188842773438,0.008790016174316406,36.07421875,36.07421875,36.07421875
sparse,60,33,sparse_N60_seed33,ok,60,163,0,59,0,7,9,1.0822428013198078,0.9983007907867432,0.2177292755804956,0.17050370341166854,0.2667454406619072,1,-0.9117390979081392,-0.9054518956691027,-1.8628143165260553,0.07743463488214605,0.15647597000566327,1.4952287690571966,0.1378532990039482,0.875,OPEN,-0.8154973606579006,"neither certificate fires -- constructive search, then UNDETERMINED",,witness,-0.5939031392335892,,,,,,,one_aux_S,0 49 35 1 44 34 15 4 45,0.0233574323 0.00715380488 0.0663300678 0.0614892058 0.168965384 0.113183141 0.0088346526 0.0780519471,WITNESS,pure-path one_aux_S,,0.0001239776611328125,0.00015020370483398438,0.008484125137329102,36.07421875,36.07421875,36.07421875
sparse,60,34,sparse_N60_seed34,ok,60,155,0,59,0,5,7,0.9552985019981861,0.9966011643409729,0.26969698118045926,0.18859081016853452,0.7273704968392849,1,-0.7667076918296516,-0.7656936566345394,-1.6822026851586998,0.09585564779365884,0.2016549805534511,1.459453819375675,0.16451298536012693,0.8333333333333334,OPEN,-0.22792800515890121,"neither certificate fires -- constructive search, then UNDETERMINED",,witness,-0.08925453713163733,,,,,,,one_aux_T,59 15 17 24 44 9 45,0.081106171 0.279336214 0.00408032769 0.294768453 0.107691608 0.198122382,WITNESS,pure-path one_aux_T,,0.00025272369384765625,0.0001316070556640625,0.00869607925415039,36.07421875,36.07421875,36.07421875
sparse,60,35,sparse_N60_seed35,ok,60,139,0,59,0,3,5,1.151984915137291,0.9988284707069397,0.09743151674047112,0.06047420436516404,0.4521656408905983,1,-1.091510710772127,-1.0852766293101013,-2.0533818691037595,0.19222268035704398,0.05074624613232515,1.1202299739773423,0.039371742353473134,0.75,OPEN,-0.6998192742466927,"neither certificate fires -- constructive search, then UNDETERMINED",,witness,-0.23837368935346603,,,,,,,one_aux_S,0 16 19 41 31,0.195076987 0.0990983695 0.520656705 0.197558329,WITNESS,pure-path one_aux_S,,0.000240325927734375,0.00018906593322753906,0.01330256462097168,36.07421875,36.07421875,36.07421875
sparse,60,36,sparse_N60_seed36,ok,60,138,0,59,0,3,5,0.9932689964771271,0.99565589427948,0.13110153283923864,0.09242854919284582,0.6657885424792767,1,-0.9008404472842813,-0.8981614774093032,-1.8578233579173684,0.16626711467016084,0.07919397462573935,1.2014418437366827,0.0697911765498569,0.75,OPEN,-0.3274804539978504,"neither certificate fires -- constructive search, then UNDETERMINED",,witness,-0.33400441985577345,,,,,,,one_aux_S,0 22 48 9 25,0.299402118 0.0561517365 0.292112648 0.0231961478,WITNESS,pure-path one_aux_S,,0.00017976760864257812,0.00012540817260742188,0.008219480514526367,36.07421875,36.07421875,36.07421875
sparse,60,37,sparse_N60_seed37,ok,60,146,0,1,1,3,5,0.9173879772424698,0.9857198596000671,0.18650227133184671,0.11846339050680399,0.6858585774898529,1,-0.7989245867356658,-0.7933132918551564,-1.7166055655106902,0.15511303208308405,0.12197823121190957,1.2446911562300997,0.09684838376361257,0.75,OPEN,-0.23152939975261688,"neither certificate fires -- constructive search, then UNDETERMINED",,witness,-0.21104923635721207,,,,,,,one_aux_S,0 40 46 44 29,0.300228894 0.176449656 0.104930945 0.249458492,WITNESS,pure-path one_aux_S,,0.00026035308837890625,0.00014925003051757812,0.014350652694702148,36.07421875,36.07421875,36.07421875
sparse,60,38,sparse_N60_seed38,ok,60,145,0,59,0,5,7,1.2876508235931396,0.9950567483901978,0.21381344296969473,0.1568674559239298,0.6657933483365923,1,-1.1307833676692098,-1.125215677311644,-2.0688941290136427,0.12940476266065232,0.11860660129065592,1.2662636319446174,0.10152044136610812,0.8333333333333334,OPEN,-0.6218574752565473,"neither certificate fires -- constructive search, then UNDETERMINED",,witness,-0.21594398841261864,,,,,,,one_aux_S,0 42 23 31 21 5 57,0.0368270278 0.214062974 0.144536242 0.60094589 0.00859346613 0.133482471,WITNESS,pure-path one_aux_S,,0.0002562999725341797,0.00016760826110839844,0.008614540100097656,36.07421875,36.07421875,36.07421875
sparse,60,39,sparse_N60_seed39,ok,60,146,0,59,0,5,7,1.3291396647691727,0.9997614622116089,0.17168196942657232,0.1335151670500636,0.3706158734858036,1,-1.195624497719109,-1.193599377758801,-2.1572191575542092,0.13294567904517288,0.09226267292469532,1.2515620811565857,0.08371026924977741,0.8333333333333334,OPEN,-0.9585237912833691,"neither certificate fires -- constructive search, then UNDETERMINED",,witness,-0.13384818844497204,,,,,,,one_aux_S,0 21 14 26 44 23 9,0.0216081552 0.325343221 0.288324654 0.361364841 0.184332326 0.0286365561,WITNESS,pure-path one_aux_S,,0.0003132820129394531,0.0002536773681640625,0.013557910919189453,36.07421875,36.07421875,36.07421875
sparse,60,40,sparse_N60_seed40,ok,60,142,0,5,1,3,5,0.8935253322124481,0.9810632467269897,0.045434433850459754,0.027715755510143936,0.34580934594850987,1,-0.8658095767023042,-0.862762113683857,-1.8291541450889781,0.15179540075413342,0.030509107383420275,1.258781488129356,0.023263824631740378,0.75,OPEN,-0.5477159862639382,"neither certificate fires -- constructive search, then UNDETERMINED",,witness,-0.6471632523462176,,,,,,,one_aux_S,0 14 6 58 41,0.146615505 0.00509400014 0.0504593588 0.0883864313,WITNESS,pure-path one_aux_S,,0.00012373924255371094,0.0001270771026611328,0.015420913696289062,36.07421875,36.07421875,36.07421875
dense,20,1,dense_N20_seed1,ok,20,76,0,3,1,3,5,0.3792997673153877,0.963181734085083,0.13185358420014381,0.09780800342559814,0.26704795472323895,1,-0.2814917638897896,-0.2814150992780924,-1.210627917200327,0.06563312576306984,0.2085742131613399,2.123620867319221,0.19339849082534,0.75,OPEN,-0.11225181259214878,"neither certificate fires -- constructive search, then UNDETERMINED",,witness,-0.07348564267158508,,,,,,,one_aux_S,0 19 1 14 8,0.0752111152 0.186793685 0.0338922516 0.0198341459,WITNESS,pure-path one_aux_S,,0.00010442733764648438,6.151199340820312e-05,0.009277582168579102,36.07421875,36.07421875,36.07421875
dense,20,2,dense_N20_seed2,ok,20,73,0,19,0,3,5,0.5572571512311697,0.988982617855072,0.18504097126424313,0.1285644080489874,0.29288698360323906,1,-0.4286927431821823,-0.42562892474234104,-1.3611987978219986,0.09391084352250155,0.19923402061912526,1.6648397591705097,0.17303197603423986,0.75,OPEN,-0.26437016762793064,"neither certificate fires -- constructive search, then UNDETERMINED",,witness,-0.1553773730993271,,,,,,,one_aux_S,0 1 11 10 17,0.181630328 0.0117638018 0.180247366 0.0564765632,WITNESS,pure-path one_aux_S,,0.00018525123596191406,9.083747863769531e-05,0.011932134628295898,36.07421875,36.07421875,36.07421875
dense,20,3,dense_N20_seed3,ok,20,73,0,19,0,3,5,0.3701760098338127,0.9886481761932373,0.35225106216967106,0.21757089532911777,0.44661199301481247,1,-0.15260511450469494,-0.14295378886163235,-1.006573123857379,0.062404405454453526,0.5709463381937869,2.2024509691545093,0.44081238967942776,0.75,GIRTH,0.07643598318099976,bracket >= 0 and every cycle weighs >= girth,,witness,-0.08401117473840714,,,,,,,one_aux_S,0 5 2 1 14,0.0777779296 0.0122625679 0.115377516 0.161493644,WITNESS,pure-path one_aux_S,,0.00016498565673828125,0.00010061264038085938,0.012314081192016602,36.07421875,36.07421875,36.07421875
dense,20,4,dense_N20_seed4,ok,20,57,0,1,1,3,5,1.1674406379461288,0.9953693747520447,0.4781709685921669,0.31632431596517563,0.23317410796880722,1,-0.8511163219809532,-0.839805394411087,-1.6846390441060066,0.19547862792760537,0.24575346431322287,1.1115648757112955,0.20321653132724787,0.75,OPEN,-0.8511163219809532,"neither certificate fires -- constructive search, then UNDETERMINED",,witness,-0.18867046013474464,,,,,,,one_aux_S,0 7 12 17 15,0.223846912 0.319735557 0.416944742 0.0364859328,WITNESS,pure-path one_aux_S,,5.030632019042969e-05,5.793571472167969e-05,0.008716583251953125,36.07421875,36.07421875,36.07421875
dense,20,5,dense_N20_seed5,ok,20,68,0,2,1,3,5,0.5383649170398712,0.9810306429862976,0.1656167971668765,0.10518928791861981,0.47319274954497814,1,-0.4331756291212514,-0.4329606184037402,-1.3537787628592923,0.09146247042821998,0.18457755168464396,1.693344620277672,0.14653994612565388,0.75,OPEN,-0.06517216749489307,"neither certificate fires -- constructive search, then UNDETERMINED",,witness,-0.016896040295250714,,,,,,,one_aux_S,0 3 19 6 12,0.00100000005 0.374309629 0.133605078 0.0251083393,WITNESS,pure-path one_aux_S,,0.00012874603271484375,5.173683166503906e-05,0.008848428726196289,36.07421875,36.07421875,36.07421875
dense,20,6,dense_N20_seed6,ok,20,74,0,1,1,3,5,0.6547214053571224,0.9860262274742126,0.2686506509780884,0.19468901306390762,0.49755796045064926,1,-0.4600323922932148,-0.4518366474658251,-1.3720969818532467,0.11066666502949676,0.24619691561623924,1.5036144711991304,0.2230212096369216,0.75,OPEN,-0.15716344490647316,"neither certificate fires -- constructive search, then UNDETERMINED",,witness,-0.24552258290350437,,,,,,,one_aux_S,0 18 15 17 3,0.0934878364 0.114987701 0.171938211 0.0575701483,WITNESS,pure-path one_aux_S,,0.00011754035949707031,5.626678466796875e-05,0.008556604385375977,36.07421875,36.07421875,36.07421875
dense,20,7,dense_N20_seed7,ok,20,73,0,19,0,3,5,0.5520464032888412,0.9600709080696106,0.2759073022753,0.19464498944580555,0.44561537355184555,1,-0.3574014138430357,-0.35554354451596737,-1.2362100090831518,0.09583431089113104,0.29987403301414867,1.643467616870551,0.26444107092202657,0.75,OPEN,-0.1064310297369957,"neither certificate fires -- constructive search, then UNDETERMINED",,witness,-0.23431884963065386,,,,,,,one_aux_S,0 11 17 18 4,0.0396864191 0.0775465742 0.187143385 0.02670235,WITNESS,pure-path one_aux_S,,0.00011372566223144531,6.604194641113281e-05,0.00895071029663086,36.07421875,36.07421875,36.07421875
dense,20,8,dense_N20_seed8,ok,20,76,0,2,1,3,5,0.6573727428913116,0.9975769519805908,0.16289329808205366,0.11231337022036314,0.3305447921156883,1,-0.5450593726709485,-0.5390494419261813,-1.4920563967898488,0.10982824292170525,0.14867665248693102,1.5105126089587755,0.12813891141087297,0.75,OPEN,-0.3268279507756233,"neither certificate fires -- constructive search, then UNDETERMINED",,witness,-0.18750320933759212,,,,,,,one_aux_S,0 4 10 13 15,0.353302956 0.0612997338 0.0299768802 0.0505799279,WITNESS,pure-path one_aux_S,,9.751319885253906e-05,8.440017700195312e-05,0.009957551956176758,36.07421875,36.07421875,36.07421875
dense,20,9,dense_N20_seed9,ok,20,64,0,1,1,3,5,0.4361250102519989,0.995196521282196,0.24605342373251915,0.16123684123158455,0.46665342152118683,1,-0.27488816902041435,-0.272556371986866,-1.1852681078016758,0.07303833981957354,0.33850857155430664,1.9691439351856819,0.27727745045810326,0.75,GIRTH,0.030528411269187927,bracket >= 0 and every cycle weighs >= girth,,witness,-0.015796102583408356,,,,,,,one_aux_S,0 13 16 18 2,0.167670846 0.0848165825 0.102074541 0.131533876,WITNESS,pure-path one_aux_S,,9.5367431640625e-05,6.532669067382812e-05,0.008597373962402344,36.07421875,36.07421875,36.07421875
dense,20,10,dense_N20_seed10,ok,20,71,0,1,1,3,5,0.6604772359132767,0.9855855703353882,0.34894613549113274,0.25396789982914925,0.3621879741549492,1,-0.4065093360841274,-0.40238891169428825,-1.2971166707575321,0.1116894794649034,0.3169945456260516,1.4953394758315028,0.2883913547883007,0.75,OPEN,-0.2982892617583275,"neither certificate fires -- constructive search, then UNDETERMINED",,witness,-0.05368906259536743,,,,,,,one_aux_S,0 2 16 9 1,0.296703637 0.156225607 0.0867373869 0.134243086,WITNESS,pure-path one_aux_S,,8.749961853027344e-05,5.793571472167969e-05,0.009308338165283203,36.07421875,36.07421875,36.07421875
dense,20,11,dense_N20_seed11,ok,20,84,0,19,0,3,5,0.7423369660973549,0.9909294843673706,0.18341234978288412,0.12992273923009634,0.3153785467147827,1,-0.6124142268672585,-0.6081758486106992,-1.5498541006818414,0.12485532990460935,0.14824455051494517,1.400926961439299,0.1312639123104009,0.75,OPEN,-0.4269584193825722,"neither certificate fires -- constructive search, then UNDETERMINED",,witness,-0.22950229793787003,,,,,,,one_aux_S,0 8 12 17 9,0.137791365 0.117384799 0.166090518 0.183135971,WITNESS,pure-path one_aux_S,,0.00010013580322265625,6.4849853515625e-05,0.007672786712646484,36.07421875,36.07421875,36.07421875
dense,20,12,dense_N20_seed12,ok,20,81,0,5,1,3,5,0.38510539196431637,0.9956167340278625,0.17138771433383226,0.11737119127064943,0.46585575491189957,1,-0.26773420069366693,-0.2639389494433999,-1.2093344116583467,0.06446680715619281,0.2670246398674879,2.151185864653044,0.2285826043722175,0.75,GIRTH,0.0807503629475832,bracket >= 0 and every cycle weighs >= girth,,witness,-0.04746820032596588,,,,,,,one_aux_S,0 11 6 13 18,0.0225510355 0.170846269 0.101890512 0.0846987516,WITNESS,pure-path one_aux_S,,0.00011086463928222656,6.151199340820312e-05,0.008765459060668945,36.07421875,36.07421875,36.07421875
dense,20,13,dense_N20_seed13,ok,20,65,0,19,0,6,8,0.5406973641365767,0.9994829297065735,0.6754685360938311,0.5443404782563448,0.5996895767748356,1,0.0036431141197681427,0.00456744059920311,-0.8647117577493191,0.045081423943154425,0.936940765153072,2.136380343238705,0.8629181197067909,0.8571428571428571,LIGHT_EDGE_SUM,0.0036431141197681427,closes BOTH legs at once,,ok,0.05980687029659748,0.3095288798213005,0.10991911590099335,0.05980687029659748,0.13982271030545235,one_aux_T,502,,,,CERTIFIED,LIGHT_EDGE_SUM,,0.0001366138458251953,0.00025582313537597656,0.00872039794921875,36.07421875,36.07421875,36.07421875
dense,20,14,dense_N20_seed14,ok,20,75,0,19,0,7,9,0.7084987212438136,0.9986181855201721,0.3955906305927783,0.2966563303489238,0.4472462572157383,1,-0.41184239089488983,-0.4079015180468559,-1.3115262761712074,0.050677077837366295,0.43427262794773536,1.874043741135913,0.3663722760142877,0.875,OPEN,-0.26125246402807534,"neither certificate fires -- constructive search, then UNDETERMINED",,witness,-0.01654279383365065,,,,,,,one_aux_S,0 12 9 4 6 8 1 3 2,0.244212732 0.028387066 0.0488004908 0.184381336 0.071820125 0.0140381102 0.0989343002 0.00276353513,WITNESS,pure-path one_aux_S,,0.00011944770812988281,8.845329284667969e-05,0.007949352264404297,36.07421875,36.07421875,36.07421875
dense,20,15,dense_N20_seed15,ok,20,65,0,19,0,4,6,0.7427977975457907,0.9896877408027649,0.4928365396335721,0.3389446185901761,0.42593091633170843,1,-0.40385317895561457,-0.39374921564012766,-1.2396489987149835,0.09381719189318308,0.4423245386222268,1.554918933140531,0.3650464443594761,0.8,OPEN,-0.31686688121408224,"neither certificate fires -- constructive search, then UNDETERMINED",-0.03699881676584482,ok,0.0040484825149178505,0.5209369901567698,0.09912189096212387,0.1382086738012731,0.0040484825149178505,aux_free,332,cycle_carrying,"[[0.42593091633170843, [12, 4, 2]]]",0.194623873 0.0132619645 0.338588327,WITNESS,cycle-carrying member,,0.00010228157043457031,0.00028324127197265625,0.013015031814575195,36.07421875,36.07421875,36.07421875
dense,20,16,dense_N20_seed16,ok,20,72,0,19,0,4,6,0.5570704434067011,0.9828029870986938,0.2909770142287016,0.2165274154394865,0.3815667927265167,1,-0.3405430279672146,-0.3359876908361912,-1.2488964162766933,0.0708522525266246,0.34822288356599296,1.8428231099924262,0.310951576056109,0.8,OPEN,-0.17550365068018436,"neither certificate fires -- constructive search, then UNDETERMINED",,witness,-0.031586818397045135,,,,,,,one_aux_S,0 13 1 17 7 2,0.100131139 0.0476597808 0.0084125381 0.306710839 0.125138655,WITNESS,pure-path one_aux_S,,0.00010251998901367188,6.914138793945312e-05,0.007961750030517578,36.07421875,36.07421875,36.07421875
dense,20,17,dense_N20_seed17,ok,20,70,0,1,1,3,5,0.2461410127580166,0.9581829309463501,0.16968104615807533,0.12200446054339409,0.36648769676685333,1,-0.1241365522146225,-0.12014192529022694,-1.0346428975462914,0.04281385192889964,0.41361911432018916,2.935692667085143,0.37175172224347397,0.75,GIRTH,0.12034668400883675,bracket >= 0 and every cycle weighs >= girth,,ok,0.005082340911030769,0.13109176978468895,0.01111629419028759,0.07950481027364731,0.005082340911030769,aux_free,112,,,,CERTIFIED,GIRTH,,9.202957153320312e-05,0.00010561943054199219,0.00905609130859375,36.07421875,36.07421875,36.07421875
dense,20,18,dense_N20_seed18,ok,20,75,0,19,0,3,5,0.4670235747471452,0.9991071820259094,0.2374709495343268,0.1370077827014029,0.44818100426346064,1,-0.3300157920457423,-0.31238828087225556,-1.2286598072387278,0.07790681906622408,0.30508646120859884,1.8835846874327622,0.2200228052335174,0.75,OPEN,-0.01884257048368454,"neither certificate fires -- constructive search, then UNDETERMINED",,witness,-0.07238196209073067,,,,,,,one_aux_S,0 11 6 1 8,0.243493035 0.0155809456 0.110665865 0.0498035327,WITNESS,pure-path one_aux_S,,0.00010228157043457031,6.246566772460938e-05,0.008107900619506836,36.07421875,36.07421875,36.07421875
dense,20,19,dense_N20_seed19,ok,20,79,0,19,0,4,6,0.4899295577779412,0.9901102185249329,0.3002430386841297,0.19053370878100395,0.3070889199152589,1,-0.2993958489969373,-0.2877058992162347,-1.1797967376187444,0.06185290645063723,0.4085526635650395,2.013949084184733,0.311120169430337,0.8,OPEN,-0.18284063786268234,"neither certificate fires -- constructive search, then UNDETERMINED",,witness,-0.05646851658821106,,,,,,,one_aux_S,0 10 8 6 14 15,0.0107499147 0.10970933 0.137758449 0.0863294303 0.177827835,WITNESS,pure-path one_aux_S,,0.0001232624053955078,0.00011777877807617188,0.013554573059082031,36.07421875,36.07421875,36.07421875
dense,20,20,dense_N20_seed20,ok,20,82,0,2,1,3,5,0.5989172011613846,0.9969664812088013,0.07810585049446672,0.04074838606175035,0.49082245910540223,1,-0.5581688150996342,-0.5513907974818721,-1.5177778318757191,0.10012325931546696,0.07824706020432391,1.5987689242608591,0.05102757023349827,0.75,OPEN,-0.10809474205598235,"neither certificate fires -- constructive search, then UNDETERMINED",,witness,-0.05668076127767563,,,,,,,one_aux_S,0 1 12 5 11,0.0944271982 0.285645396 0.125157878 0.0740119368,WITNESS,pure-path one_aux_S,,0.00012636184692382812,6.031990051269531e-05,0.010097503662109375,36.07421875,36.07421875,36.07421875
dense,20,21,dense_N20_seed21,ok,20,71,0,19,0,5,7,0.5851694475859404,0.9904919862747192,0.3044813787564635,0.22544968780130148,0.35384171456098557,1,-0.3597197597846389,-0.3522176919505,-1.271180055104196,0.05907866552124127,0.37166448113273837,1.9233274351568441,0.32106040499803407,0.8333333333333334,OPEN,-0.2313277330249548,"neither certificate fires -- constructive search, then UNDETERMINED",,witness,-0.042067574337124825,,,,,,,one_aux_S,0 8 4 5 13 11 7,0.079031691 0.0940810516 0.0401489995 0.0640275553 0.134115458 0.263394237,WITNESS,pure-path one_aux_S,,0.00018596649169921875,0.00012040138244628906,0.012785911560058594,36.07421875,36.07421875,36.07421875
dense,20,22,dense_N20_seed22,ok,20,71,0,19,0,3,5,0.41981450095772743,0.926033079624176,0.12632575258612633,0.08352310210466385,0.5268399473279715,1,-0.3362913988530636,-0.3308003582060337,-1.2195218279957771,0.07555786616321636,0.1805451011786463,1.9234889373925008,0.1492142992573893,0.75,GIRTH,0.10702544637024403,bracket >= 0 and every cycle weighs >= girth,,witness,-0.20350259728729725,,,,,,,one_aux_S,0 2 18 6 5,0.0767447799 0.0485797711 0.0267063212 0.128562063,WITNESS,pure-path one_aux_S,,0.0001430511474609375,5.817413330078125e-05,0.008026361465454102,36.07421875,36.07421875,36.07421875
dense,20,23,dense_N20_seed23,ok,20,70,0,19,0,5,7,1.121857926249504,0.994019091129303,0.5562645420432091,0.4546602815389633,0.5680578052997589,1,-0.6671976447105408,-0.6654996536672115,-1.559612475335598,0.11286080280158037,0.3541730253433016,1.347176582111184,0.3377286544792584,0.8333333333333334,OPEN,-0.5538001209497452,"neither certificate fires -- constructive search, then UNDETERMINED",,witness,-0.58558289706707,,,,,,,one_aux_S,0 7 9 8 1 18 15,0.0982082784 0.0866823047 0.049786251 0.0591162331 0.171070069 0.142823786,WITNESS,pure-path one_aux_S,,9.870529174804688e-05,7.033348083496094e-05,0.007797956466674805,36.07421875,36.07421875,36.07421875
dense,20,24,dense_N20_seed24,ok,20,71,0,10,1,3,5,0.47118600457906723,0.9963698387145996,0.3556860648095608,0.2565455846488476,0.40350017324090004,1,-0.21464041993021965,-0.2125399187207222,-1.111869778484106,0.07881711961944717,0.4529244010046249,1.868759889765449,0.4083508139392296,0.75,OPEN,-0.06768583133816719,"neither certificate fires -- constructive search, then UNDETERMINED",,witness,-0.12455941364169121,,,,,,,one_aux_T,10 2 4 9 6,0.153316408 0.0447853841 0.0477430671 0.201563463,WITNESS,pure-path one_aux_T,,9.34600830078125e-05,6.651878356933594e-05,0.00958871841430664,36.07421875,36.07421875,36.07421875
dense,20,25,dense_N20_seed25,ok,20,81,0,8,1,3,5,0.5427888482809067,0.987999677658081,0.14902434218674898,0.10428561363369226,0.15476776007562876,1,-0.4385032346472144,-0.4372344436123967,-1.3817641837522388,0.09156360077085482,0.16473183926906163,1.6921370408996688,0.1440969365398447,0.75,OPEN,-0.3880210882052779,"neither certificate fires -- constructive search, then UNDETERMINED",,witness,-0.15252764523029327,,,,,,,one_aux_T,8 16 4 15 2,0.178619862 0.0422011465 0.022597298 0.293685794,WITNESS,pure-path one_aux_T,,5.269050598144531e-05,6.556510925292969e-05,0.00906682014465332,36.07421875,36.07421875,36.07421875
dense,20,26,dense_N20_seed26,ok,20,78,0,19,0,3,5,0.15847699344158173,0.9973701238632202,0.1632054317742586,0.116625452414155,0.29432568699121475,1,-0.04185154102742672,-0.03832229599356651,-0.9926416855305433,0.026482477876874813,0.6179020496161289,4.376081696921669,0.5519355674983787,0.75,GIRTH,0.13584869354963303,bracket >= 0 and every cycle weighs >= girth,,ok,0.019760744646191597,0.4909197464585304,0.019760744646191597,0.09407535195350647,0.11383609659969807,one_aux_S,139,,,,CERTIFIED,GIRTH,,8.869171142578125e-05,0.00011515617370605469,0.008479595184326172,36.07421875,36.07421875,36.07421875
dense,20,27,dense_N20_seed27,ok,20,69,0,4,1,3,5,0.9320619255304337,0.9941853284835815,0.24847316462546587,0.14814346004277468,0.8655878379940987,1,-0.783918465487659,-0.7592640100046992,-1.6777740893885493,0.15625220952718746,0.15995063706784968,1.2399909499046173,0.1192062372560171,0.75,OPEN,-0.06647408753633499,"neither certificate fires -- constructive search, then UNDETERMINED",,witness,-0.07679859176278114,,,,,,,one_aux_S,0 19 8 3 14,0.148269519 0.174992114 0.506491303 0.0510207936,WITNESS,pure-path one_aux_S,,0.00027441978454589844,9.274482727050781e-05,0.01425933837890625,36.07421875,36.07421875,36.07421875
dense,20,28,dense_N20_seed28,ok,20,64,0,2,1,3,5,0.5108720287680626,0.9774210453033447,0.1778974048793316,0.08747198805212975,0.43961720541119576,1,-0.42340004071593285,-0.39962075278162956,-1.3103956691920757,0.08711224148195561,0.2089338169188717,1.747944287723488,0.12841570362992355,0.75,OPEN,-0.07125482335686684,"neither certificate fires -- constructive search, then UNDETERMINED",,witness,-0.3590863775461912,,,,,,,one_aux_T,2 6 17 19 9,0.00235877186 0.0904254168 0.042866841 0.0322692432,WITNESS,pure-path one_aux_T,,7.796287536621094e-05,6.961822509765625e-05,0.009514808654785156,36.07421875,36.07421875,36.07421875
dense,20,29,dense_N20_seed29,ok,20,78,0,2,1,3,5,0.3318107961677015,0.9928303956985474,0.2014969134470448,0.1303674274822697,0.33172366907820106,1,-0.20144336868543178,-0.1998729017795995,-1.123144278419204,0.05570115459889167,0.3643586931605546,2.395294921983355,0.2946726620742179,0.75,OPEN,-8.712708950042725e-05,"neither certificate fires -- constructive search, then UNDETERMINED",,witness,-0.025713648297823966,,,,,,,one_aux_T,2 15 12 8 0,0.00100000005 0.0537023246 0.071129486 0.360530674,WITNESS,pure-path one_aux_T,,8.416175842285156e-05,6.365776062011719e-05,0.009691953659057617,36.07421875,36.07421875,36.07421875
dense,20,30,dense_N20_seed30,ok,20,69,0,19,0,5,7,0.3546622386202216,0.9956234097480774,0.2569906674325466,0.19593896344304085,0.2620348520576954,1,-0.15872327517718077,-0.1553354812785983,-1.0932949809357524,0.035622127317191325,0.5175762809312872,2.719459936267113,0.4603886508219812,0.8333333333333334,OPEN,-0.09262738656252623,"neither certificate fires -- constructive search, then UNDETERMINED",,witness,-0.11217846628278494,,,,,,,one_aux_S,0 1 18 2 3 8 7,0.061051704 0.0140672522 0.103467681 0.0220670812 0.0146919964 0.0542761162,WITNESS,pure-path one_aux_S,,8.034706115722656e-05,7.62939453125e-05,0.008555889129638672,36.07421875,36.07421875,36.07421875
dense,20,31,dense_N20_seed31,ok,20,69,0,3,1,3,5,0.7722829282283783,0.9866083264350891,0.18525842379312962,0.11543444346170872,0.5773351788520813,1,-0.6568484847666696,-0.6548644808353856,-1.5736328308703378,0.13046091130862225,0.14393048222737248,1.3665131187336028,0.11210377626097086,0.75,OPEN,-0.194947749376297,"neither certificate fires -- constructive search, then UNDETERMINED",,witness,-0.06459088821429759,,,,,,,one_aux_S,0 13 10 4 19,0.00100000005 0.311493725 0.360286325 0.0698239803,WITNESS,pure-path one_aux_S,,9.250640869140625e-05,5.507469177246094e-05,0.008796215057373047,36.07421875,36.07421875,36.07421875
dense,20,32,dense_N20_seed32,ok,20,77,0,19,0,3,5,0.3372237039729953,0.9892022609710693,0.09091259725391865,0.0654770489782095,0.1626534005627036,1,-0.2717466549947858,-0.2690940499305725,-1.235513367690146,0.056817450666754636,0.16175481649035958,2.3600226484380546,0.14562376889612022,0.75,OPEN,-0.17457030341029167,"neither certificate fires -- constructive search, then UNDETERMINED",,witness,-0.024631166364997625,,,,,,,one_aux_S,0 10 18 14 6,0.237151816 0.0533172004 0.0152398525 0.0137673365,WITNESS,pure-path one_aux_S,,6.628036499023438e-05,5.412101745605469e-05,0.007822036743164062,36.07421875,36.07421875,36.07421875
dense,20,33,dense_N20_seed33,ok,20,72,0,19,0,4,6,0.464216535910964,0.9759258031845093,0.12082020891830325,0.08113983226940036,0.3905635252594948,1,-0.38307670364156365,-0.374583728145808,-1.31932213017717,0.059458482191499,0.17351128129779558,2.068204853681602,0.13983100728658723,0.8,OPEN,-0.07365301065146923,"neither certificate fires -- constructive search, then UNDETERMINED",,witness,-0.10619620140641928,,,,,,,one_aux_T,19 4 1 11 17 8,0.0483020023 0.0633592457 0.0204489361 0.215905607 0.0200090874,WITNESS,pure-path one_aux_T,,0.00014781951904296875,7.62939453125e-05,0.008730649948120117,36.07421875,36.07421875,36.07421875
dense,20,34,dense_N20_seed34,ok,20,72,0,19,0,3,5,0.38210371881723404,0.9976081848144531,0.16165628004819155,0.0975593151524663,0.32503356877714396,1,-0.28454440366476774,-0.275345572270453,-1.2180556235834956,0.06383663857775021,0.25384146568672494,2.1664985222898983,0.1914911652543947,0.75,OPEN,-0.057070150040090084,"neither certificate fires -- constructive search, then UNDETERMINED",,witness,-0.07888053124770522,,,,,,,aux_free,2 6 8 11 3 13,0.0640969649 0.11796052 0.0998883545 0.0456993021 0.0152530568,WITNESS,pure-path aux_free,,0.00012445449829101562,0.00014162063598632812,0.013289928436279297,36.07421875,36.07421875,36.07421875
dense,20,35,dense_N20_seed35,ok,20,77,0,19,0,3,5,0.4182559084147215,0.991439700126648,0.18218346685171127,0.11344178766012192,0.18375111185014248,1,-0.30481412075459957,-0.2966029718518257,-1.2275121416896582,0.07031120305169893,0.261347366317753,2.0222484562875604,0.20341933977111704,0.75,OPEN,-0.234504796564579,"neither certificate fires -- constructive search, then UNDETERMINED",,witness,-0.1814885139465332,,,,,,,one_aux_S,0 4 6 3 18,0.0173554849 0.0346295163 0.14940843 0.0707479268,WITNESS,pure-path one_aux_S,,0.0001220703125,9.584426879882812e-05,0.013649463653564453,36.07421875,36.07421875,36.07421875
dense,20,36,dense_N20_seed36,ok,20,73,0,19,0,3,5,0.3724802266806364,0.9883312582969666,0.2554617393761873,0.19060652889311314,0.37707560881972313,1,-0.18187369778752327,-0.18176211044192314,-1.1053497456014156,0.06281298629275238,0.4115038400605671,2.192027475559436,0.38379190740883007,0.75,GIRTH,0.004595382139086723,bracket >= 0 and every cycle weighs >= girth,,witness,-0.07841130159795284,,,,,,,one_aux_T,19 6 15 12 5,0.0646320358 0.0617005751 0.07680659 0.181859449,WITNESS,pure-path one_aux_T,,0.00013566017150878906,7.343292236328125e-05,0.00804448127746582,36.07421875,36.07421875,36.07421875
dense,20,37,dense_N20_seed37,ok,20,85,0,10,1,3,5,0.4190992936491966,0.9887436032295227,0.10707999672740698,0.07815386261790991,0.08792984671890736,1,-0.3409454310312867,-0.34077009558677673,-1.3007629001513124,0.0706450914541608,0.1533001821048699,2.0155265134717335,0.13986040504400357,0.75,OPEN,-0.33116944693028927,"neither certificate fires -- constructive search, then UNDETERMINED",,witness,-0.14579375833272934,,,,,,,one_aux_S,0 3 17 13 18,0.0289261341 0.100056209 0.0774421468 0.133762091,WITNESS,pure-path one_aux_S,,7.987022399902344e-05,5.602836608886719e-05,0.0091705322265625,36.07421875,36.07421875,36.07421875
dense,20,38,dense_N20_seed38,ok,20,80,0,1,1,3,5,0.7895602956414223,0.975189208984375,0.10602142568677664,0.06823699455708265,0.16277259588241577,1,-0.7213233010843396,-0.7201801752671599,-1.6587280789390206,0.13494138511228354,0.08056744464384222,1.3410624984825144,0.06481803378453353,0.75,OPEN,-0.6267876997590065,"neither certificate fires -- constructive search, then UNDETERMINED",,witness,-0.21713857352733612,,,,,,,one_aux_S,0 11 5 17 10,0.0377844311 0.102700278 0.38809526 0.0876835063,WITNESS,pure-path one_aux_S,,0.00012993812561035156,9.369850158691406e-05,0.015172958374023438,36.07421875,36.07421875,36.07421875
dense,20,39,dense_N20_seed39,ok,20,77,0,19,0,6,8,0.46915722265839577,0.9967323541641235,0.47785818949341774,0.3643038608133793,0.244487127289176,1,-0.10485336184501648,-0.09776303917169571,-0.9880313873291016,0.039224607346392305,0.7639094632057237,2.343387524521605,0.6655774163645729,0.8571428571428571,OPEN,-0.10485336184501648,"neither certificate fires -- constructive search, then UNDETERMINED",0.3395049646496773,ok,0.08092153072357178,0.09671681001782417,0.08092153072357178,0.08501345664262772,0.09136183559894562,one_aux_S,603,,,,UNDETERMINED,"cycle leg OPEN (neither certificate fired, no witness found)",,7.510185241699219e-05,0.0002887248992919922,0.008816242218017578,36.07421875,36.07421875,36.07421875
dense,20,40,dense_N20_seed40,ok,20,79,0,19,0,3,5,0.23712039273232222,0.9695338010787964,0.10373227670788765,0.06849020719528198,0.24468216951936483,1,-0.16863018553704023,-0.1683649169281125,-1.102921917103231,0.04076192641392514,0.2624800225216929,3.0532697249028415,0.2166311163900982,0.75,GIRTH,0.007561776787042618,bracket >= 0 and every cycle weighs >= girth,,witness,-0.008995899464935064,,,,,,,one_aux_T,19 3 12 8 18,0.156093985 0.0347115323 0.0352420695 0.00415381324,WITNESS,pure-path one_aux_T,,7.724761962890625e-05,6.437301635742188e-05,0.008212089538574219,36.07421875,36.07421875,36.07421875
dense,30,1,dense_N30_seed1,ok,30,116,0,9,1,3,5,0.4415891454555094,0.9923887848854065,0.11017948994413018,0.06765365460887551,0.25426295259967446,1,-0.3739354908466339,-0.36545612290501595,-1.3237984403967857,0.07416265885929992,0.14970407367755043,1.948387470704337,0.11490373230147426,0.75,OPEN,-0.18732619285583496,"neither certificate fires -- constructive search, then UNDETERMINED",,witness,-0.27909935638308525,,,,,,,one_aux_S,0 19 24 13 3,0.00205684314 0.0690902099 0.0425258353 0.0976338014,WITNESS,pure-path one_aux_S,,7.843971252441406e-05,7.486343383789062e-05,0.010813713073730469,36.07421875,36.07421875,36.07421875
dense,30,2,dense_N30_seed2,ok,30,119,0,8,1,3,5,0.4276539906859398,0.9729993939399719,0.0936785894446075,0.053521889727562666,0.3381871599704027,1,-0.3741321009583771,-0.36911114072427154,-1.3069747951813042,0.07325355550912149,0.13143137885048256,1.9651214511703536,0.09386424111531563,0.75,OPEN,-0.08946683071553707,"neither certificate fires -- constructive search, then UNDETERMINED",,witness,-0.10509721376001835,,,,,,,one_aux_S,0 29 10 13 6,0.0831199735 0.161248371 0.0301147792 0.0961473063,WITNESS,pure-path one_aux_S,,0.0001277923583984375,6.818771362304688e-05,0.010640859603881836,36.07421875,36.07421875,36.07421875
dense,30,3,dense_N30_seed3,ok,30,112,0,2,1,3,5,0.2629326805472374,0.9991018772125244,0.08350029261782765,0.04655829491093755,0.20200052484869957,1,-0.21637438563629985,-0.21272940700873733,-1.1785342651419342,0.043861506442969,0.19054373715136488,2.879903453157159,0.13280479668988812,0.75,OPEN,-0.06093215569853783,"neither certificate fires -- constructive search, then UNDETERMINED",,witness,-0.11789282597601414,,,,,,,one_aux_S,0 23 18 28 14,0.0390623771 0.0296520405 0.0106717777 0.131307319,WITNESS,pure-path one_aux_S,,0.00013375282287597656,6.771087646484375e-05,0.010777473449707031,36.07421875,36.07421875,36.07421875
dense,30,4,dense_N30_seed4,ok,30,98,0,29,0,3,5,0.680403015576303,0.9964624643325806,0.12585639115422964,0.07740466948598623,0.4161725491285324,1,-0.6029983460903168,-0.5971442703157663,-1.551009088754654,0.11380308506854284,0.11098398002921457,1.4787108006761913,0.08532222930452214,0.75,OPEN,-0.2642304664477706,"neither certificate fires -- constructive search, then UNDETERMINED",,witness,-0.24884101375937462,,,,,,,one_aux_S,0 24 1 18 13,0.00337845739 0.182772979 0.200067341 0.0906864479,WITNESS,pure-path one_aux_S,,0.00021600723266601562,0.00010275840759277344,0.012065410614013672,36.07421875,36.07421875,36.07421875
dense,30,5,dense_N30_seed5,ok,30,113,0,29,0,6,8,0.5048026563599706,0.9983188509941101,0.14772821008227766,0.10158356814645231,0.16818750253878534,1,-0.40321908821351826,-0.40075169247575104,-1.355393297271803,0.04213772782924815,0.2194841016896322,2.233231375295424,0.1724864731649237,0.8571428571428571,OPEN,-0.33661515382118523,"neither certificate fires -- constructive search, then UNDETERMINED",,witness,-0.25229037704411894,,,,,,,one_aux_S,0 1 2 10 22 23 15 25,0.102800958 0.00627173018 0.0412098505 0.0229761656 0.0724375844 0.0011772447 0.0112774922,WITNESS,pure-path one_aux_S,,8.678436279296875e-05,9.894371032714844e-05,0.008566856384277344,36.07421875,36.07421875,36.07421875
dense,30,6,dense_N30_seed6,ok,30,111,0,3,1,3,5,0.7321482598781586,0.9927623271942139,0.11661381414160132,0.06578142335638404,0.6756558306515217,1,-0.6663668365217745,-0.6565434760414064,-1.6082967729307711,0.12291432363732456,0.09556573759610472,1.4135748303433178,0.06738535105649006,0.75,OPEN,-0.05649242922663689,"neither certificate fires -- constructive search, then UNDETERMINED",,witness,-0.2274001818150282,,,,,,,one_aux_S,0 22 12 19 15,0.157651231 0.150179729 0.189023361 0.0157875158,WITNESS,pure-path one_aux_S,,0.00019097328186035156,6.914138793945312e-05,0.01074361801147461,36.07421875,36.07421875,36.07421875
dense,30,7,dense_N30_seed7,ok,30,119,0,5,1,3,5,1.5213375091552734,0.9990587830543518,0.19441582169383764,0.13196190726011992,0.42859796807169914,1,-1.3893756018951535,-1.386502712033689,-2.3259804705157876,0.25379512780088803,0.07667561754989694,0.9940185962846924,0.06505553820206804,0.75,OPEN,-1.0927395410835743,"neither certificate fires -- constructive search, then UNDETERMINED",,witness,-0.6469136625528336,,,,,,,one_aux_S,0 25 16 11 6,0.396082669 0.141722769 0.203167841 0.266901135,WITNESS,pure-path one_aux_S,,0.00012969970703125,7.200241088867188e-05,0.010304927825927734,36.07421875,36.07421875,36.07421875
dense,30,8,dense_N30_seed8,ok,30,111,0,29,0,5,7,0.8077234625816345,0.9856560230255127,0.36354684084653854,0.30113162472844124,0.2817082144320011,1,-0.5065918378531933,-0.5065867360681295,-1.4298326447606087,0.08194780366707377,0.32149160810608474,1.5859206847452225,0.3106793750982221,0.8333333333333334,OPEN,-0.5065918378531933,"neither certificate fires -- constructive search, then UNDETERMINED",,witness,-0.081341702491045,,,,,,,one_aux_T,29 8 24 10 22 14 18,0.0387070626 0.154610172 0.0356828161 0.0904761478 0.263985425 0.285840273,WITNESS,pure-path one_aux_T,,9.441375732421875e-05,0.000110626220703125,0.008730888366699219,36.07421875,36.07421875,36.07421875
dense,30,9,dense_N30_seed9,ok,30,112,0,29,0,3,5,0.7178164571523666,0.9676875472068787,0.07957107666879892,0.05354671832174063,0.2546593137085438,1,-0.664269738830626,-0.6630604974925518,-1.6059329276904464,0.12363089360545891,0.06651093817307857,1.4088593156911755,0.0559475034894344,0.75,OPEN,-0.46315714344382286,"neither certificate fires -- constructive search, then UNDETERMINED",,witness,-0.47131043672561646,,,,,,,one_aux_S,0 16 2 9 28,0.111395255 0.0516313799 0.071676448 0.0236058757,WITNESS,pure-path one_aux_S,,0.00011229515075683594,7.009506225585938e-05,0.008369684219360352,36.07421875,36.07421875,36.07421875
dense,30,10,dense_N30_seed10,ok,30,114,0,29,0,3,5,0.6904517412185669,0.9945638179779053,0.12681159563362598,0.08782252483069897,0.21539558842778206,1,-0.6026292163878679,-0.6007687523961067,-1.5582039635628462,0.11570427972843361,0.11019880585121124,1.4642722657684513,0.09539681007506308,0.75,OPEN,-0.47505615279078484,"neither certificate fires -- constructive search, then UNDETERMINED",,witness,-0.09127245843410492,,,,,,,one_aux_S,0 6 23 17 18,0.0865400434 0.131101802 0.305263311 0.152548254,WITNESS,pure-path one_aux_S,,0.00010776519775390625,6.580352783203125e-05,0.008637666702270508,36.07421875,36.07421875,36.07421875
dense,30,11,dense_N30_seed11,ok,30,126,0,29,0,4,6,0.5391262769699097,0.9894613027572632,0.13089460134506226,0.0894494503736496,0.4760187454521656,1,-0.44967682659626007,-0.44638886116445065,-1.3976929783821106,0.06810856011593933,0.1618601639189723,1.8902035200589171,0.13273246613225947,0.8,OPEN,-0.06310753151774406,"neither certificate fires -- constructive search, then UNDETERMINED",,witness,-0.1732164053246379,,,,,,,one_aux_S,0 22 17 7 3 8,0.165079862 0.144611984 0.041445151 0.0121430326 0.00525968336,WITNESS,pure-path one_aux_S,,0.00022602081298828125,8.463859558105469e-05,0.00880885124206543,36.07421875,36.07421875,36.07421875
dense,30,12,dense_N30_seed12,ok,30,122,0,29,0,4,6,0.646395780146122,0.9951944947242737,0.11412146873772144,0.07646491564810276,0.21282031759619713,1,-0.5699308644980192,-0.5673273373395205,-1.5274688061326742,0.0811896297121814,0.11770030296497659,1.6930703296560337,0.09463541439681722,0.8,OPEN,-0.43357546254992485,"neither certificate fires -- constructive search, then UNDETERMINED",,witness,-0.06243862211704254,,,,,,,one_aux_S,0 11 26 8 22 9,0.204430223 0.0376565531 0.0884928927 0.149684936 0.207385108,WITNESS,pure-path one_aux_S,,8.440017700195312e-05,7.915496826171875e-05,0.008963823318481445,36.07421875,36.07421875,36.07421875
dense,30,13,dense_N30_seed13,ok,30,111,0,29,0,3,5,0.2889561094343662,0.9976431727409363,0.15780039504170418,0.10440819710493088,0.3022403623908758,1,-0.18454791232943535,-0.1727501330897212,-1.1287988871335983,0.048273122984524436,0.327663039242741,2.671546107179731,0.27099668521279247,0.75,GIRTH,0.01328425295650959,bracket >= 0 and every cycle weighs >= girth,,witness,-0.00440560095012188,,,,,,,one_aux_S,0 8 15 2 13,0.181498334 0.0179134719 0.0288209673 0.112635471,WITNESS,pure-path one_aux_S,,0.0001780986785888672,0.00010132789611816406,0.012949943542480469,36.07421875,36.07421875,36.07421875
dense,30,14,dense_N30_seed14,ok,30,110,0,29,0,8,10,0.6674120929092169,0.9975050091743469,0.3887696713209152,0.3136095181107521,0.1934861745685339,1,-0.3538025747984648,-0.35320270247757435,-1.2761474307626486,0.041817590311002927,0.4660025497905345,1.995669086337673,0.41767900081541454,0.8888888888888888,OPEN,-0.3538025747984648,"neither certificate fires -- constructive search, then UNDETERMINED",,witness,-0.13742067478597164,,,,,,,one_aux_T,29 9 13 1 27 15 2 26 3 18,0.112021632 0.048105143 0.134697482 0.00261203246 0.00579785323 0.0205696747 0.0299109239 0.0751601532 0.202233046,WITNESS,pure-path one_aux_T,,8.058547973632812e-05,0.00014209747314453125,0.008438825607299805,36.07421875,36.07421875,36.07421875
dense,30,15,dense_N30_seed15,ok,30,94,0,14,1,3,5,0.6295863464474678,0.977914571762085,0.20840584486722946,0.15967682749032974,0.6197064071893692,1,-0.46990951895713806,-0.46920614317059517,-1.3990950733423233,0.1073008428048796,0.1986121643614316,1.5319591289869385,0.1902163560145436,0.75,OPEN,-0.009879939258098602,"neither certificate fires -- constructive search, then UNDETERMINED",,witness,-0.0006699524819850922,,,,,,,one_aux_S,0 9 22 20 16,0.405625254 0.112800561 0.0920431465 0.0368948653,WITNESS,pure-path one_aux_S,,0.00017833709716796875,6.818771362304688e-05,0.010016441345214844,36.07421875,36.07421875,36.07421875
dense,30,16,dense_N30_seed16,ok,30,113,0,29,0,5,7,0.2624018117785454,0.9948435425758362,0.1126326919766143,0.08043847617227584,0.33340672217309475,1,-0.18196333560626954,-0.17691856331657618,-1.1446126623777673,0.026376188872788777,0.3065981987515253,3.422355927653853,0.25545579515079114,0.8333333333333334,GIRTH,0.07100491039454937,bracket >= 0 and every cycle weighs >= girth,,witness,-0.01426829060073942,,,,,,,one_aux_S,0 11 5 18 16 6 2,0.0171496067 0.0557307526 0.0809199363 0.0749667138 0.0185627919 0.00160743971,WITNESS,pure-path one_aux_S,,0.00020813941955566406,0.00014972686767578125,0.013242244720458984,36.07421875,36.07421875,36.07421875
dense,30,17,dense_N30_seed17,ok,30,108,0,29,0,3,5,0.2816343531012535,0.9964877963066101,0.11541189521085471,0.07067172869574279,0.27788080647587776,1,-0.21096262440551072,-0.2106093178736046,-1.162710254197009,0.04710449944714245,0.24587603168430597,2.7229394468401766,0.18820075015050136,0.75,OPEN,-0.0037535466253757477,"neither certificate fires -- constructive search, then UNDETERMINED",,witness,-0.009163826704025269,,,,,,,one_aux_S,0 16 17 1 29,0.0964736938 0.0685679168 0.0535697676 0.107718296,WITNESS,pure-path one_aux_S,,0.00014543533325195312,6.794929504394531e-05,0.00825047492980957,36.07421875,36.07421875,36.07421875
dense,30,18,dense_N30_seed18,ok,30,121,0,29,0,3,5,0.22735850000754,0.9902092814445496,0.1818521344102919,0.11980964476242661,0.3243321874178946,1,-0.10754885524511337,-0.1053879838436842,-1.0357156470417976,0.03826775212539952,0.4799085173528003,3.2131662939675736,0.39522267066698624,0.75,GIRTH,0.09697368741035461,bracket >= 0 and every cycle weighs >= girth,,ok,0.02886037342250347,0.22335297241806984,0.02886037342250347,0.044612325727939606,0.06541497143916786,one_aux_S,183,,,,CERTIFIED,GIRTH,,0.00010395050048828125,0.00014281272888183594,0.007915258407592773,36.07421875,36.07421875,36.07421875
dense,30,19,dense_N30_seed19,ok,30,117,0,1,1,3,5,0.4639902710914612,0.9967663288116455,0.12720735929906368,0.08130007050931454,0.35108307749032974,1,-0.38269020058214664,-0.3779675345867872,-1.333549240604043,0.07758258842949929,0.1644957240157159,1.888949002917991,0.1314145073312681,0.75,OPEN,-0.11290719360113144,"neither certificate fires -- constructive search, then UNDETERMINED",,witness,-0.24544009752571583,,,,,,,one_aux_T,1 5 17 19 22,0.011165984 0.0769742429 0.12361984 0.0135802142,WITNESS,pure-path one_aux_T,,0.000209808349609375,0.00013136863708496094,0.01905083656311035,36.07421875,36.07421875,36.07421875
dense,30,20,dense_N30_seed20,ok,30,114,0,29,0,4,6,0.34182404819875956,0.999171257019043,0.1405360335484147,0.10120357293635607,0.3786499425768852,1,-0.2406204752624035,-0.23984808661043644,-1.2004592716693878,0.04276344593050138,0.27409039687517356,2.6153714896775537,0.2368553610423793,0.8,GIRTH,0.03682589437812567,bracket >= 0 and every cycle weighs >= girth,,witness,-0.015346989966928959,,,,,,,one_aux_S,0 20 25 22 17 11,0.0596923791 0.0393324606 0.128449246 0.0435033031 0.110999338,WITNESS,pure-path one_aux_S,,0.0001704692840576172,8.845329284667969e-05,0.007951736450195312,36.07421875,36.07421875,36.07421875
dense,30,21,dense_N30_seed21,ok,30,107,0,1,1,3,5,0.49538014631252736,0.9955986738204956,0.07592625811230391,0.038322466309182346,0.38542590010911226,1,-0.457057680003345,-0.4479954242706299,-1.415052562020719,0.08292835244740449,0.0919612043528324,1.80586020400469,0.05801978530192042,0.75,OPEN,-0.1099542462034151,"neither certificate fires -- constructive search, then UNDETERMINED",,witness,-0.07645540311932564,,,,,,,one_aux_S,0 11 13 24 9,0.00100000005 0.203012004 0.0376037918 0.354617894,WITNESS,pure-path one_aux_S,,0.0001316070556640625,7.009506225585938e-05,0.010303974151611328,36.07421875,36.07421875,36.07421875
dense,30,22,dense_N30_seed22,ok,30,124,0,29,0,4,6,0.43535149097442627,0.9941749572753906,0.13072172738611698,0.08958609588444233,0.17551027424633503,1,-0.34576539508998394,-0.33900140039622784,-1.2988047208637,0.054737786315743026,0.20017806316076361,2.189076302537637,0.16462301885573166,0.8,OPEN,-0.25984121672809124,"neither certificate fires -- constructive search, then UNDETERMINED",,witness,-0.19958482682704926,,,,,,,one_aux_S,0 12 6 15 3 25,0.0153991934 0.0967849642 0.092502296 0.00597616471 0.0502080917,WITNESS,pure-path one_aux_S,,0.0001423358917236328,0.00012946128845214844,0.01380467414855957,36.07421875,36.07421875,36.07421875
dense,30,23,dense_N30_seed23,ok,30,98,0,9,1,3,5,0.7884016633033752,0.9722340106964111,0.2238488383591175,0.1646142564713955,0.3016460333019495,1,-0.6237874068319798,-0.6234997995197773,-1.5367868356406689,0.13515293208381715,0.1703564429997766,1.339902556742043,0.156596184533973,0.75,OPEN,-0.48675563000142574,"neither certificate fires -- constructive search, then UNDETERMINED",,witness,-0.3675154773518443,,,,,,,one_aux_S,0 7 2 11 3,0.0586593673 0.129326463 0.217823178 0.0301543567,WITNESS,pure-path one_aux_S,,9.107589721679688e-05,6.818771362304688e-05,0.009968280792236328,36.07421875,36.07421875,36.07421875
dense,30,24,dense_N30_seed24,ok,30,111,0,3,1,3,5,0.6226322650909424,0.993137776851654,0.07746064430102706,0.04598186304792762,0.3189306128770113,1,-0.5766504020430148,-0.5705535798333585,-1.5383093976415694,0.10448907150706871,0.07464500185165933,1.5570378849929294,0.05538806647115949,0.75,OPEN,-0.3037016522139311,"neither certificate fires -- constructive search, then UNDETERMINED",,witness,-0.14865720504894853,,,,,,,one_aux_S,0 28 6 4 18,0.0358453095 0.235003725 0.200119808 0.00601243507,WITNESS,pure-path one_aux_S,,0.0001556873321533203,7.534027099609375e-05,0.01159048080444336,36.07421875,36.07421875,36.07421875
dense,30,25,dense_N30_seed25,ok,30,104,0,2,1,3,5,0.6095254868268967,0.989734411239624,0.1533072656020522,0.10712491627782583,0.1871595997363329,1,-0.5024005705490708,-0.5007845470681787,-1.4459526324644685,0.10264125404165704,0.15091142429513305,1.574267130050992,0.1318134990984991,0.75,OPEN,-0.4223658870905638,"neither certificate fires -- constructive search, then UNDETERMINED",,witness,-0.12995033478364348,,,,,,,one_aux_S,0 1 13 8 26,0.0429503024 0.12532647 0.304898947 0.0127988653,WITNESS,pure-path one_aux_S,,8.630752563476562e-05,7.200241088867188e-05,0.011116266250610352,36.07421875,36.07421875,36.07421875
dense,30,26,dense_N30_seed26,ok,30,102,0,29,0,6,8,0.3777432357892394,0.9974428415298462,0.26221169251948595,0.2156933704391122,0.4018542543053627,1,-0.16204986535012722,-0.16055802255868912,-1.1129743847995996,0.031559305126853926,0.5206149329946957,2.7303984830711157,0.4894330706377135,0.8571428571428571,GIRTH,0.024111018516123295,bracket >= 0 and every cycle weighs >= girth,,ok,0.05584072321653366,0.4873508857563138,0.0891302265226841,0.05584072321653366,0.117272331379354,one_aux_T,890,,,,CERTIFIED,GIRTH,,0.00016045570373535156,0.000408172607421875,0.00912022590637207,36.07421875,36.07421875,36.07421875
dense,30,27,dense_N30_seed27,ok,30,104,0,29,0,3,5,0.37243636697530746,0.9589856266975403,0.08887716615572572,0.06608904199674726,0.7072740439325571,1,-0.3063473249785602,-0.3051000493578613,-1.242544827517122,0.06472748506458624,0.14318231091801775,2.1449387520651886,0.1330879202267772,0.75,GIRTH,0.33483767695724964,bracket >= 0 and every cycle weighs >= girth,,witness,-0.06194311939179897,,,,,,,one_aux_T,29 10 22 27 5,0.0360420421 0.16810824 0.0227881242 0.167109683,WITNESS,pure-path one_aux_T,,0.00026535987854003906,8.034706115722656e-05,0.008642435073852539,36.07421875,36.07421875,36.07421875
dense,30,28,dense_N30_seed28,ok,30,110,0,29,0,4,6,0.6506323292851448,0.9975664019584656,0.21591516491025686,0.1611709324643016,0.7602056413888931,1,-0.4894613968208432,-0.48448759969323874,-1.4322835663333535,0.0815274461940322,0.221236229425698,1.6888173315483215,0.19817144056322125,0.8,GIRTH,0.10957331210374832,bracket >= 0 and every cycle weighs >= girth,,witness,-0.08150157704949379,,,,,,,one_aux_S,0 4 17 1 22 8,0.263610393 0.0890760198 0.105219848 0.0547442324 0.112960517,WITNESS,pure-path one_aux_S,,0.00029587745666503906,8.177757263183594e-05,0.008429765701293945,36.07421875,36.07421875,36.07421875
dense,30,29,dense_N30_seed29,ok,30,103,0,29,0,3,5,0.793893113732338,0.9989609122276306,0.12337379343807697,0.08104031346738338,0.3256833590567112,1,-0.7128528002649546,-0.7082667294889688,-1.6694802325218916,0.1324531494033465,0.09324211884750465,1.3549839354553954,0.0765597207598776,0.75,OPEN,-0.46820975467562675,"neither certificate fires -- constructive search, then UNDETERMINED",,witness,-0.03971154149621725,,,,,,,one_aux_S,0 27 19 5 25,0.15149124 0.567220867 0.0331613384 0.00461625494,WITNESS,pure-path one_aux_S,,0.0001666545867919922,0.00011038780212402344,0.013896942138671875,36.07421875,36.07421875,36.07421875
dense,30,30,dense_N30_seed30,ok,30,110,0,29,0,3,5,0.32832267123740166,0.9917244911193848,0.20338062185328454,0.14215247321408242,0.21962790563702583,1,-0.18617019802331924,-0.1842669378966093,-1.116666540503502,0.05517706348511092,0.3716720890825573,2.4123472632244045,0.3247243162001192,0.75,OPEN,-0.10869476560037583,"neither certificate fires -- constructive search, then UNDETERMINED",-0.09460354590555653,ok,0.055580556509085,0.6700634473236278,0.15671944618225098,0.06740298867225647,0.055580556509085,aux_free,212,cycle_carrying,"[[0.21962790563702583, [10, 4, 3]]]",0.00100000005 0.0271824393,WITNESS,cycle-carrying member,,7.653236389160156e-05,0.0001533031463623047,0.007891178131103516,36.07421875,36.07421875,36.07421875
dense,30,31,dense_N30_seed31,ok,30,107,0,29,0,3,5,0.6563769429922104,0.9948495626449585,0.19664020091295242,0.11888934671878815,0.6451838696375489,1,-0.5374875962734222,-0.5365419648587704,-1.4545863047242165,0.10996251219583604,0.179750556151348,1.5094008312751763,0.13584726122859758,0.75,OPEN,-0.011193073354661465,"neither certificate fires -- constructive search, then UNDETERMINED",,witness,-0.15774952620267868,,,,,,,one_aux_S,0 8 10 18 6,0.108062401 0.112707458 0.225124478 0.105466157,WITNESS,pure-path one_aux_S,,0.0002682209014892578,0.00011396408081054688,0.01354074478149414,36.07421875,36.07421875,36.07421875
dense,30,32,dense_N30_seed32,ok,30,121,0,1,1,3,5,0.49492406100034714,0.9966799020767212,0.16697863908484578,0.09890335472300649,0.4732268829829991,1,-0.39602070627734065,-0.3822431708686054,-1.3246253239922225,0.08276212184893465,0.2024294055302298,1.8082822161390397,0.14987656064311417,0.75,OPEN,-0.02169717801734805,"neither certificate fires -- constructive search, then UNDETERMINED",,witness,-0.033371465280652046,,,,,,,aux_free,0 23 16 15 7 20,0.189750463 0.0405202135 0.251392603 0.0292675626 0.0909939706,WITNESS,pure-path aux_free,,0.00011038780212402344,0.00013756752014160156,0.010540008544921875,36.07421875,36.07421875,36.07421875
dense,30,33,dense_N30_seed33,ok,30,114,0,29,0,4,6,0.30302640597801656,0.9973851442337036,0.0828130308073014,0.039140502689406276,0.4357798658311367,1,-0.2638859032886103,-0.2522144411923364,-1.2175985194044188,0.03797760671115086,0.1821910108021173,2.860942202962251,0.1033322559810072,0.8,GIRTH,0.13275345985312015,bracket >= 0 and every cycle weighs >= girth,,witness,-0.07034017518162727,,,,,,,one_aux_S,0 9 12 17 19 1,0.00864458829 0.0766674802 0.00100000005 0.0561038218 0.180540681,WITNESS,pure-path one_aux_S,,0.00015163421630859375,7.2479248046875e-05,0.008134841918945312,36.07421875,36.07421875,36.07421875
dense,30,34,dense_N30_seed34,ok,30,99,0,29,0,3,5,0.26192283257842064,0.9898728728294373,0.08708342886529863,0.038940265541896224,0.31970718409866095,1,-0.22298256703652442,-0.2068697747308761,-1.1647122765425593,0.04410041595034058,0.19948645486466066,2.86755230863594,0.11150306702520113,0.75,GIRTH,0.05778435152024031,bracket >= 0 and every cycle weighs >= girth,,ok,0.003568317973986268,0.6094630397856236,0.05446247663348913,0.003568317973986268,0.012041659094393253,one_aux_T,196,,,,CERTIFIED,GIRTH,,0.00011277198791503906,0.00015211105346679688,0.009102821350097656,36.07421875,36.07421875,36.07421875
dense,30,35,dense_N30_seed35,ok,30,117,0,29,0,3,5,0.47400711476802826,0.9814040064811707,0.0510819029295817,0.027425711625255644,0.280801085755229,1,-0.4465814031427726,-0.44221721624489874,-1.4043292183196172,0.08049812846997696,0.06465966607431249,1.8422649060381147,0.04339446197766045,0.75,OPEN,-0.19320602901279926,"neither certificate fires -- constructive search, then UNDETERMINED",,witness,-0.07938933279365301,,,,,,,one_aux_S,0 15 1 24 17,0.051661253 0.166479662 0.164648771 0.0236561913,WITNESS,pure-path one_aux_S,,0.00010061264038085938,6.628036499023438e-05,0.008871078491210938,36.07421875,36.07421875,36.07421875
dense,30,36,dense_N30_seed36,ok,30,106,0,1,1,3,5,0.26335682161152363,0.9998492002487183,0.15629266574978828,0.1083378978073597,0.5389377363026142,1,-0.15501892380416393,-0.1527063325047493,-1.1069133561104536,0.04389942362408453,0.3560781105879266,2.8779342356817876,0.308529784261204,0.75,GIRTH,0.2755809146910906,bracket >= 0 and every cycle weighs >= girth,,ok,0.04733550176024437,0.7243646048009396,0.04733550176024437,0.07295898348093033,0.061387041583657265,one_aux_S,156,,,,CERTIFIED,GIRTH,,0.000270843505859375,0.00021982192993164062,0.017625093460083008,36.07421875,36.07421875,36.07421875
dense,30,37,dense_N30_seed37,ok,30,120,0,29,0,5,7,0.37239775131456554,0.9958866834640503,0.15500375325791538,0.1174297675024718,0.47663937136530876,1,-0.25496798381209373,-0.2539593204855919,-1.2132806815207005,0.03739358679033973,0.29730836510683906,2.6244681161253878,0.2627785458960306,0.8333333333333334,GIRTH,0.10424162005074322,bracket >= 0 and every cycle weighs >= girth,,witness,-0.1356271232943982,,,,,,,one_aux_T,29 22 25 18 10 17 16,0.00779596763 0.00571530079 0.0636475831 0.0467400476 0.0375739858 0.150595486,WITNESS,pure-path one_aux_T,,0.00019931793212890625,0.00011420249938964844,0.008547544479370117,36.07421875,36.07421875,36.07421875
dense,30,38,dense_N30_seed38,ok,30,116,0,29,0,3,5,0.5448112487792969,0.9945699572563171,0.15747272968292236,0.11220427230000496,0.3408946059644222,1,-0.4326069764792919,-0.4300418235361576,-1.3819084763526917,0.091297624801619,0.1734245356010055,1.6953187469804436,0.15446304461142688,0.75,OPEN,-0.20391664281487465,"neither certificate fires -- constructive search, then UNDETERMINED",,witness,-0.11972488835453987,,,,,,,one_aux_S,0 12 2 17 25,0.195053726 0.179066315 0.0401381515 0.0216563344,WITNESS,pure-path one_aux_S,,0.00011110305786132812,7.462501525878906e-05,0.008227109909057617,36.07421875,36.07421875,36.07421875
dense,30,39,dense_N30_seed39,ok,30,114,0,5,1,3,5,0.443516394123435,0.9987696409225464,0.08970215218141675,0.06112609105184674,0.38639145717024803,1,-0.3823903030715883,-0.3804254881106317,-1.3525838828645647,0.07401045845996522,0.12135130070044503,1.9511603911235518,0.10336611880941217,0.75,OPEN,-0.05712493695318699,"neither certificate fires -- constructive search, then UNDETERMINED",,witness,-0.23540155589580536,,,,,,,one_aux_S,0 7 11 8 2,0.121122293 0.017122535 0.0492430218 0.0412539765,WITNESS,pure-path one_aux_S,,0.00016427040100097656,7.486343383789062e-05,0.010616540908813477,36.07421875,36.07421875,36.07421875
dense,30,40,dense_N30_seed40,ok,30,117,0,29,0,3,5,0.35821080952882767,0.9958841800689697,0.0970881781540811,0.06365770613774657,0.4506670143455267,1,-0.2945531033910811,-0.29232262959703803,-1.2570068114437163,0.05994853897970677,0.16262185657956996,2.2680973665405104,0.13328263227485798,0.75,GIRTH,0.09245620481669903,bracket >= 0 and every cycle weighs >= girth,,witness,-0.05002332478761673,,,,,,,one_aux_S,0 11 16 17 10,0.18055962 0.0761201456 0.00731207058 0.0883912966,WITNESS,pure-path one_aux_S,,0.00027871131896972656,0.00010347366333007812,0.012764692306518555,36.07421875,36.07421875,36.07421875
dense,40,1,dense_N40_seed1,ok,40,149,0,39,0,4,6,0.7123223282396793,0.9991993308067322,0.11286491481587291,0.07396450964733958,0.21398626174777746,1,-0.6383578185923398,-0.635988109279424,-1.5986567442305386,0.08911163997484935,0.10563093919835365,1.6018232113880202,0.08306858478534432,0.8,OPEN,-0.4983360664919019,"neither certificate fires -- constructive search, then UNDETERMINED",,witness,-0.43807826237753034,,,,,,,one_aux_S,0 32 1 11 2 16,0.0534427352 0.107705094 0.00731369434 0.0389691405 0.133626804,WITNESS,pure-path one_aux_S,,0.00012493133544921875,0.00013971328735351562,0.00860285758972168,36.07421875,36.07421875,36.07421875
dense,40,2,dense_N40_seed2,ok,40,153,0,3,1,3,5,0.6551792994141579,0.9907644391059875,0.12116895150393248,0.07280283700674772,0.3570017460733652,1,-0.5823764624074101,-0.5818970883265138,-1.524774787016213,0.11021444209371577,0.11096408413294943,1.5073221086123143,0.08333921386692836,0.75,OPEN,-0.29817755334079266,"neither certificate fires -- constructive search, then UNDETERMINED",,witness,-0.29672762751579285,,,,,,,one_aux_S,0 4 17 6 22,0.118860729 0.116122715 0.0474073663 0.152121723,WITNESS,pure-path one_aux_S,,0.0001347064971923828,0.0001385211944580078,0.012490510940551758,36.07421875,36.07421875,36.07421875
dense,40,3,dense_N40_seed3,ok,40,162,0,2,1,3,5,0.759110514074564,0.9984261393547058,0.0921802376396954,0.06472530821338296,0.5369770005345345,1,-0.694385205861181,-0.6929171592928469,-1.6653564157895744,0.1267178552578738,0.07285914443069429,1.3891547706240581,0.06394850322843633,0.75,OPEN,-0.22213351354002953,"neither certificate fires -- constructive search, then UNDETERMINED",,witness,-0.3044839780777693,,,,,,,one_aux_S,0 1 37 26 33,0.0574555211 0.345735937 0.0274549294 0.0479602963,WITNESS,pure-path one_aux_S,,0.00034332275390625,8.416175842285156e-05,0.012830972671508789,36.07421875,36.07421875,36.07421875
dense,40,4,dense_N40_seed4,ok,40,149,0,39,0,3,5,0.8137200698256493,0.9983623623847961,0.06647940049879253,0.044175349874421954,0.24718612525612116,1,-0.7695447199512273,-0.7665385876316577,-1.7456030317116529,0.13584247238012018,0.049018872433393465,1.3361467900862092,0.040716105740043196,0.75,OPEN,-0.5665339445695281,"neither certificate fires -- constructive search, then UNDETERMINED",,witness,-0.13395642361138016,,,,,,,one_aux_S,0 24 8 38 31,0.343454152 0.0656292662 0.269156963 0.00304653007,WITNESS,pure-path one_aux_S,,0.00010895729064941406,0.00011372566223144531,0.008159160614013672,36.07421875,36.07421875,36.07421875
dense,40,5,dense_N40_seed5,ok,40,164,0,1,1,3,5,0.4900278337299824,0.9991551041603088,0.0416861807461828,0.023253889521583915,0.17337575717829168,1,-0.46677394420839846,-0.462850984884426,-1.4474967571441084,0.08174036771828373,0.05104140362257822,1.8233857369549358,0.03559066636773543,0.75,OPEN,-0.3166520765516907,"neither certificate fires -- constructive search, then UNDETERMINED",,witness,-0.2988797372672707,,,,,,,one_aux_S,0 20 12 8 37,0.00228597899 0.00158625701 0.135278329 0.103995062,WITNESS,pure-path one_aux_S,,9.012222290039062e-05,7.987022399902344e-05,0.013625144958496094,36.07421875,36.07421875,36.07421875
dense,40,6,dense_N40_seed6,ok,40,151,0,39,0,4,6,0.6940517760813236,0.996098518371582,0.18150742643047124,0.12301643111277372,0.5227157920598984,1,-0.5710353449685499,-0.5631620817584917,-1.5086428680224344,0.08709627653296241,0.17434571183846242,1.6234622571394126,0.14179510561282346,0.8,OPEN,-0.17133598402142525,"neither certificate fires -- constructive search, then UNDETERMINED",,witness,-0.013712331652641296,,,,,,,one_aux_S,0 22 36 38 35 2,0.0891972855 0.279849082 0.0427444689 0.134127438 0.26884234,WITNESS,pure-path one_aux_S,,0.0001976490020751953,0.00014710426330566406,0.008861303329467773,36.07421875,36.07421875,36.07421875
dense,40,7,dense_N40_seed7,ok,40,144,0,39,0,5,7,0.8812271468341351,0.9914989471435547,0.12125622807070613,0.09039638889953494,0.29572663316503167,1,-0.7908307579346001,-0.7893671137280762,-1.7514698659069836,0.08887827358494876,0.09828520579538827,1.5179531185619786,0.08548343563129528,0.8333333333333334,OPEN,-0.5855005136691034,"neither certificate fires -- constructive search, then UNDETERMINED",,witness,-0.26236158795654774,,,,,,,one_aux_S,0 7 38 28 24 37 27,0.266041845 0.0423498303 0.0544929728 0.0081681814 0.199554965 0.0965155289,WITNESS,pure-path one_aux_S,,0.0002377033233642578,0.00021147727966308594,0.012829780578613281,36.07421875,36.07421875,36.07421875
dense,40,8,dense_N40_seed8,ok,40,146,0,39,0,4,6,0.4667237475514412,0.992882490158081,0.14620728697627783,0.10076969768851995,0.34004782512784004,1,-0.36595404986292124,-0.3625300759449601,-1.3133989507332444,0.05875868395528006,0.20884200806625725,2.084896751546656,0.1727269258822762,0.8,OPEN,-0.12667592242360115,"neither certificate fires -- constructive search, then UNDETERMINED",,witness,-0.10042830021120608,,,,,,,one_aux_S,0 19 1 24 26 6,0.174020976 0.0454375893 0.0486343876 0.0955158025 0.00537338434,WITNESS,pure-path one_aux_S,,0.00019741058349609375,0.00012636184692382812,0.008551359176635742,36.07421875,36.07421875,36.07421875
dense,40,9,dense_N40_seed9,ok,40,150,0,7,1,3,5,0.668687991797924,0.9922469258308411,0.11305352905765176,0.07768580922856927,0.5036740531213582,1,-0.5910021825693548,-0.5879495120607316,-1.5478813885711133,0.11231881473421372,0.10144060947200285,1.4903227855158157,0.08713235116540616,0.75,OPEN,-0.16501393867656589,"neither certificate fires -- constructive search, then UNDETERMINED",,witness,-0.127757266163826,,,,,,,one_aux_S,0 39 38 12 36,0.0730500147 0.106599532 0.268854618 0.184853122,WITNESS,pure-path one_aux_S,,0.0001728534698486328,0.00012826919555664062,0.012032747268676758,36.07421875,36.07421875,36.07421875
dense,40,10,dense_N40_seed10,ok,40,155,0,39,0,6,8,0.6882010009139776,0.9976902604103088,0.20480547565966845,0.14899540785700083,0.31184559874236584,1,-0.5392055930569768,-0.5282914834097028,-1.481085785664618,0.05748285383272401,0.22319657562362546,1.8372807425650084,0.18557129301193548,0.8571428571428571,OPEN,-0.3763554021716118,"neither certificate fires -- constructive search, then UNDETERMINED",,witness,-0.037164061795920134,,,,,,,one_aux_S,0 31 34 23 9 35 7 30,0.118215732 0.186807111 0.0627616644 0.177939236 0.0852597803 0.0177369993 0.00463283155,WITNESS,pure-path one_aux_S,,0.0001697540283203125,0.00015044212341308594,0.008360862731933594,36.07421875,36.07421875,36.07421875
dense,40,11,dense_N40_seed11,ok,40,168,0,39,0,5,7,0.37987473141402006,0.998266339302063,0.1420294689014554,0.09830741677433252,0.2942976579070091,1,-0.28156731463968754,-0.2751445481553674,-1.2361116018146276,0.03805344490325189,0.26706072358713484,2.5913449821174015,0.21565753270031857,0.8333333333333334,OPEN,-0.08557707350701094,"neither certificate fires -- constructive search, then UNDETERMINED",,witness,-0.12651296216063201,,,,,,,one_aux_T,39 10 3 25 8 2 14,0.0239397381 0.0437220521 0.0116926217 0.0471691377 0.123785421 0.00610559667,WITNESS,pure-path one_aux_T,,0.00017690658569335938,0.00012159347534179688,0.008692502975463867,36.07421875,36.07421875,36.07421875
dense,40,12,dense_N40_seed12,ok,40,168,0,3,1,3,5,0.3494383320212364,0.9926825761795044,0.08872218802571297,0.05393993854522705,0.3883068151772022,1,-0.29549839347600937,-0.2890274990350008,-1.2533987201750278,0.05866902814763222,0.15233964890890284,2.304476845063196,0.11577136851277586,0.75,GIRTH,0.038868483155965805,bracket >= 0 and every cycle weighs >= girth,,witness,-0.04353238642215729,,,,,,,one_aux_S,0 39 36 37 20,0.166975558 0.0680732876 0.0422787108 0.0571567789,WITNESS,pure-path one_aux_S,,0.00040721893310546875,0.00012612342834472656,0.022180795669555664,36.07421875,36.07421875,36.07421875
dense,40,13,dense_N40_seed13,ok,40,158,0,39,0,5,7,0.3329612426459789,0.9818779826164246,0.0695761195383966,0.0437076254747808,0.1298899780958891,1,-0.28925361717119813,-0.28753024199977517,-1.245263105724007,0.033910653720814914,0.14925829759276948,2.820661250913232,0.10939117399832261,0.8333333333333334,OPEN,-0.20307126455008984,"neither certificate fires -- constructive search, then UNDETERMINED",,witness,-0.014616744592785835,,,,,,,one_aux_T,39 5 31 9 7 15 34,0.0521954559 0.0568729602 0.0317651667 0.0520615801 0.0260015484 0.198895574,WITNESS,pure-path one_aux_T,,0.00013589859008789062,0.0001163482666015625,0.008987665176391602,36.07421875,36.07421875,36.07421875
dense,40,14,dense_N40_seed14,ok,40,150,0,7,1,3,5,0.7074879705905914,0.9962631464004517,0.07182140881195664,0.03960559004917741,0.2658260432071984,1,-0.667882380541414,-0.6589519660919905,-1.6319297081790864,0.11835694433858174,0.06090965087533752,1.4449018395906847,0.04198543829951881,0.75,OPEN,-0.44166192738339305,"neither certificate fires -- constructive search, then UNDETERMINED",,witness,-0.34548905957490206,,,,,,,one_aux_S,0 38 9 37 21,0.276804775 0.00783654582 0.0544605143 0.0457941517,WITNESS,pure-path one_aux_S,,0.0001895427703857422,0.00021409988403320312,0.021840333938598633,36.07421875,36.07421875,36.07421875
dense,40,15,dense_N40_seed15,ok,40,142,0,3,1,3,5,0.272271306021139,0.965971827507019,0.11383103649131954,0.0694939277600497,0.17820905218832195,1,-0.20277737826108932,-0.19477385003119707,-1.1244120970368385,0.04697709571989918,0.2508476669571969,2.7286969419363376,0.19142834616583015,0.75,OPEN,-0.09406225383281708,"neither certificate fires -- constructive search, then UNDETERMINED",-0.05543600767850876,ok,0.023474572226405144,0.4787784405052662,0.11118866316974163,0.023474572226405144,0.03709993790835142,one_aux_T,226,cycle_carrying,"[[0.17820905218832195, [33, 39, 0]]]",0.0151513852 0.0621011071,WITNESS,cycle-carrying member,,7.534027099609375e-05,0.0002155303955078125,0.012518644332885742,36.07421875,36.07421875,36.07421875
dense,40,16,dense_N40_seed16,ok,40,165,0,39,0,5,7,0.5685750860720873,0.995529294013977,0.18673990108072758,0.13676277734339237,0.30048239789903164,1,-0.4318123087286949,-0.43099902383983135,-1.3773644790053368,0.057112843337797814,0.2345963565701852,1.9649426113010189,0.2004466673114903,0.8333333333333334,OPEN,-0.26809268817305565,"neither certificate fires -- constructive search, then UNDETERMINED",,witness,-0.1478260699659586,,,,,,,one_aux_S,0 31 36 17 14 6 7,0.11238718 0.050919462 0.0553683154 0.048350554 0.0930529609 0.121341087,WITNESS,pure-path one_aux_S,,0.00018787384033203125,0.00010204315185546875,0.008313179016113281,36.07421875,36.07421875,36.07421875
dense,40,17,dense_N40_seed17,ok,40,151,0,39,0,6,8,0.5887447707355022,0.9985895752906799,0.2140376535244286,0.17043382348492742,0.3609204553067684,1,-0.4183109472505748,-0.41664420953020453,-1.3732966925017536,0.04913136031254584,0.2726618530178672,2.0220999297070232,0.24813151925434646,0.8571428571428571,OPEN,-0.22782431542873383,"neither certificate fires -- constructive search, then UNDETERMINED",,witness,-0.019809037446975708,,,,,,,one_aux_S,0 19 18 26 10 34 32 27,0.183118865 0.0562128462 0.06725353 0.0283412151 0.0622766428 0.119676434 0.104112402,WITNESS,pure-path one_aux_S,,0.00029468536376953125,0.0002872943878173828,0.01305389404296875,36.07421875,36.07421875,36.07421875
dense,40,18,dense_N40_seed18,ok,40,155,0,39,0,3,5,0.3328913124278188,0.9986229538917542,0.0470712116220966,0.02096986270043999,0.13679996598511934,1,-0.3119214497273788,-0.3037710039643571,-1.2844430546974763,0.05555839187194413,0.08484068498898378,2.3999081080404343,0.04724484069778836,0.75,OPEN,-0.19609134644269943,"neither certificate fires -- constructive search, then UNDETERMINED",,witness,-0.07779765059240162,,,,,,,one_aux_T,39 25 12 15 22,0.0515348352 0.00141597702 0.168203041 0.0678796172,WITNESS,pure-path one_aux_T,,0.00010371208190917969,0.0001289844512939453,0.008561134338378906,36.07421875,36.07421875,36.07421875
dense,40,19,dense_N40_seed19,ok,40,155,0,39,0,7,9,0.40209087636321783,0.9966528415679932,0.2466528406366706,0.20151375140994787,0.25672898069024086,1,-0.20057712495326996,-0.19605059549212456,-1.1520908772945404,0.028817232726594914,0.4771088068650222,2.705636572639934,0.43851910811432193,0.875,OPEN,-0.14536189567297697,"neither certificate fires -- constructive search, then UNDETERMINED",0.04286111518740654,ok,0.05412252712994814,0.8232777174562216,0.214448943734169,0.059248585253953934,0.05412252712994814,aux_free,1113,,,,UNDETERMINED,"cycle leg OPEN (neither certificate fired, no witness found)",,0.0001308917999267578,0.0005466938018798828,0.009155988693237305,36.07421875,36.07421875,36.07421875
dense,40,20,dense_N40_seed20,ok,40,160,0,39,0,3,5,0.6915072947740555,0.9976898431777954,0.077405936550349,0.045464939903467894,0.30823637545108795,1,-0.6460423548705876,-0.6383023890666664,-1.611791201401502,0.11551808067784182,0.06716279391583926,1.465665352239371,0.04931069445730489,0.75,OPEN,-0.38327091932296753,"neither certificate fires -- constructive search, then UNDETERMINED",,witness,-1.9747763872146606e-05,,,,,,,one_aux_S,0 15 1 6 29,0.188026533 0.364769667 0.0552222095 0.166938275,WITNESS,pure-path one_aux_S,,0.0001780986785888672,7.891654968261719e-05,0.008358240127563477,36.07421875,36.07421875,36.07421875
dense,40,21,dense_N40_seed21,ok,40,154,0,39,0,5,7,0.8793242387473583,0.9998102188110352,0.09286483051255345,0.04910231428220868,0.2603329276898876,1,-0.8302219244651496,-0.8188697067089379,-1.78626962704584,0.0879491149623418,0.07543522499638398,1.526443647417342,0.04653413772997375,0.8333333333333334,OPEN,-0.6189913110574707,"neither certificate fires -- constructive search, then UNDETERMINED",,witness,-0.38476096565136686,,,,,,,one_aux_S,0 4 5 25 22 37 26,0.105677068 0.0786464512 0.134406596 0.0937379673 0.0815951899 0.00100000005,WITNESS,pure-path one_aux_S,,0.00011610984802246094,0.0001544952392578125,0.008855819702148438,36.07421875,36.07421875,36.07421875
dense,40,22,dense_N40_seed22,ok,40,172,0,39,0,3,5,0.5711913108825684,0.9981280565261841,0.03482861060183495,0.019110353547148407,0.21793089248239994,1,-0.55208095733542,-0.549199350294657,-1.5344907568069175,0.09537709233931752,0.036585231537944796,1.6484697902535743,0.025092757693066497,0.75,OPEN,-0.3532604184001684,"neither certificate fires -- constructive search, then UNDETERMINED",,witness,-0.03987159812822938,,,,,,,one_aux_S,0 3 29 6 22,0.393311977 0.129283413 0.00374680059 0.00995504297,WITNESS,pure-path one_aux_S,,0.00012731552124023438,8.0108642578125e-05,0.008836746215820312,36.07421875,36.07421875,36.07421875
dense,40,23,dense_N40_seed23,ok,40,144,0,39,0,3,5,0.40506982803344727,0.9986518025398254,0.047115732450038195,0.029912077356129885,0.3324347734451294,1,-0.3751577506773174,-0.3722787997685373,-1.3566058981232345,0.06760277990173881,0.06978905243885176,2.079229110775486,0.055383186958187856,0.75,OPEN,-0.07263505458831787,"neither certificate fires -- constructive search, then UNDETERMINED",,witness,-0.10854088701307774,,,,,,,one_aux_S,0 4 17 21 10,0.206100762 0.0593230277 0.0114457533 0.0393187962,WITNESS,pure-path one_aux_S,,0.00024890899658203125,0.00013756752014160156,0.008838653564453125,36.07421875,36.07421875,36.07421875
dense,40,24,dense_N40_seed24,ok,40,144,0,1,1,3,5,0.7202575653791428,0.9847697019577026,0.09503872226923704,0.04789587017148733,0.2619500756263733,1,-0.6723616952076554,-0.6648451322689652,-1.6099885450676084,0.12189949317545767,0.07917061354506601,1.4203479554756118,0.04987369012876144,0.75,OPEN,-0.45830748975276947,"neither certificate fires -- constructive search, then UNDETERMINED",,witness,-0.04707150533795357,,,,,,,one_aux_S,0 25 31 30 22,0.348080099 0.0636778399 0.0471428521 0.428570539,WITNESS,pure-path one_aux_S,,0.00017952919006347656,0.00013518333435058594,0.012717485427856445,36.07421875,36.07421875,36.07421875
dense,40,25,dense_N40_seed25,ok,40,145,0,4,1,3,5,0.3936086595058441,0.9967729449272156,0.14622496906667948,0.10179258976131678,0.42519626021385193,1,-0.29181606974452734,-0.29103389475494623,-1.2441566353663802,0.06581382809879961,0.22289901230870923,2.1194375238267584,0.19396027114046271,0.75,GIRTH,0.03158760070800781,bracket >= 0 and every cycle weighs >= girth,,witness,-0.01906278356909752,,,,,,,one_aux_S,0 2 7 32 15,0.0585050508 0.211633503 0.0821789205 0.0444568023,WITNESS,pure-path one_aux_S,,0.00021886825561523438,0.00012922286987304688,0.012421369552612305,36.07421875,36.07421875,36.07421875
dense,40,26,dense_N40_seed26,ok,40,139,0,39,0,5,7,0.5564471445977688,0.996424674987793,0.11501102638430893,0.08798693236894906,0.4995379988104105,1,-0.46846021222881973,-0.46772351092658937,-1.4378607932012528,0.05584437625499246,0.1476343870737847,1.9933504333976184,0.13176892783553135,0.8333333333333334,OPEN,-0.056909145787358284,"neither certificate fires -- constructive search, then UNDETERMINED",,witness,-0.05611201375722885,,,,,,,one_aux_S,0 20 16 18 38 7 8,0.113099754 0.0255506914 0.0765572041 0.0473146141 0.21584551 0.043934714,WITNESS,pure-path one_aux_S,,0.0004398822784423828,0.00021886825561523438,0.013492345809936523,36.07421875,36.07421875,36.07421875
dense,40,27,dense_N40_seed27,ok,40,153,0,39,0,4,6,0.7409418448805809,0.9933834075927734,0.13037184881977737,0.09372357535175979,0.17799179628491402,1,-0.6472182695288211,-0.6451274037826806,-1.603953403653577,0.09323462612941108,0.11730281732685752,1.5604690745581875,0.10119398816447238,0.8,OPEN,-0.5629500485956669,"neither certificate fires -- constructive search, then UNDETERMINED",,witness,-0.04133056104183197,,,,,,,one_aux_S,0 23 10 31 13 20,0.388221264 0.124854617 0.0643668026 0.0628724843 0.118592232,WITNESS,pure-path one_aux_S,,0.00014901161193847656,0.0001354217529296875,0.008363485336303711,36.07421875,36.07421875,36.07421875
dense,40,28,dense_N40_seed28,ok,40,150,0,39,0,3,5,0.29421989247202873,0.9932423233985901,0.09502967074513435,0.0648666750639677,0.3966916799545288,1,-0.22935321740806103,-0.22671177703887224,-1.1924325451254845,0.04937027711178153,0.19379315915051953,2.625510202699194,0.16535253918156095,0.75,GIRTH,0.10247178748250008,bracket >= 0 and every cycle weighs >= girth,,witness,-0.020090851932764053,,,,,,,one_aux_S,0 4 28 27 16,0.210834697 0.0185273848 0.0248801149 0.0397736877,WITNESS,pure-path one_aux_S,,0.000247955322265625,0.00011610984802246094,0.008090972900390625,36.07421875,36.07421875,36.07421875
dense,40,29,dense_N40_seed29,ok,40,139,0,39,0,3,5,0.8516545817255974,0.9885057806968689,0.21170155506115407,0.14486999611835927,0.5892920643091202,1,-0.7067845856072381,-0.6990631186636165,-1.6284588073613122,0.14359291878650837,0.14914606903109284,1.2964131716597973,0.1275781278233964,0.75,OPEN,-0.2623625174164772,"neither certificate fires -- constructive search, then UNDETERMINED",,witness,-0.3333782609552145,,,,,,,one_aux_S,0 9 31 35 16,0.148715928 0.268041581 0.0808880702 0.041261483,WITNESS,pure-path one_aux_S,,0.00019788742065429688,0.00012350082397460938,0.008176803588867188,36.07421875,36.07421875,36.07421875
dense,40,30,dense_N40_seed30,ok,40,135,0,39,0,3,5,0.8445464596152306,0.9971070885658264,0.08197704935446382,0.05306546622887254,0.7036439906805754,1,-0.791480993386358,-0.7894529779441655,-1.7596764988265932,0.14116612436449713,0.058239815054209325,1.3083852478785605,0.04712481974027408,0.75,OPEN,-0.1409024689346552,"neither certificate fires -- constructive search, then UNDETERMINED",,witness,-0.2819496253505349,,,,,,,one_aux_T,39 30 26 37 31,0.130023584 0.101411439 0.325173855 0.0119759124,WITNESS,pure-path one_aux_T,,0.0005204677581787109,0.0001938343048095703,0.012977361679077148,36.07421875,36.07421875,36.07421875
dense,40,31,dense_N40_seed31,ok,40,158,0,39,0,4,6,0.6058723032474518,0.9957466125488281,0.09116128738969564,0.06145493593066931,0.3269373122602701,1,-0.5444173673167825,-0.5395205905660987,-1.5104576284065843,0.07605754009252803,0.10030858196914291,1.762328362166599,0.08114572737690534,0.8,OPEN,-0.27893499098718166,"neither certificate fires -- constructive search, then UNDETERMINED",,witness,-0.05026386305689812,,,,,,,one_aux_S,0 2 20 18 16 35,0.218909457 0.071206063 0.073296085 0.0134698488 0.357453972,WITNESS,pure-path one_aux_S,,0.00016570091247558594,9.417533874511719e-05,0.007929801940917969,36.29296875,36.29296875,36.29296875
dense,40,32,dense_N40_seed32,ok,40,145,0,39,0,5,7,0.8550403714179993,0.997849702835083,0.259978748857975,0.20651905611157417,0.5287316106259823,1,-0.6485213153064251,-0.647479098290205,-1.5929113253951073,0.08568829243408752,0.217181682332919,1.547871836724963,0.20127612587567345,0.8333333333333334,OPEN,-0.326308760792017,"neither certificate fires -- constructive search, then UNDETERMINED",,witness,-0.2098197601735592,,,,,,,one_aux_S,0 33 5 6 31 30 13,0.225582406 0.018358361 0.0170929171 0.234893903 0.10248334 0.093619369,WITNESS,pure-path one_aux_S,,0.00029540061950683594,0.0002117156982421875,0.013914346694946289,36.29296875,36.29296875,36.29296875
dense,40,33,dense_N40_seed33,ok,40,145,0,39,0,3,5,0.4676104615209624,0.9862938523292542,0.08859129983466119,0.06299578945618123,0.40068861842155457,1,-0.4046146720647812,-0.40417479537427425,-1.3653130140155554,0.07901811081566323,0.11367320510303391,1.865532660395845,0.10103889023025611,0.75,OPEN,-0.06692184309940785,"neither certificate fires -- constructive search, then UNDETERMINED",,witness,-0.2221835907548666,,,,,,,one_aux_T,39 1 12 18 2,0.00100000005 0.15228352 0.0255955104 0.133095682,WITNESS,pure-path one_aux_T,,0.000370025634765625,0.00017833709716796875,0.013931751251220703,36.29296875,36.29296875,36.29296875
dense,40,34,dense_N40_seed34,ok,40,133,0,5,1,3,5,0.8635203838348389,0.9890314340591431,0.15041758120059967,0.11120815947651863,0.3338664025068283,1,-0.7523122243583202,-0.7506611905992031,-1.7021342366933823,0.14551616765283404,0.10451467088658971,1.2872088621697042,0.09658847801251398,0.75,OPEN,-0.5296539813280106,"neither certificate fires -- constructive search, then UNDETERMINED",,witness,-0.11007016524672508,,,,,,,one_aux_S,0 1 37 29 7,0.513615727 0.109643944 0.114952452 0.0304761901,WITNESS,pure-path one_aux_S,,0.0001544952392578125,0.00014066696166992188,0.012440681457519531,36.29296875,36.29296875,36.29296875
dense,40,35,dense_N40_seed35,ok,40,159,0,2,1,3,5,0.5958481465931982,0.9925357699394226,0.07520322198979557,0.04949283669702709,0.24612312391400337,1,-0.5463553098961711,-0.5450350595638156,-1.5131806945428252,0.10005485690280036,0.07572723596081488,1.5994517317349857,0.06229712676795972,0.75,OPEN,-0.3497250226791948,"neither certificate fires -- constructive search, then UNDETERMINED",,witness,-0.02088695950806141,,,,,,,one_aux_S,0 17 7 25 5,0.00319207064 0.074879691 0.485354483 0.0230698846,WITNESS,pure-path one_aux_S,,0.0001609325408935547,0.00012445449829101562,0.012817144393920898,36.29296875,36.29296875,36.29296875
dense,40,36,dense_N40_seed36,ok,40,126,0,39,0,3,5,0.7049237936735153,0.9881828427314758,0.15752078220248222,0.10277074947953224,0.34282420203089714,1,-0.6021530441939831,-0.5965723395347595,-1.535585854202509,0.11889226756946572,0.13407473285724084,1.4410975923356206,0.10934240381925284,0.75,OPEN,-0.3620995916426182,"neither certificate fires -- constructive search, then UNDETERMINED",,witness,-0.0351032130420208,,,,,,,one_aux_S,0 35 23 26 29,0.371316791 0.127025798 0.144102976 0.0547500327,WITNESS,pure-path one_aux_S,,0.0001342296600341797,6.961822509765625e-05,0.008230209350585938,36.29296875,36.29296875,36.29296875
dense,40,37,dense_N40_seed37,ok,40,164,0,39,0,3,5,0.6640910804271698,0.9984406232833862,0.09858787897974253,0.06834196951240301,0.43323531560599804,1,-0.5957491109147668,-0.5936840744689107,-1.5639438247308135,0.11085471099311124,0.08907321470090539,1.5020816445609986,0.07718290253398985,0.75,OPEN,-0.23085576482117176,"neither certificate fires -- constructive search, then UNDETERMINED",,witness,-0.09823772963136435,,,,,,,one_aux_S,0 3 16 21 20,0.0758380592 0.366227537 0.110729836 0.0261158366,WITNESS,pure-path one_aux_S,,0.00015401840209960938,8.296966552734375e-05,0.008791208267211914,36.29296875,36.29296875,36.29296875
dense,40,38,dense_N40_seed38,ok,40,154,0,39,0,3,5,0.4777335524559021,0.9974904656410217,0.11625466821715236,0.0736275683157146,0.3195215091109276,1,-0.4041059841401875,-0.40212382981553674,-1.3589693498797715,0.07982257624034766,0.14600774965817384,1.8527784081899044,0.1155888590050061,0.75,OPEN,-0.15821204334497452,"neither certificate fires -- constructive search, then UNDETERMINED",,witness,-0.15665964409708977,,,,,,,one_aux_S,0 6 33 38 1,0.086247392 0.126410559 0.0568579771 0.103115961,WITNESS,pure-path one_aux_S,,0.0002295970916748047,0.00012135505676269531,0.008644819259643555,36.29296875,36.29296875,36.29296875
dense,40,39,dense_N40_seed39,ok,40,160,0,39,0,4,6,0.6885287296026945,0.994066059589386,0.16703216824680567,0.12299939338117838,0.2368491031229496,1,-0.5655293362215161,-0.5624871468171477,-1.5155626209452748,0.086579850876196,0.16172858741197252,1.6291692869644887,0.1429127216837019,0.8,OPEN,-0.4516796264797449,"neither certificate fires -- constructive search, then UNDETERMINED",,witness,-0.07710181549191475,,,,,,,one_aux_S,0 27 17 4 16 18,0.142942414 0.257126033 0.126939222 0.0199543852 0.128929719,WITNESS,pure-path one_aux_S,,0.00018167495727539062,9.250640869140625e-05,0.008545160293579102,36.29296875,36.29296875,36.29296875
dense,40,40,dense_N40_seed40,ok,40,165,0,39,0,6,8,0.33139693085104227,0.9852457642555237,0.15330108150374144,0.12192926078569144,0.1756059154868126,1,-0.20946767006535083,-0.20717950083781034,-1.1633416136028245,0.028029971714845354,0.34694289664223205,2.979756085229957,0.3153644021107125,0.8571428571428571,OPEN,-0.15579101536422968,"neither certificate fires -- constructive search, then UNDETERMINED",,witness,-0.04140028543770313,,,,,,,one_aux_S,0 27 38 30 26 3 37 12,0.0539392419 0.0480183139 0.0178186633 0.0119948192 0.0267954823 0.0209048595 0.221050531,WITNESS,pure-path one_aux_S,,0.00011563301086425781,0.00012445449829101562,0.00817251205444336,36.29296875,36.29296875,36.29296875
sparse,80,1,sparse_N80_seed1,ok,80,193,0,79,0,5,7,0.685077547095716,0.9923599362373352,0.10995228018146008,0.06174762349110097,0.46841131523251534,1,-0.623329923604615,-0.6075974014820531,-1.5674852031515911,0.06903518794735695,0.11464007734555678,1.7489547512272747,0.07511026033095426,0.8333333333333334,OPEN,-0.21666623186320066,"neither certificate fires -- constructive search, then UNDETERMINED",,witness,-0.02701026014983654,,,,,,,one_aux_T,79 33 22 45 44 46 25,0.0147097344 0.0134670194 0.0510183983 0.487594485 0.0671753213 0.0482046567,WITNESS,pure-path one_aux_T,,0.00028228759765625,0.00016307830810546875,0.008235692977905273,36.29296875,36.29296875,36.29296875
sparse,80,2,sparse_N80_seed2,ok,80,183,0,79,0,8,10,1.2893169950693846,0.999504804611206,0.29181890469044447,0.2236754847690463,0.9247449254617095,1,-1.0656415103003383,-1.0524877877905965,-1.9970028949901462,0.08062223595131389,0.18106883306831165,1.420176300123876,0.15420773470634466,0.8888888888888888,OPEN,-0.3645720696076751,"neither certificate fires -- constructive search, then UNDETERMINED",,witness,-0.6353522278368473,,,,,,,one_aux_S,0 65 34 67 46 23 55 7 28 69,0.178333268 0.0293743741 0.14207606 0.0180767383 0.0085124746 0.157002091 0.0306413975 0.0414208397 0.0970550478,WITNESS,pure-path one_aux_S,,0.0005793571472167969,0.0002067089080810547,0.008669376373291016,36.29296875,36.29296875,36.29296875
sparse,80,3,sparse_N80_seed3,ok,80,203,0,79,0,4,6,0.35080424696207047,0.9958676099777222,0.16384993575047702,0.12223665497731417,0.5163479000329971,1,-0.2285675919847563,-0.2270745421992615,-1.1828219211893156,0.044032490293804974,0.3113796125510661,2.5592085778167086,0.27875752596696607,0.8,GIRTH,0.16554365307092667,bracket >= 0 and every cycle weighs >= girth,,witness,-0.06186119467020035,,,,,,,one_aux_S,0 31 36 71 69 7,0.0420689136 0.0892539248 0.0755901635 0.0385281555 0.0870037898,WITNESS,pure-path one_aux_S,,0.0005538463592529297,0.00021123886108398438,0.014150619506835938,36.29296875,36.29296875,36.29296875
sparse,80,4,sparse_N80_seed4,ok,80,196,0,79,0,5,7,1.0055075362324715,0.9976827502250671,0.16340881446376443,0.1286251642741263,0.35058338940143585,1,-0.8768823719583452,-0.8755329078994691,-1.8397814719937742,0.10078429601049423,0.11608126001439154,1.4230129094544328,0.10660053061036796,0.8333333333333334,OPEN,-0.6549241468310356,"neither certificate fires -- constructive search, then UNDETERMINED",,witness,-0.2240959694609046,,,,,,,one_aux_S,0 23 46 65 39 64 75,0.196060568 0.0264492165 0.0617855676 0.457751691 0.00875952374 0.061209999,WITNESS,pure-path one_aux_S,,0.00031876564025878906,0.00014209747314453125,0.008516311645507812,36.29296875,36.29296875,36.29296875
sparse,80,5,sparse_N80_seed5,ok,80,183,0,79,0,4,6,1.560474932193756,0.9793116450309753,0.08502730377949774,0.05342995026148856,0.7771489196456969,1,-1.5070449819322675,-1.5039574156980962,-2.4547592734452337,0.19918007461051873,0.036325395568285596,1.0850485429476413,0.027391635281894772,0.8,OPEN,-0.7833260125480592,"neither certificate fires -- constructive search, then UNDETERMINED",,witness,-1.1202112101018429,,,,,,,one_aux_S,0 32 54 77 27 31,0.164931357 0.0315973535 0.131000161 0.0876746774 0.0501203462,WITNESS,pure-path one_aux_S,,0.0004696846008300781,0.00012946128845214844,0.008625030517578125,36.29296875,36.29296875,36.29296875
sparse,80,6,sparse_N80_seed6,ok,80,189,0,79,0,8,10,1.6002194562461227,0.9928836226463318,0.19917992851696908,0.15987053117714822,0.48304031952284276,1,-1.4403489250689745,-1.438883675262332,-2.3939231503754854,0.10073055263900538,0.09957630635698712,1.296373728626192,0.08880478128762039,0.8888888888888888,OPEN,-1.11717913672328,"neither certificate fires -- constructive search, then UNDETERMINED",,witness,-0.3426709398627281,,,,,,,one_aux_S,0 51 58 42 28 31 23 35 72 16,0.792831242 0.0608374327 0.0606701896 0.00350953056 0.101378649 0.0363788977 0.182084203 0.0144238556 0.0108690318,WITNESS,pure-path one_aux_S,,0.0003445148468017578,0.00039386749267578125,0.014464378356933594,36.29296875,36.29296875,36.29296875
sparse,80,7,sparse_N80_seed7,ok,80,191,0,4,1,3,5,0.7099325209856033,0.9898634552955627,0.02477463544346392,0.0133856984321028,0.4799916244810447,1,-0.6965468225535005,-0.6936972443945706,-1.6750213408377022,0.11953374599085907,0.020938301636670334,1.4365838380706912,0.014141166276112439,0.75,OPEN,-0.22994089650455862,"neither certificate fires -- constructive search, then UNDETERMINED",,witness,-0.3808140881592408,,,,,,,one_aux_S,0 33 7 53 19,0.0427625515 0.00117275713 0.161263719 0.24783881,WITNESS,pure-path one_aux_S,,0.00018334388732910156,0.00010275840759277344,0.01932239532470703,36.29296875,36.29296875,36.29296875
sparse,80,8,sparse_N80_seed8,ok,80,167,0,79,0,3,5,0.7671398259699345,0.9997324347496033,0.051805208902806044,0.03298193169757724,0.7741025816649199,1,-0.7341578942723572,-0.7325126091018319,-1.7150670518167317,0.12789085681078177,0.04051820058016624,1.3819167256651732,0.03224503269910066,0.75,GIRTH,0.00696275569498539,bracket >= 0 and every cycle weighs >= girth,,witness,-0.22753969533368945,,,,,,,one_aux_S,0 25 19 74 37,0.447358042 0.0550951399 0.0293805953 0.0155327069,WITNESS,pure-path one_aux_S,,0.0003426074981689453,9.655952453613281e-05,0.008733510971069336,36.29296875,36.29296875,36.29296875
sparse,80,9,sparse_N80_seed9,ok,80,165,0,3,1,3,5,0.29174973629415035,0.9963126182556152,0.035982035333290696,0.01979327411390841,0.5565236657857895,1,-0.27195646218024194,-0.267554288264364,-1.252080319216475,0.04880491841422185,0.07399911127325769,2.648973817582693,0.05088249872645713,0.75,GIRTH,0.26477392949163914,bracket >= 0 and every cycle weighs >= girth,,ok,0.018110111355781555,0.7956224288791418,0.09127881564199924,0.018110111355781555,0.028857623226940632,one_aux_T,201,,,,CERTIFIED,GIRTH,,0.0003533363342285156,0.00017762184143066406,0.018221139907836914,36.29296875,36.29296875,36.29296875
sparse,80,10,sparse_N80_seed10,ok,80,195,0,79,0,5,7,1.3079538941383362,0.995461642742157,0.2710802060319111,0.19566696404945105,0.3383525460958481,1,-1.1122869300888851,-1.1096181991742924,-2.032335330848582,0.1313916918521712,0.14803940678794525,1.2579165209347047,0.12466479445895277,0.8333333333333334,OPEN,-0.9696013480424881,"neither certificate fires -- constructive search, then UNDETERMINED",,witness,-0.02128336764872074,,,,,,,one_aux_S,0 73 44 30 53 71 77,0.113797173 0.551975369 0.124913871 0.150301799 0.318184078 0.0549964719,WITNESS,pure-path one_aux_S,,0.00019931793212890625,0.0001544952392578125,0.008749961853027344,36.29296875,36.29296875,36.29296875
sparse,80,11,sparse_N80_seed11,ok,80,195,0,79,0,3,5,0.9303262084722519,0.9883630871772766,0.13412508368492126,0.08750787749886513,0.7248272709548473,1,-0.8428183309733868,-0.8356733918190002,-1.7845642119646072,0.15687996657335454,0.08650197046808557,1.2374300185310252,0.0705461240653701,0.75,OPEN,-0.20549893751740456,"neither certificate fires -- constructive search, then UNDETERMINED",,witness,-0.22990481182932854,,,,,,,one_aux_S,0 21 31 76 65,0.0475983135 0.394640148 0.0475459024 0.421274066,WITNESS,pure-path one_aux_S,,0.00039768218994140625,0.00010275840759277344,0.008753299713134766,36.29296875,36.29296875,36.29296875
sparse,80,12,sparse_N80_seed12,ok,80,194,0,79,0,6,8,1.090229911613278,0.997190535068512,0.14413870440330356,0.11201239691581577,0.7157881762832403,1,-0.9782175146974623,-0.97780103655532,-1.9432817422784865,0.09110845865399016,0.09915709260123831,1.4359955806887394,0.08806456776238092,0.8571428571428571,OPEN,-0.3744417353300378,"neither certificate fires -- constructive search, then UNDETERMINED",,witness,-0.10567181557416916,,,,,,,one_aux_S,0 37 32 57 77 36 7 59,0.0735296384 0.213858724 0.276829243 0.125985995 0.23035343 0.00100000005 0.126002133,WITNESS,pure-path one_aux_S,,0.0006701946258544922,0.0002758502960205078,0.013828754425048828,36.29296875,36.29296875,36.29296875
sparse,80,13,sparse_N80_seed13,ok,80,209,0,79,0,3,5,1.1829254804179072,0.995528519153595,0.024658840498887002,0.015586970723234117,1.0571957854554057,1,-1.1673385096946731,-1.1658201903337613,-2.153795159072615,0.1980397778096199,0.012507384906532975,1.1049490617795594,0.00988247208800983,0.75,OPEN,-0.12572969496250153,"neither certificate fires -- constructive search, then UNDETERMINED",,witness,-0.809135121293366,,,,,,,one_aux_S,0 60 59 52 29,0.00395164173 0.207500026 0.011030185 0.302617013,WITNESS,pure-path one_aux_S,,0.0006175041198730469,0.00010943412780761719,0.009559392929077148,36.29296875,36.29296875,36.29296875
sparse,80,14,sparse_N80_seed14,ok,80,201,0,79,0,6,8,1.4920057356357574,0.9973124861717224,0.20358663564547896,0.15976709267124534,0.414704367518425,1,-1.332238642964512,-1.3306113467551768,-2.285731586162001,0.1246688605897704,0.10233873308070536,1.2513280758669931,0.09178464869056692,0.8571428571428571,OPEN,-1.0773013681173325,"neither certificate fires -- constructive search, then UNDETERMINED",,witness,-0.10874076932668686,,,,,,,one_aux_S,0 73 22 23 35 46 18 44,0.127819642 0.166867644 0.441994667 0.114171259 0.110384077 0.31701234 0.210030675,WITNESS,pure-path one_aux_S,,0.00019931793212890625,0.0001690387725830078,0.00871419906616211,36.29296875,36.29296875,36.29296875
sparse,80,15,sparse_N80_seed15,ok,80,191,0,79,0,3,5,0.5572388619184494,0.9973782300949097,0.15130687691271305,0.10416373424232006,0.606329083442688,1,-0.45307512767612934,-0.4528196547180414,-1.403310215100646,0.09311727572421265,0.16291779405886783,1.6739145794618395,0.14019625338545239,0.75,GIRTH,0.049090221524238586,bracket >= 0 and every cycle weighs >= girth,,witness,-0.03832071274518967,,,,,,,one_aux_S,0 15 75 13 78,0.0876987949 0.273818076 0.109095082 0.0966123939,WITNESS,pure-path one_aux_S,,0.0003592967987060547,0.00011277198791503906,0.008868217468261719,36.29296875,36.29296875,36.29296875
sparse,80,16,sparse_N80_seed16,ok,80,175,0,79,0,4,6,0.754165249876678,0.9986328482627869,0.08513943548314273,0.05480974237434566,0.5974564179778099,1,-0.6993555075023323,-0.6978088563773781,-1.6676586626563221,0.0943997149688969,0.07526152082015168,1.549437693685024,0.058140830417002874,0.8,OPEN,-0.15670883189886808,"neither certificate fires -- constructive search, then UNDETERMINED",,witness,-0.14039106020936742,,,,,,,one_aux_S,0 6 5 32 21 60,0.00988125708 0.368695498 0.0461802669 0.188517168 0.00100000005,WITNESS,pure-path one_aux_S,,0.0004260540008544922,0.0001342296600341797,0.008583307266235352,36.29296875,36.29296875,36.29296875
sparse,80,17,sparse_N80_seed17,ok,80,182,0,79,0,4,6,1.1256883442401886,0.9958846569061279,0.15739409299567342,0.12083412008360028,0.9115823917090893,1,-1.0048542241565883,-1.001874087844044,-1.964178908150643,0.1412925101860335,0.09321353984638941,1.2564596657691107,0.08587394242953472,0.8,OPEN,-0.21410595253109932,"neither certificate fires -- constructive search, then UNDETERMINED",,witness,-0.11001787101849914,,,,,,,one_aux_S,0 19 44 47 24 45,0.0274735354 0.57605648 0.31741485 0.00534770498 0.178755805,WITNESS,pure-path one_aux_S,,0.0005965232849121094,0.00012636184692382812,0.009139060974121094,36.29296875,36.29296875,36.29296875
sparse,80,18,sparse_N80_seed18,ok,80,195,0,79,0,3,5,0.888760507106781,0.997473418712616,0.10062695108354092,0.05755953676998615,0.6117134541273117,1,-0.8312009703367949,-0.822260182350874,-1.785606974735856,0.14850195344116793,0.0679330035114517,1.2733918152774808,0.04857287450589088,0.75,OPEN,-0.2770470529794693,"neither certificate fires -- constructive search, then UNDETERMINED",,witness,-0.4044866431504488,,,,,,,one_aux_S,0 16 67 63 61,0.238400534 0.0726021379 0.0101256054 0.326291174,WITNESS,pure-path one_aux_S,,0.0003566741943359375,0.00010514259338378906,0.00844264030456543,36.29296875,36.29296875,36.29296875
sparse,80,19,sparse_N80_seed19,ok,80,215,0,9,1,3,5,0.8900492712855339,0.9977603554725647,0.05095369927585125,0.03453398495912552,0.5540692657232285,1,-0.8555152863264084,-0.8543938645161688,-1.8368559274822474,0.14867452329672623,0.03434890691091074,1.2726101942860708,0.0291000617099939,0.75,OPEN,-0.33598000556230545,"neither certificate fires -- constructive search, then UNDETERMINED",,witness,-0.46980922669172287,,,,,,,one_aux_S,0 65 30 44 33,0.0904776454 0.0681327656 0.10266868 0.317921907,WITNESS,pure-path one_aux_S,,0.00034356117248535156,0.00010943412780761719,0.020279407501220703,36.29296875,36.29296875,36.29296875
sparse,80,20,sparse_N80_seed20,ok,80,200,0,79,0,5,7,1.2095983736217022,0.998201847076416,0.11946958035696298,0.08998206735122949,0.5410329373553395,1,-1.1196163062704727,-1.1184663054300472,-2.0883306403411552,0.12117773345786076,0.0705485526449428,1.303738655765351,0.061991697212281385,0.8333333333333334,OPEN,-0.6685654362663627,"neither certificate fires -- constructive search, then UNDETERMINED",,witness,-0.05755395058076829,,,,,,,one_aux_S,0 72 25 34 42 22 5,0.711514115 0.00868466217 0.0263472795 0.0818234012 0.322050363 0.00324920402,WITNESS,pure-path one_aux_S,,0.00043129920959472656,0.00025963783264160156,0.013770103454589844,36.29296875,36.29296875,36.29296875
sparse,80,21,sparse_N80_seed21,ok,80,208,0,6,1,3,5,0.801847904920578,0.9964652061462402,0.048309210455045104,0.03149668104015291,0.20007294649258256,1,-0.7703512238804251,-0.7690614897292107,-1.7500039006117731,0.13411538773502338,0.03614840931198547,1.345626595790586,0.02946008917046988,0.75,OPEN,-0.6017749584279954,"neither certificate fires -- constructive search, then UNDETERMINED",,witness,-0.36742237163707614,,,,,,,one_aux_S,0 59 74 78 34,0.3651447 0.0548364818 0.00603808695 0.0168125294,WITNESS,pure-path one_aux_S,,9.822845458984375e-05,0.00010919570922851562,0.019925832748413086,36.29296875,36.29296875,36.29296875
sparse,80,22,sparse_N80_seed22,ok,80,205,0,79,0,6,8,1.208140783244744,0.9946573972702026,0.06712004146538675,0.05440462636761367,0.37321484717540443,1,-1.1537361568771303,-1.1528809987939894,-2.13567813904956,0.10121917243066457,0.04166735516024892,1.3674719521917913,0.03859859507538802,0.8571428571428571,OPEN,-0.8349259360693395,"neither certificate fires -- constructive search, then UNDETERMINED",,witness,-0.04849773179739714,,,,,,,one_aux_S,0 21 52 6 69 10 40 29,0.135226563 0.162112385 0.008973727 0.63080883 0.101381034 0.117697082 0.00688686082,WITNESS,pure-path one_aux_S,,0.0001976490020751953,0.00016832351684570312,0.008343219757080078,36.29296875,36.29296875,36.29296875
sparse,80,23,sparse_N80_seed23,ok,80,197,0,79,0,3,5,1.3672888576984406,0.9929357171058655,0.0534908453701064,0.03545970271807164,0.504347282461822,1,-1.331829154980369,-1.330928751383908,-2.3067337294341996,0.22950274862433717,0.02347309936840162,1.0357246290051436,0.019450737778497484,0.75,OPEN,-0.8629415752366185,"neither certificate fires -- constructive search, then UNDETERMINED",,witness,-0.3307337947189808,,,,,,,one_aux_S,0 26 67 78 6,0.219380349 0.666234136 0.113876723 0.0741277114,WITNESS,pure-path one_aux_S,,0.00037550926208496094,0.00016808509826660156,0.014768838882446289,36.29296875,36.29296875,36.29296875
sparse,80,24,sparse_N80_seed24,ok,80,195,0,79,0,5,7,0.4647771753370762,0.9920844435691833,0.09680141368880868,0.07432013051584363,0.6428507342934608,1,-0.39045704482123256,-0.3896364183165133,-1.3600602052174509,0.0468485498739367,0.14876777645208492,2.2389555625686675,0.1332540524426992,0.8333333333333334,GIRTH,0.17807355895638466,bracket >= 0 and every cycle weighs >= girth,,witness,-0.0590008981525898,,,,,,,one_aux_T,79 42 38 62 14 46 15,0.0527254865 0.0687059015 0.14543727 0.0208400302 0.0863743052 0.0633865669,WITNESS,pure-path one_aux_T,,0.0004334449768066406,0.00017762184143066406,0.0090789794921875,36.29296875,36.29296875,36.29296875
sparse,80,25,sparse_N80_seed25,ok,80,188,0,9,1,3,5,0.29281698958948255,0.9977290034294128,0.08499833662062883,0.05584572721272707,0.4084236123599112,1,-0.23697126237675548,-0.23312201211228967,-1.2055476563982666,0.04891391493131009,0.17416681335285847,2.6444080205076657,0.1430391572164763,0.75,GIRTH,0.11560662277042866,bracket >= 0 and every cycle weighs >= girth,,ok,0.07312251627445221,0.6664930055849254,0.07312251627445221,0.11497540026903152,0.07483933446928859,one_aux_S,254,,,,CERTIFIED,GIRTH,,0.000186920166015625,0.00020647048950195312,0.019508838653564453,36.29296875,36.29296875,36.29296875
sparse,80,26,sparse_N80_seed26,ok,80,192,0,79,0,6,8,1.3829194628633559,0.9947337508201599,0.12608244910370559,0.09889229841064662,0.48683449474629015,1,-1.2840271644527093,-1.2838948020944372,-2.25157076457981,0.11585340145232632,0.06837841202407222,1.2894748813285275,0.06129411689211373,0.8571428571428571,OPEN,-0.8960849681170657,"neither certificate fires -- constructive search, then UNDETERMINED",,witness,-0.07245459826663136,,,,,,,one_aux_S,0 55 69 52 2 3 63 29,0.326596797 0.250645518 0.148731723 0.129834875 0.293102413 0.147930875 0.0272453241,WITNESS,pure-path one_aux_S,,0.0002505779266357422,0.00017881393432617188,0.009535074234008789,36.29296875,36.29296875,36.29296875
sparse,80,27,sparse_N80_seed27,ok,80,202,0,79,0,6,8,0.9159794095903635,0.9999009966850281,0.18354890495538712,0.14598878473043442,0.3590568066574633,1,-0.7699906248599291,-0.7683310657739639,-1.7323315013200045,0.07633917529728028,0.15028905374423668,1.5687146344797713,0.1366114158730043,0.8571428571428571,OPEN,-0.5569226029329002,"neither certificate fires -- constructive search, then UNDETERMINED",,witness,-0.08712680963799357,,,,,,,one_aux_S,0 55 64 40 11 1 51 17,0.142592385 0.357989371 0.096124731 0.0539987162 0.0675266162 0.00251725176 0.216207057,WITNESS,pure-path one_aux_S,,0.00022339820861816406,0.000171661376953125,0.00905299186706543,36.29296875,36.29296875,36.29296875
sparse,80,28,sparse_N80_seed28,ok,80,197,0,79,0,4,6,0.9389711245894432,0.9980850219726562,0.11034344183281064,0.08193229557946324,0.34277021884918213,1,-0.85703882900998,-0.856979223433882,-1.8267127047292888,0.11759658545090955,0.07834351092252337,1.3753040221970334,0.06980601931952905,0.8,OPEN,-0.5962009057402611,"neither certificate fires -- constructive search, then UNDETERMINED",,witness,-0.2921922476962209,,,,,,,one_aux_S,0 4 69 71 40 42,0.409416974 0.0100039085 0.10387896 0.0591617487 0.128634572,WITNESS,pure-path one_aux_S,,0.0002231597900390625,0.00012302398681640625,0.008667707443237305,36.29296875,36.29296875,36.29296875
sparse,80,29,sparse_N80_seed29,ok,80,194,0,79,0,3,5,0.5984766110777855,0.9990925192832947,0.05505762924440205,0.036467888625338674,0.5504292342811823,1,-0.5620087224524468,-0.5610412626992911,-1.5425115011166781,0.09983670172793514,0.05519777537696898,1.6016356537149021,0.04570089450905733,0.75,OPEN,-0.0480473767966032,"neither certificate fires -- constructive search, then UNDETERMINED",,witness,-0.06073789298534393,,,,,,,one_aux_S,0 43 20 18 57,0.100626543 0.0717499331 0.172941715 0.384841055,WITNESS,pure-path one_aux_S,,0.00028705596923828125,0.00010824203491210938,0.008785247802734375,36.29296875,36.29296875,36.29296875
sparse,80,30,sparse_N80_seed30,ok,80,192,0,1,1,3,5,1.022849217057228,0.9891366958618164,0.18087918311357498,0.13806382566690445,0.2584887817502022,1,-0.8847853913903236,-0.8825124483555555,-1.8311067298054695,0.17234712878689273,0.1061031362769014,1.1802243455047634,0.10123473482053305,0.75,OPEN,-0.7643604353070259,"neither certificate fires -- constructive search, then UNDETERMINED",,witness,-0.44389384239912033,,,,,,,one_aux_S,0 79 57 10 13,0.307525337 0.0897320062 0.0961972922 0.171001479,WITNESS,pure-path one_aux_S,,0.00014138221740722656,0.00010800361633300781,0.019558429718017578,36.29296875,36.29296875,36.29296875
sparse,80,32,sparse_N80_seed32,ok,80,196,0,79,0,3,5,0.34774631808977574,0.9972952604293823,0.07159926916938275,0.05098692129831761,0.36319958965759724,1,-0.29675939679145813,-0.29631616640836,-1.2734423093497753,0.058114905365814915,0.1235370707520734,2.320728948460497,0.10996576810301684,0.75,GIRTH,0.015453271567821503,bracket >= 0 and every cycle weighs >= girth,,witness,-0.05134579900186509,,,,,,,one_aux_S,0 23 68 37 78,0.0345713124 0.157981947 0.0984722897 0.0107499398,WITNESS,pure-path one_aux_S,,0.00014662742614746094,0.00010180473327636719,0.009540319442749023,36.29296875,36.29296875,36.29296875
sparse,80,33,sparse_N80_seed33,ok,80,203,0,79,0,3,5,1.216742366552353,0.998609721660614,0.19728626310825348,0.1484507881104946,0.6106262281537056,1,-1.0682915784418583,-1.066828215494752,-2.0180658251047134,0.2030727220321536,0.09728580274586739,1.092434429397004,0.09150506643271421,0.75,OPEN,-0.6061161383986473,"neither certificate fires -- constructive search, then UNDETERMINED",,witness,-0.21325147151947021,,,,,,,one_aux_S,0 25 18 59 44,0.249293596 0.139545128 0.412268996 0.404766351,WITNESS,pure-path one_aux_S,,0.0005395412445068359,0.00016808509826660156,0.014222383499145508,36.29296875,36.29296875,36.29296875
sparse,80,34,sparse_N80_seed34,ok,80,199,0,79,0,5,7,0.9728276766836643,0.9985265135765076,0.09463655448053032,0.0584924096474424,0.5840645004063845,1,-0.9143352670362219,-0.9063376825070009,-1.8767176357796416,0.09742632403412149,0.06948562477694113,1.44744045595035,0.050105147987120895,0.8333333333333334,OPEN,-0.38876317627727985,"neither certificate fires -- constructive search, then UNDETERMINED",,witness,-0.37483710516244173,,,,,,,one_aux_S,0 62 56 61 22 34 60,0.129091889 0.0534283184 0.0481032655 0.137705013 0.00743375253 0.444456667,WITNESS,pure-path one_aux_S,,0.0003364086151123047,0.00016498565673828125,0.008629322052001953,36.29296875,36.29296875,36.29296875
sparse,80,35,sparse_N80_seed35,ok,80,187,0,79,0,6,8,0.8928343132138252,0.999359667301178,0.23678667040076107,0.18999794067349285,0.6911007268354297,1,-0.7028363725403324,-0.7020212715724483,-1.6554073101142421,0.07445053254491867,0.19890588900119893,1.5894835854571157,0.18240268693743006,0.8571428571428571,OPEN,-0.20173358637839556,"neither certificate fires -- constructive search, then UNDETERMINED",,witness,-0.05754065851215273,,,,,,,one_aux_S,0 15 32 31 65 7 16 43,0.0521027632 0.301179349 0.103293002 0.00107299758 0.133924469 0.225381672 0.0366788022,WITNESS,pure-path one_aux_S,,0.0002856254577636719,0.00017213821411132812,0.00850534439086914,36.29296875,36.29296875,36.29296875
sparse,80,36,sparse_N80_seed36,ok,80,180,0,79,0,3,5,0.7721388526260853,0.973545253276825,0.1316055953502655,0.09923819825053215,0.6725430078804493,1,-0.6729006543755531,-0.6724262926727533,-1.6140785105526447,0.13218677646248214,0.10226574785299396,1.356505322817842,0.0963928293917128,0.75,OPEN,-0.09959584474563599,"neither certificate fires -- constructive search, then UNDETERMINED",,witness,-0.3641378693282604,,,,,,,one_aux_S,0 3 64 74 39,0.178187296 0.122832142 0.096328184 0.0213067234,WITNESS,pure-path one_aux_S,,0.0003299713134765625,0.00010752677917480469,0.00898885726928711,36.29296875,36.29296875,36.29296875
sparse,80,37,sparse_N80_seed37,ok,80,206,0,79,0,6,8,0.9349056407809258,0.993532121181488,0.25488123716786504,0.19670214178040624,0.5527225099503994,1,-0.7382034990005195,-0.7361068385653198,-1.6735565247945487,0.07841598850952392,0.20447082522277032,1.5470313349095783,0.18034101887645457,0.8571428571428571,OPEN,-0.38218313083052635,"neither certificate fires -- constructive search, then UNDETERMINED",,witness,-0.003119104076176882,,,,,,,one_aux_S,0 20 43 35 40 78 55 73,0.059858378 0.249537393 0.185045838 0.11213468 0.246064037 0.00543561159 0.147421196,WITNESS,pure-path one_aux_S,,0.00045108795166015625,0.0002999305725097656,0.01487112045288086,36.29296875,36.29296875,36.29296875
sparse,80,38,sparse_N80_seed38,ok,80,182,0,79,0,6,8,1.3201643768697977,0.9988088607788086,0.30249034985899925,0.2555989660322666,0.6566370315849781,1,-1.064565410837531,-1.0642446428537369,-2.016482887789607,0.1101448959780967,0.17184811707476066,1.3174343731045757,0.16595268882131375,0.8571428571428571,OPEN,-0.6635273452848196,"neither certificate fires -- constructive search, then UNDETERMINED",,witness,-0.35441937297582626,,,,,,,one_aux_S,0 60 51 32 28 62 77 61,0.0258013029 0.614972413 0.0462498479 0.0843038261 0.106514096 0.0256635658 0.124479905,WITNESS,pure-path one_aux_S,,0.000335693359375,0.00016450881958007812,0.008766889572143555,36.29296875,36.29296875,36.29296875
sparse,80,39,sparse_N80_seed39,ok,80,199,0,79,0,3,5,0.6292867315933108,0.9978751540184021,0.04704378615133464,0.030951305059716105,0.25353873684071004,1,-0.5983354265335947,-0.5959257252980024,-1.5801180994603783,0.1051044527061993,0.04485438874475202,1.551434477086638,0.03688855593063617,0.75,OPEN,-0.3757479947526008,"neither certificate fires -- constructive search, then UNDETERMINED",,witness,-0.049618894001469016,,,,,,,one_aux_S,0 10 57 22 25,0.43566972 0.136870831 0.00353149208 0.00719158817,WITNESS,pure-path one_aux_S,,0.00013208389282226562,0.00010657310485839844,0.009407281875610352,36.29296875,36.29296875,36.29296875
sparse,80,40,sparse_N80_seed40,ok,80,194,0,79,0,3,5,1.3096808642148972,0.996300220489502,0.12111843703314662,0.0821707951836288,0.9993985518813133,1,-1.2275100690312684,-1.2215931178070605,-2.1848626476712525,0.21909073143491914,0.05548761091768066,1.056431905380283,0.04705581189404126,0.75,OPEN,-0.31028231233358383,"neither certificate fires -- constructive search, then UNDETERMINED",,witness,-0.7339175119996071,,,,,,,one_aux_S,0 59 40 76 73,0.215379596 0.138745189 0.111236677 0.220803782,WITNESS,pure-path one_aux_S,,0.0008196830749511719,0.00010347366333007812,0.009752511978149414,36.29296875,36.29296875,36.29296875
sparse,100,1,sparse_N100_seed1,ok,100,236,0,99,0,3,5,0.42881952971220016,0.99610835313797,0.061472574481740594,0.044751115376129746,0.6793299727141857,1,-0.3840684143360704,-0.3838303971569985,-1.3634553083684295,0.07174914394960485,0.08601181180763512,1.993744851788587,0.0782691416937637,0.75,GIRTH,0.25051044300198555,bracket >= 0 and every cycle weighs >= girth,,witness,-0.17125608026981354,,,,,,,one_aux_S,0 10 88 13 52,0.115492068 0.0359652489 0.0699271113 0.072358042,WITNESS,pure-path one_aux_S,,0.0007460117340087891,0.0001900196075439453,0.014014959335327148,36.29296875,36.29296875,36.29296875
sparse,100,2,sparse_N100_seed2,ok,100,235,0,99,0,4,6,1.4575335904955864,0.9872991442680359,0.07219678198453039,0.044841150171123445,0.2772360071539879,1,-1.412692440324463,-1.40846100600902,-2.372635952779092,0.18453545702910706,0.033022352488851735,1.1182510649982513,0.02461207094699022,0.8,OPEN,-1.1802975833415985,"neither certificate fires -- constructive search, then UNDETERMINED",,witness,-0.8889535814523697,,,,,,,one_aux_S,0 85 20 63 16 35,0.0901140794 0.165640086 0.151036114 0.140718311 0.0421428382,WITNESS,pure-path one_aux_S,,0.000316619873046875,0.00023865699768066406,0.013720273971557617,36.29296875,36.29296875,36.29296875
sparse,100,5,sparse_N100_seed5,ok,100,245,0,99,0,3,5,0.502236045897007,0.9997179508209229,0.04412658966612071,0.02904178376775235,0.262373398989439,1,-0.47319426212925464,-0.47228379047010094,-1.4578274070518091,0.08372962352107972,0.0527161561101925,1.7943204303889417,0.043368726724726046,0.75,OPEN,-0.23986264690756798,"neither certificate fires -- constructive search, then UNDETERMINED",,witness,-0.0029962529661133885,,,,,,,one_aux_S,0 32 4 51 45,0.00100000005 0.071710296 0.279775321 0.293508351,WITNESS,pure-path one_aux_S,,0.0002789497375488281,0.00012755393981933594,0.009139060974121094,36.29296875,36.29296875,36.29296875
sparse,100,8,sparse_N100_seed8,ok,100,225,0,99,0,4,6,0.9177544713020325,0.9958934783935547,0.1693301722407341,0.11869550496339798,0.4136715531349182,1,-0.7990589663386345,-0.7988227102905512,-1.744317777454853,0.11519234878192422,0.12300324871604114,1.3900943440647149,0.10346602162123195,0.8,OPEN,-0.5040829181671143,"neither certificate fires -- constructive search, then UNDETERMINED",,witness,-0.12658100947737694,,,,,,,one_aux_T,99 76 30 58 69 26,0.285029918 0.00229221582 0.132378221 0.321230233 0.10048575,WITNESS,pure-path one_aux_T,,0.00014257431030273438,0.0001556873321533203,0.008686304092407227,36.29296875,36.29296875,36.29296875
sparse,100,9,sparse_N100_seed9,ok,100,218,0,99,0,6,8,1.637260653078556,0.9908209443092346,0.23239810578525066,0.1943827960640192,0.8863788992166519,1,-1.4428778570145369,-1.4415347781032324,-2.39568349160254,0.13770236543764866,0.10645744097691641,1.2038774610106453,0.10176377529408359,0.8571428571428571,OPEN,-0.7508817538619041,"neither certificate fires -- constructive search, then UNDETERMINED",,witness,-0.22327519580721855,,,,,,,one_aux_S,0 68 11 98 60 82 3 63,0.46900931 0.0647764876 0.388370663 0.0189667679 0.283560961 0.11761117 0.143380195,WITNESS,pure-path one_aux_S,,0.0007104873657226562,0.00019407272338867188,0.008982419967651367,36.29296875,36.29296875,36.29296875
sparse,100,10,sparse_N100_seed10,ok,100,257,0,11,1,3,5,0.992237001657486,0.9901378750801086,0.1271696798503399,0.09016731381416321,0.35960872657597065,1,-0.9020696878433228,-0.8975533498451114,-1.8552051968872547,0.16702000577061174,0.07689877295721213,1.198730670248819,0.06815456916810919,0.75,OPEN,-0.6326282750815153,"neither certificate fires -- constructive search, then UNDETERMINED",,witness,-0.3910615285858512,,,,,,,one_aux_S,0 18 61 25 83,0.517920256 0.0545366593 0.0197117086 0.018013699,WITNESS,pure-path one_aux_S,,0.000164031982421875,0.00012969970703125,0.02649688720703125,36.29296875,36.29296875,36.29296875
sparse,100,11,sparse_N100_seed11,ok,100,247,0,99,0,4,6,0.588825061917305,0.9997047781944275,0.10441024601459503,0.07969058491289616,0.42711835727095604,1,-0.5091344770044088,-0.5071889013051987,-1.4841195940971375,0.07362486840624906,0.1182130910830224,1.798530602551953,0.1082706427656613,0.8,OPEN,-0.16170670464634895,"neither certificate fires -- constructive search, then UNDETERMINED",,witness,-0.10953909531235695,,,,,,,one_aux_S,0 4 85 64 52 90,0.174331903 0.213466436 0.0455485955 0.03600071 0.019876644,WITNESS,pure-path one_aux_S,,0.0002884864807128906,0.00014781951904296875,0.010903358459472656,36.29296875,36.29296875,36.29296875
sparse,100,14,sparse_N100_seed14,ok,100,241,0,99,0,3,5,1.4371944665908813,0.9916152358055115,0.04557292954996228,0.02873759949579835,0.30272942781448364,1,-1.408456867095083,-1.4082610146142542,-2.3832367728464305,0.24155781642856933,0.0190257883436182,1.0139795659627135,0.014996717648777448,0.75,OPEN,-1.1344650387763977,"neither certificate fires -- constructive search, then UNDETERMINED",,witness,-0.4008797351270914,,,,,,,one_aux_S,0 73 69 32 61,0.389036536 0.264473259 0.352820486 0.0599688999,WITNESS,pure-path one_aux_S,,0.00033926963806152344,0.00011587142944335938,0.008928060531616211,36.29296875,36.29296875,36.29296875
sparse,100,16,sparse_N100_seed16,ok,100,223,0,99,0,5,7,1.2125284373760223,0.9914698600769043,0.0730241151759401,0.04708528204355389,0.49481770396232605,1,-1.1654431553324685,-1.163619852042757,-2.1309741822769865,0.1222960461230734,0.043017615637457464,1.2983485167469553,0.03236025962509177,0.8333333333333334,OPEN,-0.7177107334136963,"neither certificate fires -- constructive search, then UNDETERMINED",,witness,-0.13977082271594554,,,,,,,one_aux_S,0 6 16 40 53 95 49,0.0939048529 0.134868056 0.00100000005 0.220884919 0.395067036 0.454065502,WITNESS,pure-path one_aux_S,,0.00040793418884277344,0.0001690387725830078,0.00902867317199707,36.29296875,36.29296875,36.29296875
sparse,100,17,sparse_N100_seed17,ok,100,222,0,99,0,4,6,1.2743459083139896,0.9950870871543884,0.08872806117869914,0.06557047949172556,0.22886846959590912,1,-1.208775428822264,-1.20821988186799,-2.180704934289679,0.16007969613471051,0.046417570300092165,1.1872407016348898,0.04116337899399884,0.8,OPEN,-1.0454774387180805,"neither certificate fires -- constructive search, then UNDETERMINED",,witness,-0.45618129149079323,,,,,,,one_aux_S,0 93 13 47 90 55,0.181329712 0.0592369922 0.0220464878 0.216553077 0.677996695,WITNESS,pure-path one_aux_S,,0.00030231475830078125,0.0002307891845703125,0.013769149780273438,36.29296875,36.29296875,36.29296875
sparse,100,18,sparse_N100_seed18,ok,100,233,0,99,0,3,5,0.35551390796899796,0.9974180459976196,0.07170527230482548,0.03972068976145238,0.38207743782550097,1,-0.3157932182075456,-0.30946111131925136,-1.281226681661792,0.059405700781730596,0.12101682217913978,2.2833401287095603,0.0837956452710343,0.75,GIRTH,0.02656352985650301,bracket >= 0 and every cycle weighs >= girth,,witness,-0.11171854857821018,,,,,,,one_aux_S,0 50 18 86 96,0.0970738009 0.0531221218 0.00100000005 0.185198873,WITNESS,pure-path one_aux_S,,0.00022721290588378906,0.00012063980102539062,0.008800745010375977,36.29296875,36.29296875,36.29296875
sparse,100,20,sparse_N100_seed20,ok,100,235,0,99,0,4,6,1.5426706820726395,0.9894465208053589,0.07582892617210746,0.05771554401144385,0.4732039738446474,1,-1.4849551380611956,-1.483468190766871,-2.456288276705891,0.1948906092490204,0.0327695457206409,1.0942569628561287,0.029930195566509745,0.8,OPEN,-1.069466708227992,"neither certificate fires -- constructive search, then UNDETERMINED",,witness,-0.23543912917375565,,,,,,,one_aux_S,0 18 77 17 96 5,0.262744755 0.504139841 0.254850507 0.193390548 0.184211805,WITNESS,pure-path one_aux_S,,0.0003211498260498047,0.00015020370483398438,0.009467124938964844,36.29296875,36.29296875,36.29296875
sparse,100,21,sparse_N100_seed21,ok,100,253,0,99,0,3,5,0.5534360539168119,0.9992480278015137,0.05491380929015577,0.0366138347890228,0.45602430403232574,1,-0.5168222191277891,-0.516657403903082,-1.4977702724281698,0.0923087559376106,0.05953404253465203,1.6833208505982653,0.04961797464661513,0.75,OPEN,-0.0974117498844862,"neither certificate fires -- constructive search, then UNDETERMINED",,witness,-0.03561067767441273,,,,,,,one_aux_S,0 98 66 12 3,0.042803999 0.413902849 0.00982217491 0.102592707,WITNESS,pure-path one_aux_S,,0.0005297660827636719,0.00019121170043945312,0.01407480239868164,36.29296875,36.29296875,36.29296875
sparse,100,22,sparse_N100_seed22,ok,100,254,0,99,0,4,6,1.3711116313934326,0.9973375797271729,0.04798434511758387,0.031864973017945886,0.5207726580556482,1,-1.3392466583754867,-1.3384634179528803,-2.3204648660030216,0.1718464814802862,0.02333111519097263,1.1515956138030858,0.01859219762321594,0.8,OPEN,-0.8503389733377844,"neither certificate fires -- constructive search, then UNDETERMINED",,witness,-0.67437160667032,,,,,,,one_aux_S,0 70 11 91 23 12,0.483606696 0.0810710713 0.0535499789 0.0703748837 0.0162747893,WITNESS,pure-path one_aux_S,,0.0002722740173339844,0.00014257431030273438,0.009178876876831055,36.29296875,36.29296875,36.29296875
sparse,100,23,sparse_N100_seed23,ok,100,240,0,99,0,3,5,1.0405996944755316,0.9980782270431519,0.0741668613627553,0.05518497992306948,0.40851086750626564,1,-0.9854147145524621,-0.9841471463441849,-1.9645110601559281,0.17376722356361973,0.04276391493664766,1.1754825216700775,0.03977392571036865,0.75,OPEN,-0.6320888269692659,"neither certificate fires -- constructive search, then UNDETERMINED",,witness,-0.04351568780839443,,,,,,,one_aux_S,0 67 23 34 76,0.413540691 0.299350977 0.228722751 0.110939175,WITNESS,pure-path one_aux_S,,0.0003082752227783203,0.00011920928955078125,0.008686542510986328,36.29296875,36.29296875,36.29296875
sparse,100,25,sparse_N100_seed25,ok,100,243,0,99,0,5,7,0.8927858513779938,0.9998624920845032,0.17204474518075585,0.129581140819937,0.6464978735893965,1,-0.7632047105580568,-0.7559470534324646,-1.7206035982817411,0.08929086333828994,0.13764678675279574,1.51423958143509,0.12095205569167901,0.8333333333333334,OPEN,-0.24628797778859735,"neither certificate fires -- constructive search, then UNDETERMINED",,witness,-0.05808867933228612,,,,,,,one_aux_S,0 35 69 56 57 4 99,0.115767926 0.274430454 0.0591295585 0.117773667 0.171681106 0.191828921,WITNESS,pure-path one_aux_S,,0.0006053447723388672,0.00029158592224121094,0.013416528701782227,36.29296875,36.29296875,36.29296875
sparse,100,27,sparse_N100_seed27,ok,100,239,0,4,1,3,5,0.9648823142051697,0.9934424161911011,0.0579889944056049,0.02789207419846207,0.5444180376362056,1,-0.9369902400067076,-0.9282275711884722,-1.9003357359906659,0.16187522941768617,0.03605973094451866,1.2177597422393163,0.021680421892776434,0.75,OPEN,-0.4204642765689641,"neither certificate fires -- constructive search, then UNDETERMINED",,witness,-0.3744070597458631,,,,,,,one_aux_S,0 22 99 21 79,0.184578583 0.358670682 0.00273917685 0.0889736265,WITNESS,pure-path one_aux_S,,0.0005066394805908203,0.00019669532775878906,0.0485692024230957,36.29296875,36.29296875,36.29296875
sparse,100,28,sparse_N100_seed28,ok,100,245,0,2,1,3,5,0.2628066102042794,0.9964866638183594,0.053646055865101516,0.033306695404462516,0.5556257190182805,1,-0.2294999147998169,-0.22815103468019515,-1.2056472181575373,0.04395553226259469,0.12247649895123064,2.8750264836423804,0.09505096364939196,0.75,GIRTH,0.2928191088140011,bracket >= 0 and every cycle weighs >= girth,,ok,0.002045741304755211,1.45852059032768,0.046950358897447586,0.002045741304755211,0.0396993113681674,one_aux_T,239,,,,CERTIFIED,GIRTH,,0.0003306865692138672,0.00021576881408691406,0.025791168212890625,36.29296875,36.29296875,36.29296875
sparse,100,29,sparse_N100_seed29,ok,100,261,0,1,1,3,5,0.8258724086917937,0.9988824129104614,0.0803806739859283,0.05283041065558791,0.329901747405529,1,-0.7730419980362058,-0.7686775447800756,-1.7443741476163268,0.13779940428380597,0.058396919286784504,1.3256925421393269,0.04797691214125271,0.75,OPEN,-0.49597066128626466,"neither certificate fires -- constructive search, then UNDETERMINED",,witness,-0.19179521733894944,,,,,,,one_aux_S,0 9 47 88 18,0.219834775 0.139304921 0.213272765 0.123329461,WITNESS,pure-path one_aux_S,,0.0002830028533935547,0.0001366138458251953,0.026307106018066406,36.29296875,36.29296875,36.29296875
sparse,100,31,sparse_N100_seed31,ok,100,249,0,7,1,3,5,0.9675548821687698,0.9984779953956604,0.03940571320708841,0.026603147736750543,0.5871122628450394,1,-0.9409517344320193,-0.9408726632827893,-1.9266271643573418,0.16150495831831244,0.024436265435668528,1.2191760367066167,0.020621425378826868,0.75,OPEN,-0.38044261932373047,"neither certificate fires -- constructive search, then UNDETERMINED",,witness,-0.5627504885196686,,,,,,,one_aux_S,0 19 59 46 26,0.270683825 0.0126444232 0.0128025655 0.21734716,WITNESS,pure-path one_aux_S,,0.0005204677581787109,0.00012421607971191406,0.02563309669494629,36.29296875,36.29296875,36.29296875
sparse,100,32,sparse_N100_seed32,ok,100,254,0,1,1,3,5,0.9858735352754593,0.9974523186683655,0.09894001577049494,0.07380938623100519,0.6437954306602478,1,-0.9120641490444541,-0.9108929485082626,-1.8843858381733298,0.16473194036844385,0.06021462929899045,1.2070468166424635,0.056150244116033386,0.75,OPEN,-0.3420781046152115,"neither certificate fires -- constructive search, then UNDETERMINED",,witness,-0.23970630392432213,,,,,,,one_aux_S,0 54 71 6 86,0.106401429 0.0685603023 0.522681057 0.0970488861,WITNESS,pure-path one_aux_S,,0.0006542205810546875,0.00012731552124023438,0.026477336883544922,36.29296875,36.29296875,36.29296875
sparse,100,33,sparse_N100_seed33,ok,100,251,0,99,0,3,5,0.7595020979642868,0.9984331130981445,0.028024209663271904,0.017827617935836315,0.48523501213639975,1,-0.7416744800284505,-0.7400248227640986,-1.7299110013991594,0.12678233657661633,0.02213887998865514,1.3887534076134382,0.017604577377356965,0.75,OPEN,-0.27426708582788706,"neither certificate fires -- constructive search, then UNDETERMINED",,witness,-0.3047185385366902,,,,,,,one_aux_S,0 27 74 58 76,0.0068972772 0.19631885 0.250372082 0.00239070063,WITNESS,pure-path one_aux_S,,0.0002961158752441406,0.00011730194091796875,0.008305549621582031,36.29296875,36.29296875,36.29296875
sparse,100,34,sparse_N100_seed34,ok,100,246,0,99,0,4,6,1.2705477811396122,0.9994361400604248,0.06739458465017378,0.045384040335193276,0.5342636220157146,1,-1.225163740804419,-1.2249126366805285,-2.202589336549863,0.15890807453975953,0.03536248204677225,1.1910788689709804,0.028576046337737103,0.8,OPEN,-0.7362841591238976,"neither certificate fires -- constructive search, then UNDETERMINED",,witness,-0.18150468170642853,,,,,,,one_aux_S,0 1 18 43 70 40,0.0366281755 0.13575764 0.476300389 0.335801333 0.209111124,WITNESS,pure-path one_aux_S,,0.000335693359375,0.00014662742614746094,0.00838470458984375,36.29296875,36.29296875,36.29296875
sparse,100,38,sparse_N100_seed38,ok,100,225,0,99,0,4,6,1.0172671033069491,0.9840645790100098,0.12364246789366007,0.08906178642064333,0.40059969201684,1,-0.9282053168863058,-0.9254243960604072,-1.8776892144232988,0.1292175235504287,0.08102917283095792,1.31157403715045,0.07004004052121199,0.8,OPEN,-0.6166674112901092,"neither certificate fires -- constructive search, then UNDETERMINED",,witness,-0.09141615498811007,,,,,,,one_aux_S,0 67 6 12 4 62,0.233468607 0.00790083222 0.213935241 0.420330077 0.100432381,WITNESS,pure-path one_aux_S,,0.0002791881561279297,0.00015687942504882812,0.009435415267944336,36.29296875,36.29296875,36.29296875
dense,60,1,dense_N60_seed1,ok,60,223,0,59,0,4,6,1.006757266819477,0.9907703399658203,0.17740308493375778,0.1360560990869999,0.28879907354712486,1,-0.8707011677324772,-0.8694172240793705,-1.8201245218515396,0.12701698191406904,0.11747491395100977,1.322746917335124,0.10811432194918244,0.8,OPEN,-0.7179581932723522,"neither certificate fires -- constructive search, then UNDETERMINED",,witness,-0.17105384822934866,,,,,,,one_aux_S,0 10 27 47 45 25,0.149660915 0.138445497 0.103529885 0.430217743 0.0276987571,WITNESS,pure-path one_aux_S,,0.0002052783966064453,0.00012087821960449219,0.00899648666381836,36.29296875,36.29296875,36.29296875
dense,60,2,dense_N60_seed2,ok,60,217,0,59,0,3,5,0.411435604095459,0.9979566335678101,0.02427593502216041,0.01719493861310184,0.27427845587953925,1,-0.39424066548235714,-0.39386571827344596,-1.3851163026411086,0.06871300653358206,0.03540180010750073,2.055328547603678,0.0313444044012153,0.75,OPEN,-0.13715714821591973,"neither certificate fires -- constructive search, then UNDETERMINED",,witness,-0.08316769450902939,,,,,,,one_aux_S,0 4 9 52 6,0.146869212 0.0200388376 0.135612339 0.0514950417,WITNESS,pure-path one_aux_S,,0.0003025531768798828,0.0001475811004638672,0.013483047485351562,36.29296875,36.29296875,36.29296875
dense,60,3,dense_N60_seed3,ok,60,247,0,59,0,5,7,0.44037842378020287,0.9851104617118835,0.14644297771155834,0.11500794626772404,0.28864801302552223,1,-0.32537047751247883,-0.3233413528650999,-1.279045907780528,0.04470345620073223,0.23752781991207478,2.3121167881927347,0.21763090571153415,0.8333333333333334,OPEN,-0.15173041075468063,"neither certificate fires -- constructive search, then UNDETERMINED",,witness,-0.11313015688210726,,,,,,,one_aux_S,0 29 11 47 1 19 22,0.0575383902 0.0314350314 0.0594300665 0.0575442947 0.111650787 0.0192993935,WITNESS,pure-path one_aux_S,,0.00028061866760253906,0.000148773193359375,0.008824348449707031,36.29296875,36.29296875,36.29296875
dense,60,4,dense_N60_seed4,ok,60,232,0,59,0,3,5,0.586975316517055,0.9883666634559631,0.04999384004622698,0.03563516587018967,0.3552240710705519,1,-0.5513401506468654,-0.5509018506854773,-1.5253481399267912,0.09898069515764073,0.051103177908273456,1.6102980166055196,0.04553236507665939,0.75,OPEN,-0.23175124544650316,"neither certificate fires -- constructive search, then UNDETERMINED",,witness,-0.22138426825404167,,,,,,,one_aux_S,0 35 58 4 18,0.262544602 0.0134820743 0.0677941367 0.0435404703,WITNESS,pure-path one_aux_S,,0.0003161430358886719,0.00015401840209960938,0.015497684478759766,36.29296875,36.29296875,36.29296875
dense,60,5,dense_N60_seed5,ok,60,246,0,59,0,4,6,0.6340596377849579,0.9968977570533752,0.046808432205580175,0.03230249264743179,0.4015968516469002,1,-0.6017571451375261,-0.5995914257364348,-1.584148962632753,0.07950409574336738,0.04921559362996421,1.7148306958800348,0.04075640929964032,0.8,OPEN,-0.2324627861380577,"neither certificate fires -- constructive search, then UNDETERMINED",,witness,-0.2267831191420555,,,,,,,one_aux_S,0 5 32 20 56 8,0.0604656897 0.00875370484 0.12776497 0.197489262 0.0256057847,WITNESS,pure-path one_aux_S,,0.0003819465637207031,0.00012993812561035156,0.008769512176513672,36.29296875,36.29296875,36.29296875
dense,60,6,dense_N60_seed6,ok,60,210,0,59,0,3,5,0.2500836895778775,0.998199999332428,0.07084233732894063,0.04854428442195058,0.4301107837818563,1,-0.20153940515592694,-0.2014400060288608,-1.1774413515813649,0.04175577535315692,0.1699647124892883,2.994878292984196,0.14558411777240357,0.75,GIRTH,0.18002709420397878,bracket >= 0 and every cycle weighs >= girth,,witness,-0.01905493438243866,,,,,,,one_aux_T,59 14 47 53 16,0.00110224355 0.0176813453 0.0222980529 0.379894227,WITNESS,pure-path one_aux_T,,0.00037670135498046875,0.00010371208190917969,0.008527278900146484,36.29296875,36.29296875,36.29296875
dense,60,7,dense_N60_seed7,ok,60,233,0,5,1,3,5,0.8059031367301941,0.9969796538352966,0.0789757133461535,0.055080675054341555,0.2558306916616857,1,-0.7508224616758525,-0.7481478150002658,-1.7239070772193372,0.1347241028824665,0.05879791980950699,1.3422576796613754,0.0512598901877539,0.75,OPEN,-0.5500724450685084,"neither certificate fires -- constructive search, then UNDETERMINED",,witness,-0.15111964382231236,,,,,,,one_aux_S,0 25 18 6 51,0.280782729 0.244544446 0.110719077 0.0374744795,WITNESS,pure-path one_aux_S,,0.00013375282287597656,0.00010728836059570312,0.01785588264465332,36.29296875,36.29296875,36.29296875
dense,60,8,dense_N60_seed8,ok,60,226,0,2,1,3,5,0.8036447055637836,0.9900544881820679,0.1459954148158431,0.1027554152533412,0.26544853672385216,1,-0.7008892903104424,-0.7004123227670789,-1.6477037789300084,0.13528627551254463,0.10899997011496948,1.3391732799291038,0.09589630953387682,0.75,OPEN,-0.5381961688399315,"neither certificate fires -- constructive search, then UNDETERMINED",,witness,-0.2485105711966753,,,,,,,one_aux_S,0 35 13 56 14,0.344693393 0.0432399996 0.14605771 0.0422860645,WITNESS,pure-path one_aux_S,,0.0001926422119140625,0.00011444091796875,0.0177459716796875,36.29296875,36.29296875,36.29296875
dense,60,9,dense_N60_seed9,ok,60,200,0,59,0,3,5,0.38039838150143623,0.9991343021392822,0.1415382376872003,0.09635634860023856,0.4453092236071825,1,-0.28404203290119767,-0.2809032970108092,-1.2379944459535182,0.06345466281609183,0.22324738154018553,2.1759283173535424,0.18997783630135154,0.75,GIRTH,0.06491084210574627,bracket >= 0 and every cycle weighs >= girth,,witness,-0.16898126527667046,,,,,,,one_aux_S,0 30 12 27 32,0.0544941388 0.118112557 0.0258874726 0.0258458965,WITNESS,pure-path one_aux_S,,0.00023603439331054688,0.0001049041748046875,0.008594036102294922,36.29296875,36.29296875,36.29296875
dense,60,10,dense_N60_seed10,ok,60,240,0,59,0,4,6,0.6654946133494377,0.9954311847686768,0.049894778174348176,0.028016124037094414,0.24781595543026924,1,-0.6374784893123433,-0.6313970651244745,-1.6110310199437663,0.0835686363271923,0.049982651673394725,1.6638509812109692,0.03367855844372849,0.8,OPEN,-0.4176786579191685,"neither certificate fires -- constructive search, then UNDETERMINED",,witness,-0.3398248217999935,,,,,,,one_aux_T,59 27 45 49 38 44,0.0494714454 0.083353959 0.0524998829 0.0994437635 0.0818014815,WITNESS,pure-path one_aux_T,,0.0003581047058105469,0.00020122528076171875,0.013876914978027344,36.29296875,36.29296875,36.29296875
dense,60,11,dense_N60_seed11,ok,60,240,0,59,0,4,6,0.48177881352603436,0.9947057962417603,0.09939312376081944,0.07817109301686287,0.31134928949177265,1,-0.4036077205091715,-0.4033638099208474,-1.3770914860069752,0.06054287802311894,0.13753631468817648,2.0431016174714767,0.1298041189395534,0.8,OPEN,-0.1704295240342617,"neither certificate fires -- constructive search, then UNDETERMINED",,witness,-0.041879044845700264,,,,,,,one_aux_S,0 54 52 38 5 41,0.171723038 0.102019124 0.0508240648 0.0194063187 0.191854447,WITNESS,pure-path one_aux_S,,0.0002410411834716797,0.00013828277587890625,0.00922846794128418,36.29296875,36.29296875,36.29296875
dense,60,12,dense_N60_seed12,ok,60,237,0,59,0,3,5,1.1199324280023575,0.9983020424842834,0.10126476967707276,0.06868876004591584,0.2978308070451021,1,-1.0512436679564416,-1.0469150836579502,-2.016969700809568,0.18697287666823353,0.05425225691037474,1.1348369334737303,0.045999712791893944,0.75,OPEN,-0.8221016209572554,"neither certificate fires -- constructive search, then UNDETERMINED",,witness,-0.1645863689482212,,,,,,,one_aux_S,0 37 25 9 22,0.380534977 0.0394569896 0.409340918 0.252026349,WITNESS,pure-path one_aux_S,,0.00018334388732910156,0.00010061264038085938,0.009725093841552734,36.29296875,36.29296875,36.29296875
dense,60,13,dense_N60_seed13,ok,60,252,0,59,0,5,7,0.7048531547188759,0.9920722842216492,0.08797774743288755,0.05821328144520521,0.47762338630855083,1,-0.6466398732736707,-0.6407452821731567,-1.6089476915076375,0.07104856832805112,0.08915509244108001,1.7196342119326442,0.06882436085620207,0.8333333333333334,OPEN,-0.22722976841032505,"neither certificate fires -- constructive search, then UNDETERMINED",,witness,-0.10333169251680374,,,,,,,one_aux_S,0 13 39 24 12 23 40,0.163091019 0.0777519047 0.0632577464 0.0919178501 0.170418218 0.0701694489,WITNESS,pure-path one_aux_S,,0.0003247261047363281,0.00014066696166992188,0.008541345596313477,36.29296875,36.29296875,36.29296875
dense,60,14,dense_N60_seed14,ok,60,239,0,3,1,3,5,0.23528552055358887,0.9986546635627747,0.05805508978664875,0.04178723506629467,0.41144715435802937,1,-0.1934982854872942,-0.19115304062142968,-1.1758850943297148,0.03926708086026293,0.14804588820439393,3.1466624411390076,0.1332016786497615,0.75,GIRTH,0.1761616338044405,bracket >= 0 and every cycle weighs >= girth,,witness,-0.042972919531166553,,,,,,,one_aux_T,3 43 26 46 12,0.0584120452 0.06648992 0.054041151 0.0267389696,WITNESS,pure-path one_aux_T,,0.0003521442413330078,0.00010561943054199219,0.01811957359313965,36.29296875,36.29296875,36.29296875
dense,60,15,dense_N60_seed15,ok,60,214,0,59,0,5,7,0.8166372627019882,0.9731497764587402,0.13929428614210337,0.09938576899003237,0.4871080480515957,1,-0.7172514937119558,-0.7156668259995058,-1.650492753018625,0.08391691417468174,0.12183612384246488,1.5654677689533283,0.10141770151943699,0.8333333333333334,OPEN,-0.32952921465039253,"neither certificate fires -- constructive search, then UNDETERMINED",,witness,-0.5101552644046023,,,,,,,one_aux_S,0 4 51 31 6 18 22,0.0723343045 0.00100000005 0.0840242356 0.0184344742 0.0993375108 0.0627029464,WITNESS,pure-path one_aux_S,,0.0005803108215332031,0.00021457672119140625,0.014204978942871094,36.29296875,36.29296875,36.29296875
dense,60,16,dense_N60_seed16,ok,60,246,0,59,0,6,8,0.47349408082664013,0.9986174702644348,0.1504942257888615,0.11151876347139478,0.39406196400523186,1,-0.36197531735524535,-0.3599085505120456,-1.3216173253022134,0.03951246722975736,0.2383782055830416,2.3317792302509126,0.20187688804901274,0.8571428571428571,OPEN,-0.07943211682140827,"neither certificate fires -- constructive search, then UNDETERMINED",,witness,-0.08128160983324051,,,,,,,one_aux_T,59 37 19 36 21 5 16 54,0.0396396369 0.146689206 0.0110083055 0.0389754623 0.0677797049 0.027954448 0.120331414,WITNESS,pure-path one_aux_T,,0.0004892349243164062,0.0002841949462890625,0.014880180358886719,36.29296875,36.29296875,36.29296875
dense,60,17,dense_N60_seed17,ok,60,217,0,2,1,3,5,0.5622176826000214,0.9992178082466125,0.034075621981173754,0.020707038696855307,0.5792993081267923,1,-0.5415106439031661,-0.5382709105033427,-1.5273598688654602,0.0937762981470774,0.03636558191153463,1.6663675361034342,0.02762324897150236,0.75,GIRTH,0.01708162552677095,bracket >= 0 and every cycle weighs >= girth,,witness,-0.058085168013349175,,,,,,,one_aux_S,0 29 59 52 38,0.0818624049 0.328990549 0.00379889994 0.178961322,WITNESS,pure-path one_aux_S,,0.00033283233642578125,9.441375732421875e-05,0.017416715621948242,36.29296875,36.29296875,36.29296875
dense,60,18,dense_N60_seed18,ok,60,242,0,59,0,6,8,0.8044239860028028,0.9872434139251709,0.18706887308508158,0.14654079545289278,0.22499992325901985,1,-0.6578831905499101,-0.6562048280611634,-1.6045985268428922,0.06790152379986528,0.1744125700564607,1.6704506247048907,0.15614451867182622,0.8571428571428571,OPEN,-0.579424062743783,"neither certificate fires -- constructive search, then UNDETERMINED",,witness,-0.0786178270354867,,,,,,,one_aux_S,0 50 54 15 16 17 35 19,0.140075371 0.156673089 0.0405280776 0.0811961964 0.130712792 0.171895027 0.00945121236,WITNESS,pure-path one_aux_S,,0.000125885009765625,0.00018286705017089844,0.008166790008544922,36.29296875,36.29296875,36.29296875
dense,60,19,dense_N60_seed19,ok,60,232,0,14,1,3,5,0.35898131132125854,0.9931858777999878,0.06514740688726306,0.045579280238598585,0.40770474867895246,1,-0.31340203108265996,-0.3125124746002257,-1.2870197822339833,0.06024070608622968,0.10888712838139063,2.260007103118249,0.09522629479827344,0.75,GIRTH,0.04872343735769391,bracket >= 0 and every cycle weighs >= girth,,witness,-0.2978803589940071,,,,,,,one_aux_S,0 48 24 37 16,0.0177890137 0.0195681266 0.00661796331 0.0342516974,WITNESS,pure-path one_aux_S,,0.0004143714904785156,0.00010609626770019531,0.0178678035736084,36.29296875,36.29296875,36.29296875
dense,60,20,dense_N60_seed20,ok,60,249,0,59,0,6,8,0.41462071472778916,0.9949571490287781,0.14519232558086514,0.11216325359418988,0.24313568184152246,1,-0.3024574611335993,-0.30128245148807764,-1.264385538175702,0.034726848549249824,0.26263580259645536,2.5497602031569935,0.2318744052990249,0.8571428571428571,OPEN,-0.1714850328862667,"neither certificate fires -- constructive search, then UNDETERMINED",,witness,-0.13847595639526844,,,,,,,aux_free,4 21 56 0 53 12 34 49 39,0.0752848238 0.0359130651 0.0188571233 0.10371612 0.0210001729 0.0102928821 0.00539229484 0.0866613761,WITNESS,pure-path aux_free,,0.00016188621520996094,0.00022459030151367188,0.00821685791015625,36.29296875,36.29296875,36.29296875
dense,60,21,dense_N60_seed21,ok,60,242,0,2,1,3,5,0.6811830177903175,0.9858283400535583,0.09539791662245989,0.06646848749369383,0.4314437657594681,1,-0.6147145302966237,-0.6129855532199144,-1.571613441221416,0.11516254742573641,0.0840284453349294,1.4683378601405626,0.07318351209339113,0.75,OPEN,-0.24973925203084946,"neither certificate fires -- constructive search, then UNDETERMINED",,witness,-0.29600474797189236,,,,,,,one_aux_S,0 58 1 22 29,0.275071204 0.0289294291 0.0309236199 0.100508034,WITNESS,pure-path one_aux_S,,0.00035381317138671875,0.0001049041748046875,0.017802715301513672,36.29296875,36.29296875,36.29296875
dense,60,22,dense_N60_seed22,ok,60,254,0,59,0,3,5,0.46167605370283127,0.9887853264808655,0.04698700911831111,0.030951990629546344,0.29977242869790643,1,-0.4307240630732849,-0.4299967932747677,-1.4034743710653856,0.07781872049449441,0.06106490740612084,1.8850378336286688,0.05028199488791765,0.75,OPEN,-0.16190362500492483,"neither certificate fires -- constructive search, then UNDETERMINED",,witness,-0.14070524647831917,,,,,,,one_aux_S,0 38 11 19 8,0.0535060726 0.186063915 0.0512951203 0.0602113977,WITNESS,pure-path one_aux_S,,0.00020623207092285156,0.00010347366333007812,0.009471416473388672,36.29296875,36.29296875,36.29296875
dense,60,23,dense_N60_seed23,ok,60,221,0,59,0,5,7,0.9617943912744522,0.9992305040359497,0.1173098977888003,0.08699565345887095,0.49378935992717743,1,-0.8747987378155813,-0.8737042382126674,-1.8437149975216016,0.09625350581169302,0.08712130668991053,1.4563737122887355,0.07537617035417427,0.8333333333333334,OPEN,-0.4680050313472748,"neither certificate fires -- constructive search, then UNDETERMINED",,witness,-0.0335364006459713,,,,,,,one_aux_S,0 21 16 37 28 25 55,0.174368724 0.0539438538 0.254594862 0.280051947 0.131508648 0.0675799102,WITNESS,pure-path one_aux_S,,0.0006082057952880859,0.0002276897430419922,0.014317512512207031,36.29296875,36.29296875,36.29296875
dense,60,24,dense_N60_seed24,ok,60,237,0,59,0,3,5,0.4542798976181075,0.9837877154350281,0.013221509172581136,0.006522915209643543,0.16672772215679288,1,-0.44775698240846395,-0.4457996269920841,-1.4248461038805544,0.07696103039485949,0.017462594196095194,1.899358902641191,0.010769101676925392,0.75,OPEN,-0.2875521754613146,"neither certificate fires -- constructive search, then UNDETERMINED",,witness,-0.024375251960009336,,,,,,,one_aux_S,0 52 15 39 21,0.317047507 0.00669859396 0.00100000005 0.21031709,WITNESS,pure-path one_aux_S,,0.0001232624053955078,0.00010156631469726562,0.008519172668457031,36.29296875,36.29296875,36.29296875
dense,60,25,dense_N60_seed25,ok,60,234,0,59,0,4,6,0.5782081112265587,0.9994706511497498,0.12334480881690979,0.09762117080390453,0.34396339394152164,1,-0.48058694042265415,-0.47989270091056824,-1.4543339535593987,0.07231429339138322,0.14221501038816536,1.8190437338435839,0.1350671758607049,0.8,OPEN,-0.23424471728503704,"neither certificate fires -- constructive search, then UNDETERMINED",,witness,-0.25581725500524044,,,,,,,one_aux_S,0 25 33 21 13 9,0.128787905 0.0147724245 0.113646679 0.0456226505 0.0391223952,WITNESS,pure-path one_aux_S,,0.00023651123046875,0.00012302398681640625,0.009270191192626953,36.29296875,36.29296875,36.29296875
dense,60,26,dense_N60_seed26,ok,60,241,0,5,1,3,5,0.4504472631961107,0.9956417679786682,0.04295842943247408,0.029227678081952035,0.38378699822351336,1,-0.4212195851141587,-0.42072191985789686,-1.4031306017423049,0.07540316836891373,0.05722103288318301,1.9262042187769226,0.048664428341571274,0.75,OPEN,-0.06666026497259736,"neither certificate fires -- constructive search, then UNDETERMINED",,witness,-0.09792573959566653,,,,,,,one_aux_S,0 54 50 25 34,0.188092425 0.0744389296 0.0874555185 0.00506930007,WITNESS,pure-path one_aux_S,,0.0002803802490234375,0.00015497207641601562,0.018183231353759766,36.29296875,36.29296875,36.29296875
dense,60,27,dense_N60_seed27,ok,60,236,0,59,0,3,5,0.3773493394255638,0.9997252225875854,0.03325503156520426,0.023496478097513318,0.43672652542591095,1,-0.3538528613280505,-0.35298246261663735,-1.343819530447945,0.06290884249988742,0.052876782478265084,2.189601652584515,0.04670038272747841,0.75,GIRTH,0.05937718600034714,bracket >= 0 and every cycle weighs >= girth,,witness,-0.0093940868973732,,,,,,,one_aux_S,0 23 33 35 34,0.00801775604 0.15198341 0.0940362662 0.22783564,WITNESS,pure-path one_aux_S,,0.00045037269592285156,0.00017142295837402344,0.014603137969970703,36.29296875,36.29296875,36.29296875
dense,60,29,dense_N60_seed29,ok,60,216,0,59,0,5,7,0.5196797390235588,0.9984276294708252,0.09231764718424529,0.07205595902632922,0.4311317093670368,1,-0.4476237799972296,-0.44727124087512493,-1.4257897213101387,0.052049815498294384,0.12688810359255873,2.086597426532073,0.11554545619724249,0.8333333333333334,OPEN,-0.08854802965652198,"neither certificate fires -- constructive search, then UNDETERMINED",,witness,-0.007854506256990135,,,,,,,one_aux_S,0 6 2 13 4 40 38,0.00624080375 0.0942514688 0.0369017906 0.336484253 0.0326606892 0.010572454,WITNESS,pure-path one_aux_S,,0.0005452632904052734,0.0002162456512451172,0.013620853424072266,36.29296875,36.29296875,36.29296875
dense,60,30,dense_N60_seed30,ok,60,220,0,59,0,3,5,1.2042701840400696,0.9976217746734619,0.03498139476869255,0.024617108167149127,0.3847918435931206,1,-1.1796530758729205,-1.1794889223529026,-2.166910563944839,0.20119017290466404,0.017428677666669834,1.0970421693875974,0.015331136957508144,0.75,OPEN,-0.819478340446949,"neither certificate fires -- constructive search, then UNDETERMINED",,witness,-0.20692982245236635,,,,,,,one_aux_S,0 23 55 35 27,0.807486773 0.114479892 0.00867467653 0.133398041,WITNESS,pure-path one_aux_S,,0.00031757354736328125,9.870529174804688e-05,0.008211612701416016,36.29296875,36.29296875,36.29296875
dense,60,31,dense_N60_seed31,ok,60,230,0,59,0,3,5,0.10421590134501457,0.9978821873664856,0.07959507312625647,0.05727387499064207,0.33215467631816864,1,-0.0469420263543725,-0.045718845911324024,-1.0225030155852437,0.01740617991856853,0.4582510275245867,6.345085967617869,0.41217708323391505,0.75,GIRTH,0.22793877497315407,bracket >= 0 and every cycle weighs >= girth,,ok,0.011303121224045753,0.7624289952218533,0.011303121224045753,0.07097024470567703,0.0674116313457489,one_aux_S,124,,,,CERTIFIED,GIRTH,,0.0002932548522949219,0.00015735626220703125,0.00838160514831543,36.29296875,36.29296875,36.29296875
dense,60,32,dense_N60_seed32,ok,60,240,0,2,1,3,5,0.823907345533371,0.9979372024536133,0.13616643275599927,0.09134594153147191,0.6272573471069336,1,-0.7325614040018991,-0.7320118324132636,-1.685678115230985,0.13760173544448193,0.09916146529887983,1.3267350202886572,0.08315189386283858,0.75,OPEN,-0.19664999842643738,"neither certificate fires -- constructive search, then UNDETERMINED",,witness,-0.3073006868362427,,,,,,,one_aux_S,0 15 24 9 3,0.279539853 0.100814261 0.0940636992 0.0843776911,WITNESS,pure-path one_aux_S,,0.00036787986755371094,0.00010538101196289062,0.01829695701599121,36.29296875,36.29296875,36.29296875
dense,60,33,dense_N60_seed33,ok,60,250,0,59,0,5,7,0.5043592602014542,0.9983007907867432,0.1358525357209146,0.101950918789953,0.316862054169178,1,-0.40240834141150117,-0.4002295541577041,-1.3668075152672827,0.05052177308243717,0.1923976283813639,2.128103303625271,0.1684495669965346,0.8333333333333334,OPEN,-0.18749720603227615,"neither certificate fires -- constructive search, then UNDETERMINED",,witness,-0.09428098425269127,,,,,,,one_aux_S,0 45 35 1 15 19 50,0.0233574323 0.19740203 0.0472255722 0.0663300678 0.0346511677 0.0822240114,WITNESS,pure-path one_aux_S,,0.00025773048400878906,0.00014066696166992188,0.009423494338989258,36.29296875,36.29296875,36.29296875
dense,60,34,dense_N60_seed34,ok,60,237,0,59,0,3,5,1.0650295913219452,0.9986535906791687,0.10951270954683423,0.0756511022336781,0.5079330280423164,1,-0.9893784890882671,-0.9883563308976591,-1.9541704724542797,0.17774424839976047,0.06169558692406128,1.1626061090600934,0.05327394387683946,0.75,OPEN,-0.5570965632796288,"neither certificate fires -- constructive search, then UNDETERMINED",,witness,-0.5786367543041706,,,,,,,one_aux_S,0 48 42 1 4,0.181218803 0.124775365 0.132798731 0.0951998755,WITNESS,pure-path one_aux_S,,0.0005955696105957031,0.00017189979553222656,0.014384746551513672,36.29296875,36.29296875,36.29296875
dense,60,35,dense_N60_seed35,ok,60,235,0,3,1,3,5,0.5220267027616501,0.9988284707069397,0.03926220419816673,0.02824629726819694,0.17437953874468803,1,-0.49378040549345315,-0.49321125796996057,-1.481592969270423,0.08710649827461964,0.04512666190115561,1.7480199753264238,0.04058168449827431,0.75,OPEN,-0.34764716401696205,"neither certificate fires -- constructive search, then UNDETERMINED",,witness,-0.13807383924722672,,,,,,,one_aux_S,0 15 49 36 33,0.195076987 0.0389927402 0.0110159069 0.277734458,WITNESS,pure-path one_aux_S,,0.0002834796905517578,0.00017523765563964844,0.03414511680603027,36.29296875,36.29296875,36.29296875
dense,60,36,dense_N60_seed36,ok,60,209,0,7,1,3,5,0.8380167931318283,0.99565589427948,0.11517382320016623,0.08185877930372953,0.29088612273335457,1,-0.7561580138280988,-0.755211834795773,-1.718498864211142,0.14027885168404,0.08246170540550128,1.3128658297348845,0.07326116252200122,0.75,OPEN,-0.5471306703984737,"neither certificate fires -- constructive search, then UNDETERMINED",,witness,-0.15282128378748894,,,,,,,one_aux_S,0 22 52 8 28,0.299402118 0.137264267 0.191091642 0.114874966,WITNESS,pure-path one_aux_S,,0.00022268295288085938,0.00010180473327636719,0.017256736755371094,36.29296875,36.29296875,36.29296875
dense,60,37,dense_N60_seed37,ok,60,227,0,59,0,6,8,1.0173389837145805,0.9857198596000671,0.18931818986311555,0.1500198715366423,0.29359751706942916,1,-0.8673191121779382,-0.8658432639203966,-1.8137406534515321,0.08600643257535513,0.1395686636119041,1.4766898315453347,0.12639686807991043,0.8571428571428571,OPEN,-0.7237414666451514,"neither certificate fires -- constructive search, then UNDETERMINED",,witness,-0.07891335338354111,,,,,,,one_aux_S,0 40 5 20 42 28 22 49,0.264082968 0.102722421 0.196567282 0.100030728 0.116572209 0.0881443247 0.140611395,WITNESS,pure-path one_aux_S,,0.00012302398681640625,0.00015616416931152344,0.008188962936401367,36.29296875,36.29296875,36.29296875
dense,60,38,dense_N60_seed38,ok,60,234,0,59,0,5,7,0.36583297699689865,0.9963709115982056,0.08869038324337453,0.0673285125521943,0.36578063666820526,1,-0.29850446444470435,-0.2972253944026306,-1.2735135053517297,0.03671654528834977,0.17316720396642804,2.659691276481563,0.15336805952835383,0.8333333333333334,OPEN,-5.234032869338989e-05,"neither certificate fires -- constructive search, then UNDETERMINED",,witness,-0.09511488303542137,,,,,,,one_aux_S,0 12 28 52 48 36 2,0.0368270278 0.0572725162 0.0185384825 0.0574630722 0.0691822618 0.0628694668,WITNESS,pure-path one_aux_S,,0.00027108192443847656,0.00012731552124023438,0.008912801742553711,36.29296875,36.29296875,36.29296875
dense,60,39,dense_N60_seed39,ok,60,254,0,59,0,3,5,0.02807099954225123,0.9997614622116089,0.0269640504848212,0.016738709760829806,0.18088370840996504,1,-0.011332289781421423,-0.009313390823081136,-1.000868411269039,0.004679616189004783,0.5763396585341274,21.969273880828048,0.44722427150221633,0.75,GIRTH,0.1528127088677138,bracket >= 0 and every cycle weighs >= girth,,ok,0.030205527087673545,1.5311240234877914,0.030205527087673545,0.04603199381381273,0.05949385720305145,one_aux_S,166,,,,CERTIFIED,GIRTH,,0.0003542900085449219,0.0002779960632324219,0.014692544937133789,36.29296875,36.29296875,36.29296875
dense,60,40,dense_N60_seed40,ok,60,245,0,59,0,3,5,0.1980748641071841,0.9885254502296448,0.03240035043563694,0.02077659813221544,0.34272587252780795,1,-0.17729826597496867,-0.17648539133369923,-1.154199963901192,0.03339567771727901,0.09814577103969384,3.5943994802734522,0.07866949029297055,0.75,GIRTH,0.14465100842062384,bracket >= 0 and every cycle weighs >= girth,,witness,-0.09654766169842333,,,,,,,one_aux_T,59 22 2 11 42,0.00468459493 0.00999800302 0.0426677391 0.0883537307,WITNESS,pure-path one_aux_T,,0.0002617835998535156,0.00010323524475097656,0.00862574577331543,36.29296875,36.29296875,36.29296875
dense,80,1,dense_N80_seed1,ok,80,315,0,79,0,4,6,0.5538261960027739,0.9995157122612,0.050305610871873796,0.03559587651398033,0.35977272503077984,1,-0.5182303194887936,-0.5176089620217681,-1.5030362973921,0.06926181714915909,0.06055523223104194,1.8698307874385847,0.051418118927407386,0.8,OPEN,-0.1940534709719941,"neither certificate fires -- constructive search, then UNDETERMINED",,witness,-0.024175790953449905,,,,,,,one_aux_S,0 13 34 23 21 3,0.15877457 0.149297088 0.0671753213 0.0793860853 0.150034681,WITNESS,pure-path one_aux_S,,0.0003113746643066406,0.00013971328735351562,0.008864164352416992,36.29296875,36.29296875,36.29296875
dense,80,6,dense_N80_seed6,ok,80,290,0,79,0,4,6,0.5046107433736324,0.996528148651123,0.058429770870134234,0.0451818963047117,0.2709771618247032,1,-0.45942884706892073,-0.4589335818309337,-1.4427091211546212,0.06329609756340822,0.07719451298175614,1.983230191769496,0.07163049443243004,0.8,OPEN,-0.23363358154892921,"neither certificate fires -- constructive search, then UNDETERMINED",,witness,-0.029160854406654835,,,,,,,one_aux_S,0 47 52 77 15 61,0.210840002 0.147151798 0.0122573441 0.101378649 0.00764419138,WITNESS,pure-path one_aux_S,,0.00032830238342285156,0.0001518726348876953,0.009620189666748047,36.29296875,36.29296875,36.29296875
dense,80,7,dense_N80_seed7,ok,80,316,0,79,0,4,6,0.5704346038401127,0.993855357170105,0.017825145041570067,0.012301984475925565,0.33330422081053257,1,-0.5581326193641871,-0.5579604636877775,-1.5464648159686476,0.07174517394869752,0.02083223904671146,1.8281849785871607,0.017252788513333166,0.8,OPEN,-0.23713038302958012,"neither certificate fires -- constructive search, then UNDETERMINED",,witness,-0.11743107065558434,,,,,,,one_aux_S,0 28 64 15 52 61,0.0427625515 0.0945803523 0.0961245373 0.166158527 0.10675513,WITNESS,pure-path one_aux_S,,0.00030493736267089844,0.00015473365783691406,0.00967097282409668,36.29296875,36.29296875,36.29296875
dense,80,8,dense_N80_seed8,ok,80,291,0,79,0,3,5,0.9420097693800926,0.9997324347496033,0.026056796312332153,0.017789946869015694,0.30348766734823585,1,-0.9242198225110769,-0.9236968089826405,-1.9156854078173637,0.1570436476529229,0.016596513428610824,1.2367656476052236,0.014163823545632684,0.75,OPEN,-0.6385221020318568,"neither certificate fires -- constructive search, then UNDETERMINED",,witness,-0.04372459836304188,,,,,,,one_aux_S,0 40 28 49 2,0.711419761 0.0760052875 0.101448484 0.0188232772,WITNESS,pure-path one_aux_S,,0.0002677440643310547,0.00011849403381347656,0.009513139724731445,36.29296875,36.29296875,36.29296875
dense,80,9,dense_N80_seed9,ok,80,283,0,79,0,3,5,0.860693670809269,0.9963126182556152,0.035982035333290696,0.01979327411390841,0.3322186544537544,1,-0.8409003966953605,-0.8364982227794826,-1.8210242537315935,0.14397985381941103,0.02508351337087806,1.2945416136164893,0.017247664400126594,0.75,OPEN,-0.5284750163555145,"neither certificate fires -- constructive search, then UNDETERMINED",,witness,-0.31841665506362915,,,,,,,one_aux_S,0 58 41 54 78,0.184459567 0.25274536 0.0343552083 0.141433761,WITNESS,pure-path one_aux_S,,0.00045108795166015625,0.000118255615234375,0.009676456451416016,36.29296875,36.29296875,36.29296875
dense,80,10,dense_N80_seed10,ok,80,305,0,79,0,3,5,0.8159099370241165,0.9958521127700806,0.06921726081054658,0.046990150469355285,0.5849021001486108,1,-0.7689197865547612,-0.7678166163386777,-1.7425447889836505,0.13655138926779103,0.05090066268564198,1.3323250282272112,0.04319424393892971,0.75,OPEN,-0.23100783687550575,"neither certificate fires -- constructive search, then UNDETERMINED",,witness,-0.5387612106278539,,,,,,,one_aux_S,0 63 35 45 55,0.113797173 0.0149015998 0.136272505 0.0243548974,WITNESS,pure-path one_aux_S,,0.0006816387176513672,0.00019073486328125,0.014100790023803711,36.29296875,36.29296875,36.29296875
dense,80,13,dense_N80_seed13,ok,80,324,0,79,0,3,5,0.36212947766762227,0.995528519153595,0.01746966817881912,0.012869570287875831,0.5511300791986287,1,-0.34925990737974644,-0.34914998756721616,-1.3401883286423981,0.060626000946630704,0.028944898313172148,2.24945730278384,0.026653940955245984,0.75,GIRTH,0.1890006015310064,bracket >= 0 and every cycle weighs >= girth,,witness,-0.012058948632329702,,,,,,,one_aux_T,79 9 76 1 64,0.00100000005 0.0709076077 0.270887703 0.0145504372,WITNESS,pure-path one_aux_T,,0.0004062652587890625,0.00012564659118652344,0.009106159210205078,36.29296875,36.29296875,36.29296875
dense,80,15,dense_N80_seed15,ok,80,301,0,79,0,4,6,0.6118549797683954,0.9999828338623047,0.09224293613806367,0.0709648602642119,0.45441100001335144,1,-0.5408901195041835,-0.540803215932101,-1.5195948774926364,0.07648318539194124,0.10050631733354011,1.7562307702835367,0.09278651002049422,0.8,OPEN,-0.15744397975504398,"neither certificate fires -- constructive search, then UNDETERMINED",,witness,-0.22666935017332435,,,,,,,one_aux_S,0 35 47 71 77 53,0.0211042687 0.285490781 0.022239944 0.0050117881 0.102677695,WITNESS,pure-path one_aux_S,,0.0003654956817626953,0.000148773193359375,0.00893855094909668,36.29296875,36.29296875,36.29296875
dense,80,16,dense_N80_seed16,ok,80,294,0,79,0,4,6,0.5024994304403663,0.9986328482627869,0.04712015809491277,0.030443473253399134,0.2703888805117458,1,-0.47205595718696713,-0.47156366193667054,-1.4540121206082404,0.06289842048988649,0.06251437678727839,1.991554202542589,0.048467276035270235,0.8,OPEN,-0.23211054992862046,"neither certificate fires -- constructive search, then UNDETERMINED",,witness,-0.11894455854780972,,,,,,,one_aux_T,79 31 13 18 9 63,0.00287012174 0.100169688 0.0738152489 0.187771857 0.037855912,WITNESS,pure-path one_aux_T,,0.00019478797912597656,0.00014352798461914062,0.008653879165649414,36.29296875,36.29296875,36.29296875
dense,80,19,dense_N80_seed19,ok,80,331,0,12,1,3,5,0.3526036962866783,0.9977603554725647,0.030193707905709743,0.021758061833679676,0.2411470441147685,1,-0.33084563445299864,-0.33039717306382954,-1.3201703438535333,0.05889919597638524,0.05137843117985004,2.297816045572057,0.04628013417645017,0.75,OPEN,-0.11145665217190981,"neither certificate fires -- constructive search, then UNDETERMINED",,witness,-0.005727726966142654,,,,,,,one_aux_S,0 65 70 19 41,0.0367522612 0.00865241233 0.293261439 0.0164197143,WITNESS,pure-path one_aux_S,,0.0002970695495605469,0.0001220703125,0.03745079040527344,36.29296875,36.29296875,36.29296875
dense,80,24,dense_N80_seed24,ok,80,322,0,79,0,3,5,0.5586399734020233,0.9920844435691833,0.03184039948973805,0.022058483795262873,0.20400970394257456,1,-0.5365814896067604,-0.5361844532890245,-1.5188840174814686,0.09384953351219212,0.034197767083334954,1.6655353975415217,0.029614534645091395,0.75,OPEN,-0.35463026945944875,"neither certificate fires -- constructive search, then UNDETERMINED",,witness,-0.2271929644048214,,,,,,,one_aux_S,0 17 70 6 28,0.17274493 0.0811176896 0.0390406549 0.0770874694,WITNESS,pure-path one_aux_S,,0.00017905235290527344,0.00012612342834472656,0.009296178817749023,36.29296875,36.29296875,36.29296875
dense,80,25,dense_N80_seed25,ok,80,296,0,1,1,3,5,0.6584394909441471,0.9977290034294128,0.051301227416843176,0.03132526343688369,0.4463314339518547,1,-0.6271142275072634,-0.6223243097774684,-1.6048672669567168,0.10998970139201904,0.04674801082475916,1.5091760295228522,0.035681255302555455,0.75,OPEN,-0.2121080569922924,"neither certificate fires -- constructive search, then UNDETERMINED",,witness,-0.27577798441052437,,,,,,,one_aux_S,0 50 22 14 40,0.126561314 0.0826227069 0.107539028 0.131876916,WITNESS,pure-path one_aux_S,,0.000476837158203125,0.0001087188720703125,0.025360107421875,36.29296875,36.29296875,36.29296875
dense,80,27,dense_N80_seed27,ok,80,322,0,79,0,4,6,0.5715653384104371,0.9999009966850281,0.03894859040156007,0.025630110409110785,0.3050801008939743,1,-0.5459352280013263,-0.5454636476933956,-1.5325177446939051,0.07145274135956306,0.04542914902185263,1.8329386913323826,0.035873568513290044,0.8,OPEN,-0.2664852375164628,"neither certificate fires -- constructive search, then UNDETERMINED",,witness,-0.11048704106360674,,,,,,,one_aux_S,0 66 19 71 54 15,0.0489482321 0.096124731 0.0647934899 0.137835875 0.226751938,WITNESS,pure-path one_aux_S,,0.0005705356597900391,0.00024175643920898438,0.014877557754516602,36.29296875,36.29296875,36.29296875
dense,80,28,dense_N80_seed28,ok,80,310,0,79,0,4,6,0.6610613241791725,0.9980850219726562,0.05974467261694372,0.04495201515965164,0.4485703343525529,1,-0.6161093090195209,-0.6159418511670083,-1.599401673534885,0.08279120886823646,0.06025126608954932,1.673214758819297,0.05439981256258513,0.8,OPEN,-0.21249098982661963,"neither certificate fires -- constructive search, then UNDETERMINED",,witness,-0.11799182370305061,,,,,,,one_aux_S,0 45 33 37 3 60,0.305188209 0.140520975 0.0732104406 0.0100039085 0.0282919351,WITNESS,pure-path one_aux_S,,0.0004680156707763672,0.0001418590545654297,0.009133100509643555,36.29296875,36.29296875,36.29296875
dense,80,30,dense_N80_seed30,ok,80,309,0,7,1,3,5,0.9405118003487587,0.9955683350563049,0.0843288041651249,0.05354022607207298,0.42169347405433655,1,-0.8869715742766857,-0.8823536029085517,-1.8517513312399387,0.15744973117885264,0.053797605176577855,1.2351233454086148,0.04269501939174445,0.75,OPEN,-0.5188183262944221,"neither certificate fires -- constructive search, then UNDETERMINED",,witness,-0.07307695597410202,,,,,,,one_aux_S,0 79 56 69 63,0.307525337 0.110370219 0.233392149 0.432294279,WITNESS,pure-path one_aux_S,,0.00048065185546875,0.00011777877807617188,0.026003599166870117,36.29296875,36.29296875,36.29296875
dense,80,32,dense_N80_seed32,ok,80,311,0,79,0,4,6,0.48160274256952107,0.9972952604293823,0.045908522442914546,0.02721126435790211,0.13307739165611565,1,-0.45439147821161896,-0.4504178190836683,-1.4329894805559888,0.06036361066758812,0.06354964148525724,2.0471893426913907,0.045201178403130156,0.8,OPEN,-0.3485253509134054,"neither certificate fires -- constructive search, then UNDETERMINED",,witness,-0.3076959904283285,,,,,,,one_aux_S,0 19 54 65 37 24,0.0345713124 0.0107499398 0.00270553236 0.0211496297 0.209460676,WITNESS,pure-path one_aux_S,,0.0001461505889892578,0.00014352798461914062,0.008207321166992188,36.29296875,36.29296875,36.29296875
dense,80,33,dense_N80_seed33,ok,80,343,0,79,0,3,5,0.5066016688942909,0.998609721660614,0.18195272609591484,0.13747435063123703,0.36756155639886856,1,-0.3691273182630539,-0.3690577819943428,-1.32325866445899,0.08455116113027117,0.21549797870944043,1.7827158688681544,0.20352432552870675,0.75,OPEN,-0.13904011249542236,"neither certificate fires -- constructive search, then UNDETERMINED",,witness,-0.25087589770555496,,,,,,,one_aux_S,0 73 58 5 19,0.0992763713 0.0796885118 0.0444783755 0.0645650253,WITNESS,pure-path one_aux_S,,0.0002911090850830078,0.00011682510375976562,0.009521722793579102,36.29296875,36.29296875,36.29296875
dense,80,34,dense_N80_seed34,ok,80,332,0,79,0,3,5,0.22402470465749502,0.9985265135765076,0.027281114482320845,0.019847361952997744,0.3637295855442062,1,-0.20417734270449728,-0.20372011058498174,-1.1952701037516817,0.037392548188344484,0.07306635540226733,3.2743296417324856,0.0664458925970078,0.75,GIRTH,0.13970488088671118,bracket >= 0 and every cycle weighs >= girth,,witness,-0.01855592615902424,,,,,,,one_aux_S,0 27 5 25 26,0.00579864439 0.071248129 0.101707846 0.0534283184,WITNESS,pure-path one_aux_S,,0.00033736228942871094,0.00012373924255371094,0.009574413299560547,36.29296875,36.29296875,36.29296875
dense,80,36,dense_N80_seed36,ok,80,308,0,79,0,4,6,0.522462110966444,0.9905967116355896,0.07302736584097147,0.05172064248472452,0.5870169997215271,1,-0.4707414684817195,-0.4694169657304883,-1.4400314567610621,0.06592770105502858,0.09318361951757782,1.9306775755830354,0.07919524328997149,0.8,GIRTH,0.06455488875508308,bracket >= 0 and every cycle weighs >= girth,,witness,-0.018485739827156067,,,,,,,one_aux_T,79 55 77 47 6 41,0.128181055 0.161319152 0.00855643302 0.180560812 0.0507178381,WITNESS,pure-path one_aux_T,,0.0006868839263916016,0.00014781951904296875,0.0088653564453125,36.29296875,36.29296875,36.29296875
dense,80,37,dense_N80_seed37,ok,80,306,0,7,1,3,5,0.4700757674872875,0.993532121181488,0.025048677227459848,0.014955901890061796,0.4227128438651562,1,-0.4551198655972257,-0.4527912837220356,-1.4385592114413157,0.0788559922498669,0.03197188065407424,1.868134445422171,0.023861954164335203,0.75,OPEN,-0.04736292362213135,"neither certificate fires -- constructive search, then UNDETERMINED",,witness,-0.10259468946605921,,,,,,,one_aux_S,0 69 79 51 47,0.0100927753 0.0971859545 0.0950150043 0.330374688,WITNESS,pure-path one_aux_S,,0.0003407001495361328,0.00011157989501953125,0.024283647537231445,36.29296875,36.29296875,36.29296875
dense,80,38,dense_N80_seed38,ok,80,302,0,4,1,3,5,0.13612590916454792,0.9988088607788086,0.09867022139951587,0.07286891853436828,0.43844415061175823,1,-0.06325699063017964,-0.06318812211975455,-1.0362645485438406,0.02271470790691048,0.43490716207556385,5.002433894805976,0.4014789633817151,0.75,GIRTH,0.3023182414472103,bracket >= 0 and every cycle weighs >= girth,,ok,0.04094850271940231,1.0507160257548094,0.04094850271940231,0.057477403432130814,0.09842590615153313,one_aux_S,235,,,,CERTIFIED,GIRTH,,0.0003268718719482422,0.00022530555725097656,0.024115324020385742,36.29296875,36.29296875,36.29296875
dense,80,39,dense_N80_seed39,ok,80,336,0,79,0,4,6,0.7669003373011947,0.9978751540184021,0.0488159095402807,0.03657910297624767,0.3425006363540888,1,-0.730321234324947,-0.7298393703531474,-1.715959581779316,0.09606666903832091,0.04243568311372259,1.534119802780835,0.03815786870557235,0.8,OPEN,-0.4243997009471059,"neither certificate fires -- constructive search, then UNDETERMINED",,witness,-0.12661249190568924,,,,,,,one_aux_S,0 35 57 10 3 55,0.00895514619 0.287894011 0.0308167674 0.187555805 0.250132233,WITNESS,pure-path one_aux_S,,0.0004191398620605469,0.00013303756713867188,0.008131742477416992,36.29296875,36.29296875,36.29296875
dense,80,40,dense_N80_seed40,ok,80,319,0,79,0,4,6,0.4718015715479851,0.9964696168899536,0.15434565721079707,0.11539801536127925,0.3187730014324188,1,-0.3564035561867058,-0.35354334535077214,-1.3139255312271416,0.05918413912866059,0.2180940272614857,2.074701565208905,0.19567211695824982,0.8,OPEN,-0.15302857011556625,"neither certificate fires -- constructive search, then UNDETERMINED",,witness,-0.073478227481246,,,,,,,one_aux_S,0 14 26 40 76 19,0.224084616 0.0248423982 0.0410090312 0.0332272202 0.150320157,WITNESS,pure-path one_aux_S,,0.00026106834411621094,0.00014662742614746094,0.007668495178222656,36.29296875,36.29296875,36.29296875
mtn_knn,20,1,mtnknn_N20_seed1,ok,20,50,0,19,0,5,7,7.47469174861908,4.4889020919799805,2.2240242809057236,1.7128747552633286,1.366037055850029,1,-5.761816993355751,-5.6920870542526245,-9.739569559693336,0.16651492047406447,0.2125290012620256,1.1432477029484467,0.19096381193910944,0.8333333333333334,OPEN,-5.761816993355751,"neither certificate fires -- constructive search, then UNDETERMINED",,witness,-3.6820934414863586,,,,,,,one_aux_S,0 11 7 13 5 2 14,0.518820405 0.240462095 1.75898361 0.359024137 0.511149526 0.808317065,WITNESS,pure-path one_aux_S,,0.00010585784912109375,0.00011897087097167969,0.13694477081298828,56.69921875,56.69921875,56.69921875
mtn_knn,20,2,mtnknn_N20_seed2,ok,20,48,0,19,0,5,7,9.302945613861084,5.856459140777588,1.905572161078453,1.5091017037630081,1.1480043828487396,1,-7.793843910098076,-7.772129461169243,-13.253832593560219,0.1588493215821513,0.14631096737477067,1.1639481410253278,0.13518135065328984,0.8333333333333334,OPEN,-7.793843910098076,"neither certificate fires -- constructive search, then UNDETERMINED",,witness,-3.6700143814086914,,,,,,,one_aux_S,0 16 6 15 14 9 17,0.567644119 0.928156734 2.48558998 1.13650191 0.243838608 0.542399764,WITNESS,pure-path one_aux_S,,6.222724914550781e-05,7.033348083496094e-05,0.07993268966674805,55.74609375,55.74609375,55.74609375
mtn_knn,20,3,mtnknn_N20_seed3,ok,20,49,0,19,0,4,6,7.703580170869827,8.865669250488281,1.6796437241137028,1.2387060560286045,0.9643064364790916,1,-6.464874114841223,-6.462962906807661,-14.889605697244406,0.1086153221095738,0.1453561146772662,1.433900347097726,0.12863692242343364,0.8,OPEN,-6.464874114841223,"neither certificate fires -- constructive search, then UNDETERMINED",,witness,-1.0513050630688667,,,,,,,one_aux_S,0 9 10 14 5 13,3.10621953 2.78401875 0.446205437 0.0972737595 0.437115252,WITNESS,pure-path one_aux_S,,9.5367431640625e-05,0.00010251998901367188,0.13657164573669434,56.57421875,56.57421875,56.57421875
mtn_knn,20,4,mtnknn_N20_seed4,ok,20,51,0,19,0,6,8,3.042272299528122,8.037934303283691,2.8637869507074356,2.3689966946840286,0.8849139362573624,1,-0.6732756048440933,-0.6440789997577667,-8.216419652104378,0.031540776779398816,0.7059986751888455,2.7315618504621777,0.6674512980834783,0.8571428571428571,OPEN,-0.6732756048440933,"neither certificate fires -- constructive search, then UNDETERMINED",,witness,-0.03917543590068817,,,,,,,one_aux_S,0 13 1 9 15 5 2 19,0.86130625 0.421159655 0.494790256 0.0731481165 0.436397046 0.542943716 0.346703649,WITNESS,pure-path one_aux_S,,4.9114227294921875e-05,7.414817810058594e-05,0.07993507385253906,55.7578125,55.7578125,55.7578125
mtn_knn,20,5,mtnknn_N20_seed5,ok,20,49,0,19,0,3,5,16.65324902534485,8.277120590209961,0.9804929196834564,0.7135714888572693,0.6703846901655197,1,-15.93967753648758,-15.910596132278442,-23.949876695871353,0.3353269381512945,0.03532618475318162,0.8982164229074895,0.03213658883191232,0.75,OPEN,-15.93967753648758,"neither certificate fires -- constructive search, then UNDETERMINED",,witness,-7.883749604225159,,,,,,,one_aux_S,0 9 13 15 2,7.44223452 0.501199424 0.471697867 0.708735228,WITNESS,pure-path one_aux_S,,5.841255187988281e-05,5.4836273193359375e-05,0.07991695404052734,56.09765625,56.09765625,56.09765625
mtn_knn,20,6,mtnknn_N20_seed6,ok,20,49,0,19,0,6,8,2.307960480451584,8.534101486206055,1.678428415209055,1.3712552823126316,0.46399635449051857,1,-0.9367051981389523,-0.9363315366208553,-9.163633551448584,0.02253664786486325,0.5454258519888026,3.523260707393994,0.5092642098983032,0.8571428571428571,OPEN,-0.9367051981389523,"neither certificate fires -- constructive search, then UNDETERMINED",,witness,-0.40326645597815514,,,,,,,one_aux_S,0 15 17 13 5 12 8 14,0.332078427 0.61465764 0.202829167 0.0494217463 0.307173133 0.192754522 0.411558777,WITNESS,pure-path one_aux_S,,7.43865966796875e-05,9.489059448242188e-05,0.09436511993408203,56.51171875,56.51171875,56.51171875
mtn_knn,20,7,mtnknn_N20_seed7,ok,20,48,0,19,0,5,7,10.858452573418617,6.242611885070801,1.6534273773431778,1.3293746560811996,0.5906191170215607,1,-9.529077917337418,-9.49781246483326,-15.44763708114624,0.17394085638074977,0.10876499641728427,1.1249343273534633,0.10202302822714471,0.8333333333333334,OPEN,-9.529077917337418,"neither certificate fires -- constructive search, then UNDETERMINED",,witness,-8.184948116540909,,,,,,,one_aux_S,0 8 2 10 3 11 7,0.161097124 0.211614072 0.222250804 0.780831456 1.07097161 0.453478783,WITNESS,pure-path one_aux_S,,8.296966552734375e-05,0.00012135505676269531,0.13586974143981934,56.59765625,56.59765625,56.59765625
mtn_knn,20,8,mtnknn_N20_seed8,ok,20,52,0,19,0,4,6,12.028059005737305,7.2855634689331055,1.5344878733158112,1.2179139256477356,0.7647353857755661,1,-10.810145080089569,-10.802221164107323,-17.7791346013546,0.2063680293402668,0.08505045702352422,1.0704759853859458,0.08100485207575378,0.8,OPEN,-10.810145080089569,"neither certificate fires -- constructive search, then UNDETERMINED",,witness,-7.854680821299553,,,,,,,one_aux_S,0 4 9 8 3 16,0.228763968 0.869497061 0.316573948 2.57648253 0.364121348,WITNESS,pure-path one_aux_S,,5.364418029785156e-05,7.271766662597656e-05,0.07940363883972168,56.6640625,56.6640625,56.6640625
mtn_knn,20,9,mtnknn_N20_seed9,ok,20,49,0,19,0,5,7,10.071031957864761,8.475954055786133,1.0864289924502373,0.8849116638302803,0.4105544909834862,1,-9.186120294034481,-9.184749983251095,-17.460557021200657,0.11881885970098842,0.0770547360131262,1.3154408811365303,0.07322252472343271,0.8333333333333334,OPEN,-9.186120294034481,"neither certificate fires -- constructive search, then UNDETERMINED",,witness,-5.847213305532932,,,,,,,one_aux_S,0 9 17 15 13 6 5,0.146343723 0.138614818 0.0704223439 0.617087126 0.231904984 6.03889132,WITNESS,pure-path one_aux_S,,5.5789947509765625e-05,7.653236389160156e-05,0.07948613166809082,56.45703125,56.45703125,56.45703125
mtn_knn,20,10,mtnknn_N20_seed10,ok,20,46,0,19,0,5,7,15.866718292236328,8.330241203308105,2.17143315076828,1.7378440201282501,0.786273866891861,1,-14.128874272108078,-14.11816293001175,-22.025526344776154,0.19047129494804227,0.0977532751608204,1.0892953526044755,0.09127302340872144,0.8333333333333334,OPEN,-14.128874272108078,"neither certificate fires -- constructive search, then UNDETERMINED",,witness,-7.021151691675186,,,,,,,one_aux_S,0 10 7 9 13 16 4,0.684130609 0.156961411 1.30769813 1.62113559 4.43305159 1.28517854,WITNESS,pure-path one_aux_S,,6.151199340820312e-05,8.678436279296875e-05,0.07921671867370605,56.71875,56.71875,56.71875
mtn_knn,20,11,mtnknn_N20_seed11,ok,20,50,0,19,0,4,6,9.240429520606995,4.401299476623535,1.8296312987804413,1.4407402873039246,1.2004318535327911,1,-7.79968923330307,-7.776794150471687,-11.812097698450089,0.26243469598255464,0.13200189411831978,0.9842059806713702,0.12473362058254485,0.8,OPEN,-7.79968923330307,"neither certificate fires -- constructive search, then UNDETERMINED",,witness,-4.154042422771454,,,,,,,one_aux_S,0 18 15 12 9 7,0.171737492 0.961310685 1.90733922 1.72433388 0.643331647,WITNESS,pure-path one_aux_S,,0.00010728836059570312,0.00011229515075683594,0.13641858100891113,56.8125,56.8125,56.8125
mtn_knn,20,12,mtnknn_N20_seed12,ok,20,50,0,19,0,5,7,14.768841572105885,8.157773971557617,1.922587402164936,1.4967608824372292,0.5435523763298988,1,-13.272080689668655,-13.268445283174515,-21.004028141498566,0.18104009284393022,0.09298472795766351,1.1088313108246426,0.0844548795025435,0.8333333333333334,OPEN,-13.272080689668655,"neither certificate fires -- constructive search, then UNDETERMINED",,witness,-7.8972547724843025,,,,,,,one_aux_S,0 11 4 10 9 18 13,2.74207973 0.418555707 0.627214491 2.25250793 0.659058392 0.344341099,WITNESS,pure-path one_aux_S,,4.982948303222656e-05,8.106231689453125e-05,0.07860279083251953,56.6171875,56.6171875,56.6171875
mtn_knn,20,13,mtnknn_N20_seed13,ok,20,52,0,19,0,4,6,7.724549889564514,7.826193332672119,2.509900227189064,1.9845739156007767,1.3107858002185822,1,-5.7399759739637375,-5.736666724085808,-13.04084299504757,0.1233765504060053,0.21661674039888634,1.3421056626436292,0.20553419360077801,0.8,OPEN,-5.7399759739637375,"neither certificate fires -- constructive search, then UNDETERMINED",,witness,-3.8116218745708466,,,,,,,one_aux_S,0 5 7 14 11 2,0.656889677 0.515699327 0.248029679 0.658733249 3.66715217,WITNESS,pure-path one_aux_S,,6.175041198730469e-05,6.842613220214844e-05,0.08359265327453613,55.7890625,55.7890625,55.7890625
mtn_knn,20,14,mtnknn_N20_seed14,ok,20,49,0,19,0,5,7,25.594350576400757,12.88896656036377,1.354113183915615,1.0978477820754051,0.5357414856553078,1,-24.49650279432535,-24.485294818878174,-37.12920395284891,0.19857566125672682,0.03779051552449608,1.0739902771536964,0.035745120744460776,0.8333333333333334,OPEN,-24.49650279432535,"neither certificate fires -- constructive search, then UNDETERMINED",,witness,-13.384968526661396,,,,,,,one_aux_S,0 6 12 18 3 17 14,0.113826714 0.215877935 0.203093156 8.99657536 1.8996588 1.56070018,WITNESS,pure-path one_aux_S,,5.030632019042969e-05,7.343292236328125e-05,0.08359193801879883,56.0,56.0,56.0
mtn_knn,20,15,mtnknn_N20_seed15,ok,20,49,0,19,0,7,9,18.080402582883835,11.55512809753418,3.5004943013191223,2.920857846736908,1.0378751456737518,1,-15.159544736146927,-15.107560977339745,-26.135036379098892,0.11176486460798626,0.15058329958765243,1.2748530952347972,0.1413547405362669,0.875,OPEN,-15.159544736146927,"neither certificate fires -- constructive search, then UNDETERMINED",,witness,-1.3193801492452621,,,,,,,one_aux_S,0 11 8 10 9 12 5 7 2,0.458648264 0.797266483 4.36945677 2.64810133 1.27889132 5.52353573 1.50908959 0.352065891,WITNESS,pure-path one_aux_S,,7.605552673339844e-05,0.00010204315185546875,0.08445191383361816,56.0859375,56.0859375,56.0859375
mtn_knn,20,16,mtnknn_N20_seed16,ok,20,52,0,19,0,4,6,8.335237324237823,6.499398708343506,1.4096392765641212,1.0690274313092232,0.6526618152856827,1,-7.2662098929286,-7.243708424270153,-13.424996756017208,0.16030785497006028,0.11274538218326567,1.1864997924289507,0.10260319074065241,0.8,OPEN,-7.2662098929286,"neither certificate fires -- constructive search, then UNDETERMINED",,witness,-0.5005196928977966,,,,,,,one_aux_S,0 12 14 1 4 7,1.03042436 1.40821373 1.20170391 1.90320861 4.58233404,WITNESS,pure-path one_aux_S,,5.888938903808594e-05,7.2479248046875e-05,0.08440232276916504,56.4140625,56.4140625,56.4140625
mtn_knn,20,17,mtnknn_N20_seed17,ok,20,54,0,19,0,5,7,13.383262634277344,6.55367374420166,2.858070954680443,2.274040088057518,1.0565716475248337,1,-11.109222546219826,-11.107228770852089,-17.07886542379856,0.20421008363619167,0.1525397288486678,1.0640655594172812,0.14159726656346264,0.8333333333333334,OPEN,-11.109222546219826,"neither certificate fires -- constructive search, then UNDETERMINED",,witness,-5.54423351585865,,,,,,,one_aux_S,0 1 14 15 5 2 13,0.177614048 0.353344232 3.05059958 0.748587191 1.48893845 4.03989124,WITNESS,pure-path one_aux_S,,6.079673767089844e-05,8.20159912109375e-05,0.08309793472290039,56.5703125,56.5703125,56.5703125
mtn_knn,20,18,mtnknn_N20_seed18,ok,20,51,0,19,0,5,7,7.090021908283234,8.883544921875,1.690364047884941,1.3090814799070358,0.8935945183038712,1,-5.780940428376198,-5.7544508427381516,-14.283202782273293,0.07981072838191697,0.1702960734064565,1.6092602731791688,0.15386429652373418,0.8333333333333334,OPEN,-5.780940428376198,"neither certificate fires -- constructive search, then UNDETERMINED",,witness,-3.0761807709932327,,,,,,,one_aux_S,0 16 12 13 2 17 11,0.0835704952 0.428741455 1.72855997 1.24319017 0.265476435 0.528605223,WITNESS,pure-path one_aux_S,,5.316734313964844e-05,8.749961853027344e-05,0.08278131484985352,56.7421875,56.7421875,56.7421875
mtn_knn,20,19,mtnknn_N20_seed19,ok,20,52,0,19,0,4,6,9.658672362565994,9.212865829467773,1.5878766030073166,1.1666000336408615,1.2491412162780762,1,-8.492072328925133,-8.483404874801636,-17.28366158902645,0.13104869512579204,0.1095993695890981,1.302562607891741,0.09662611918898832,0.8,OPEN,-8.409531146287918,"neither certificate fires -- constructive search, then UNDETERMINED",,witness,-6.205086350440979,,,,,,,one_aux_S,0 2 14 7 15 3,0.182915777 1.58472645 0.421276569 0.231821001 2.06569242,WITNESS,pure-path one_aux_S,,0.00011181831359863281,0.00012254714965820312,0.09151196479797363,56.1640625,56.1640625,56.1640625
mtn_knn,20,20,mtnknn_N20_seed20,ok,20,50,0,19,0,6,8,7.500052556395531,6.735244274139404,2.212483525276184,1.8173446953296661,0.7479032129049301,1,-5.682707861065865,-5.653291583061218,-12.022813305258751,0.09279609680964206,0.22124680213635936,1.4235197077115198,0.20769508118179322,0.8571428571428571,OPEN,-5.682707861065865,"neither certificate fires -- constructive search, then UNDETERMINED",,witness,-0.9186889976263046,,,,,,,one_aux_S,0 18 1 3 15 11 10 13,1.28995001 1.74957609 0.401408345 2.49899173 0.215050653 0.303924084 0.24492529,WITNESS,pure-path one_aux_S,,8.392333984375e-05,0.00010061264038085938,0.08904528617858887,56.3828125,56.3828125,56.3828125
mtn_knn,20,21,mtnknn_N20_seed21,ok,20,54,0,19,0,5,7,9.965148031711578,8.364128112792969,2.2253290079534054,1.6882156394422054,1.5506711304187775,1,-8.276932392269373,-8.27211818471551,-16.10394713655114,0.11914150401964603,0.15950798873317967,1.313812906898568,0.1411766650856468,0.8333333333333334,OPEN,-8.276932392269373,"neither certificate fires -- constructive search, then UNDETERMINED",,witness,-2.369633361697197,,,,,,,one_aux_S,0 12 10 4 2 17 13,0.158877179 2.18486428 0.376680911 2.93346524 1.45924568 0.964762747,WITNESS,pure-path one_aux_S,,6.151199340820312e-05,7.343292236328125e-05,0.09473824501037598,56.23828125,56.23828125,56.23828125
mtn_knn,20,22,mtnknn_N20_seed22,ok,20,51,0,19,0,5,7,4.34784322977066,4.175904273986816,2.8218962848186493,2.234380930662155,0.8582259118556976,1,-2.1134622991085052,-2.0524934381246567,-5.7018512189388275,0.10411740654245627,0.4635954189057118,1.4003244257805572,0.4282546565008843,0.8333333333333334,OPEN,-2.1134622991085052,"neither certificate fires -- constructive search, then UNDETERMINED",,witness,-1.0223258435726166,,,,,,,one_aux_S,0 10 7 15 5 4 12,1.17189538 0.465577632 0.216525227 0.266762942 0.817356646 0.774799109,WITNESS,pure-path one_aux_S,,9.179115295410156e-05,0.00012350082397460938,0.13695287704467773,56.109375,56.109375,56.109375
mtn_knn,20,23,mtnknn_N20_seed23,ok,20,50,0,19,0,4,6,5.894418269395828,7.931766510009766,2.300513446331024,1.8545679450035095,1.6337692737579346,1,-4.039850324392319,-4.039553165435791,-11.52567133307457,0.09289258360601582,0.2601911776180331,1.5637601707807731,0.25170496700344963,0.8,OPEN,-4.039850324392319,"neither certificate fires -- constructive search, then UNDETERMINED",,witness,-1.5875830054283142,,,,,,,one_aux_S,0 10 9 11 14 3,1.27322888 1.27334154 0.470620364 0.462017596 1.65525377,WITNESS,pure-path one_aux_S,,0.00011348724365234375,0.00010800361633300781,0.1369490623474121,56.0859375,56.0859375,56.0859375
mtn_knn,20,24,mtnknn_N20_seed24,ok,20,48,0,19,0,5,7,18.88710880279541,11.459094047546387,2.9506720453500748,2.3066612035036087,1.455203577876091,1,-16.5804475992918,-16.57250238955021,-27.395530804991722,0.16482200708388028,0.11159055160543292,1.1476536406465456,0.10177405603243204,0.8333333333333334,OPEN,-16.5804475992918,"neither certificate fires -- constructive search, then UNDETERMINED",,witness,-12.485381931066513,,,,,,,one_aux_S,0 17 10 12 1 5 14,0.352301687 1.9212184 0.832046688 1.32791913 0.872291327 2.1918993,WITNESS,pure-path one_aux_S,,5.435943603515625e-05,7.343292236328125e-05,0.1309511661529541,56.49609375,56.49609375,56.49609375
mtn_knn,20,25,mtnknn_N20_seed25,ok,20,48,0,19,0,4,6,9.867614388465881,9.256802558898926,1.5195559840649366,1.1340920310467482,1.1623903196305037,1,-8.733522357419133,-8.731273533776402,-17.60486096329987,0.1332481481278295,0.10266284056398507,1.2920662275925627,0.09194457638088271,0.8,OPEN,-8.705224068835378,"neither certificate fires -- constructive search, then UNDETERMINED",,witness,-1.3534163534641266,,,,,,,one_aux_S,0 9 2 18 3 8,0.385463953 3.45826197 2.14954281 2.34002185 0.361814916,WITNESS,pure-path one_aux_S,,9.894371032714844e-05,0.00011777877807617188,0.14473485946655273,56.2421875,56.2421875,56.2421875
mtn_knn,20,26,mtnknn_N20_seed26,ok,20,49,0,19,0,4,6,7.491461634635925,8.573164939880371,2.2709064930677414,1.7347296327352524,1.3744267672300339,1,-5.756732001900673,-5.753650829195976,-13.793720081448555,0.10922835509362748,0.20208842224401732,1.429594326447887,0.1852487236632089,0.8,OPEN,-5.756732001900673,"neither certificate fires -- constructive search, then UNDETERMINED",,witness,-0.9230557531118393,,,,,,,one_aux_S,0 8 13 2 1 18,3.72429371 1.24558353 1.17847693 0.151963279 0.53617686,WITNESS,pure-path one_aux_S,,6.318092346191406e-05,7.224082946777344e-05,0.08248376846313477,56.77734375,56.77734375,56.77734375
mtn_knn,20,27,mtnknn_N20_seed27,ok,20,49,0,19,0,4,6,8.832448422908783,5.752396106719971,1.8340503573417664,1.3676974773406982,1.0745001435279846,1,-7.464750945568085,-7.462706953287125,-12.750794172286987,0.19192976846184764,0.13843276288560238,1.1008532652395637,0.12387935139645237,0.8,OPEN,-7.464750945568085,"neither certificate fires -- constructive search, then UNDETERMINED",,witness,-2.24397349357605,,,,,,,one_aux_S,0 17 10 3 11 13,0.569780469 2.88835311 0.46635288 2.09205699 1.14386296,WITNESS,pure-path one_aux_S,,6.222724914550781e-05,7.772445678710938e-05,0.08527660369873047,55.99609375,55.99609375,55.99609375
mtn_knn,20,28,mtnknn_N20_seed28,ok,20,50,0,19,0,4,6,6.186055839061737,6.1587677001953125,2.1503812670707703,1.682459980249405,1.143731713294983,1,-4.503595858812332,-4.50150340795517,-10.19444227218628,0.12555384738057174,0.2317450001547272,1.3303925107719297,0.217580962606324,0.8,OPEN,-4.503595858812332,"neither certificate fires -- constructive search, then UNDETERMINED",,witness,-1.3206648528575897,,,,,,,one_aux_S,0 5 1 2 8 9,2.2771039 0.53750515 1.48100853 0.463736385 0.212074041,WITNESS,pure-path one_aux_S,,0.00011181831359863281,0.00012135505676269531,0.09974312782287598,56.3125,56.3125,56.3125
mtn_knn,20,29,mtnknn_N20_seed29,ok,20,48,0,19,0,6,8,15.355268031358719,9.994263648986816,2.4083699733018875,2.028334602713585,0.8732116967439651,1,-13.326933428645134,-13.325094267725945,-22.941161707043648,0.12803401173128098,0.11763242922804171,1.238151540007788,0.11322319565253501,0.8571428571428571,OPEN,-13.326933428645134,"neither certificate fires -- constructive search, then UNDETERMINED",,witness,-2.056067258119583,,,,,,,one_aux_S,0 16 6 18 3 10 7 5,3.64953256 1.65899646 0.757402778 1.07072878 1.21753693 3.33236837 3.22526979,WITNESS,pure-path one_aux_S,,6.866455078125e-05,9.584426879882812e-05,0.08301758766174316,56.06640625,56.06640625,56.06640625
mtn_knn,20,30,mtnknn_N20_seed30,ok,20,52,0,19,0,6,8,14.779917776584625,7.545815467834473,3.511287212371826,2.8218875527381897,1.386553704738617,1,-11.958030223846436,-11.934300899505615,-18.81444603204727,0.16322421611893087,0.1781786237979611,1.1329088690765121,0.16365184137369465,0.8571428571428571,OPEN,-11.958030223846436,"neither certificate fires -- constructive search, then UNDETERMINED",,witness,-4.450089931488037,,,,,,,one_aux_S,0 10 14 4 8 9 18 6,1.21788692 3.92608762 0.921178579 1.72080874 1.74741721 0.29076606 1.01136541,WITNESS,pure-path one_aux_S,,6.4849853515625e-05,9.1552734375e-05,0.08140134811401367,56.42578125,56.42578125,56.42578125
mtn_knn,20,31,mtnknn_N20_seed31,ok,20,51,0,19,0,6,8,7.758787393569946,5.754615306854248,2.6882257610559464,2.2690441757440567,0.8402787894010544,1,-5.48974321782589,-5.48333777487278,-10.825176939368248,0.1123560102029258,0.25985624022419396,1.306267527541419,0.2506699705926266,0.8571428571428571,OPEN,-5.48974321782589,"neither certificate fires -- constructive search, then UNDETERMINED",,witness,-0.8840918093919754,,,,,,,one_aux_S,0 18 17 1 9 6 10 2,0.888805211 0.983587265 1.03271413 3.31006503 0.371917903 0.154114887 0.266982317,WITNESS,pure-path one_aux_S,,7.224082946777344e-05,9.274482727050781e-05,0.08717894554138184,56.3046875,56.3046875,56.3046875
mtn_knn,20,32,mtnknn_N20_seed32,ok,20,49,0,19,0,4,6,8.674431800842285,6.098265647888184,2.7817787379026413,2.0783490985631943,1.5058188289403915,1,-6.596082702279091,-6.561193451285362,-11.990918710827827,0.17780530362444572,0.21379142763237674,1.1353440999863562,0.19167587192156027,0.8,OPEN,-6.596082702279091,"neither certificate fires -- constructive search, then UNDETERMINED",,witness,-3.398874521255493,,,,,,,one_aux_S,0 5 1 3 6 7,0.281444848 0.703429639 1.38389945 1.11883032 3.57590604,WITNESS,pure-path one_aux_S,,6.461143493652344e-05,7.081031799316406e-05,0.09076571464538574,56.7109375,56.7109375,56.7109375
mtn_knn,20,33,mtnknn_N20_seed33,ok,20,52,0,19,0,5,7,17.821732103824615,8.253375053405762,1.1086737774312496,0.8620585463941097,0.5775225535035133,1,-16.959673557430506,-16.95678537711501,-24.966433379799128,0.21593265771280395,0.044435065930116535,1.0450766756213234,0.040309332325836264,0.8333333333333334,OPEN,-16.959673557430506,"neither certificate fires -- constructive search, then UNDETERMINED",,witness,-12.6975830309093,,,,,,,one_aux_S,0 16 17 2 5 8 1,0.045703318 0.246615231 0.12416216 0.280592114 0.300388724 8.25337505,WITNESS,pure-path one_aux_S,,6.341934204101562e-05,7.653236389160156e-05,0.09394168853759766,56.265625,56.265625,56.265625
mtn_knn,20,34,mtnknn_N20_seed34,ok,20,53,0,19,0,6,8,4.607539847493172,7.447577476501465,3.1857252418994904,2.6436746418476105,1.180326446890831,1,-1.9638652056455612,-1.9562522619962692,-8.869392082095146,0.051555241307557655,0.5185617510664748,1.9622918720746618,0.49180406700166657,0.8571428571428571,OPEN,-1.9638652056455612,"neither certificate fires -- constructive search, then UNDETERMINED",,witness,-1.3092222958803177,,,,,,,one_aux_S,0 15 6 10 18 17 13 7,0.154298529 0.467378408 0.526824713 0.242975309 0.551558435 0.332415432 2.04573345,WITNESS,pure-path one_aux_S,,5.7220458984375e-05,8.559226989746094e-05,0.08705997467041016,56.7734375,56.7734375,56.7734375
mtn_knn,20,35,mtnknn_N20_seed35,ok,20,56,0,19,0,5,7,8.19339644908905,5.696210861206055,1.9325532615184784,1.5402460992336273,1.58523790538311,1,-6.653150349855423,-6.620409920811653,-11.957054048776627,0.14383941621420715,0.1684765524744487,1.2108712351988362,0.15665523131994033,0.8333333333333334,OPEN,-6.60815854370594,"neither certificate fires -- constructive search, then UNDETERMINED",,witness,-0.5858249664306641,,,,,,,one_aux_S,0 11 6 17 3 15 13,0.924966395 0.890282631 0.699248195 1.53043485 3.24180079 0.64167726,WITNESS,pure-path one_aux_S,,8.559226989746094e-05,8.320808410644531e-05,0.08407926559448242,56.390625,56.390625,56.390625
mtn_knn,20,36,mtnknn_N20_seed36,ok,20,52,0,19,0,4,6,9.125251531600952,5.0988569259643555,1.5156311094760895,1.1012717485427856,0.8543478101491928,1,-8.023979783058167,-7.976454079151154,-12.708477348089218,0.22370826599226154,0.11072798773289881,1.0391756258850802,0.09654719059340396,0.8,OPEN,-8.023979783058167,"neither certificate fires -- constructive search, then UNDETERMINED",,witness,-4.6865770518779755,,,,,,,one_aux_S,0 6 12 15 13 8,0.201223955 0.427550048 3.06121755 0.589028955 0.319307953,WITNESS,pure-path one_aux_S,,6.318092346191406e-05,6.866455078125e-05,0.08527135848999023,56.296875,56.296875,56.296875
mtn_knn,20,37,mtnknn_N20_seed37,ok,20,47,0,19,0,4,6,10.809350848197937,5.294584274291992,1.2551873177289963,0.961012676358223,0.6760568469762802,1,-9.848338171839714,-9.829484775662422,-14.848747804760933,0.25519829055991833,0.07741367237535532,0.9932101288132809,0.0711245431740935,0.8,OPEN,-9.848338171839714,"neither certificate fires -- constructive search, then UNDETERMINED",,witness,-8.717869594693184,,,,,,,one_aux_S,0 5 8 18 1 14,0.334231138 0.125414357 0.256467849 1.19627678 0.358182251,WITNESS,pure-path one_aux_S,,8.344650268554688e-05,0.00011205673217773438,0.14089608192443848,55.9375,55.9375,55.9375
mtn_knn,20,38,mtnknn_N20_seed38,ok,20,50,0,19,0,6,8,2.144226312637329,4.713458061218262,1.3614987209439278,1.1024806275963783,0.5161186307668686,1,-1.0417456850409508,-1.0368775352835655,-5.496185652911663,0.03790964589741717,0.4762202733404555,2.398656918851838,0.440710660769903,0.8571428571428571,OPEN,-1.0417456850409508,"neither certificate fires -- constructive search, then UNDETERMINED",,witness,-0.8135017827153206,,,,,,,one_aux_S,0 16 17 8 9 4 15 1,0.184111699 0.0761506185 0.276471496 0.46360904 0.0583259761 0.208510861 0.127089679,WITNESS,pure-path one_aux_S,,7.748603820800781e-05,0.00010204315185546875,0.11326789855957031,55.75,55.75,55.75
mtn_knn,20,39,mtnknn_N20_seed39,ok,20,48,0,19,0,5,7,21.8413724899292,10.132640838623047,2.872607469558716,2.3729110956192017,1.511890023946762,1,-19.468461394309998,-19.451976716518402,-29.10140585899353,0.21555459073093214,0.09394384346507141,1.0456568587663846,0.09053578999798521,0.8333333333333334,OPEN,-19.468461394309998,"neither certificate fires -- constructive search, then UNDETERMINED",,witness,-9.497853100299835,,,,,,,one_aux_S,0 9 18 8 17 6 3,1.74332309 0.466727018 1.05213618 2.49926329 5.85241508 1.45930946,WITNESS,pure-path one_aux_S,,7.700920104980469e-05,7.009506225585938e-05,0.08586597442626953,56.46875,56.46875,56.46875
mtn_knn,20,40,mtnknn_N20_seed40,ok,20,56,0,19,0,5,7,5.54420904815197,5.750332832336426,0.9168589636683464,0.7447560951113701,0.3420916721224785,1,-4.7994529530406,-4.798683486878872,-10.37768291682005,0.09641544602383119,0.11812311802734055,1.4551272949066896,0.1119420414831485,0.8333333333333334,OPEN,-4.7994529530406,"neither certificate fires -- constructive search, then UNDETERMINED",,witness,-4.120784513652325,,,,,,,one_aux_S,0 2 13 10 9 18 8,0.375674963 0.133299515 0.132893324 0.038634412 0.195671991 1.09450066,WITNESS,pure-path one_aux_S,,0.00010538101196289062,0.0001239776611328125,0.14766383171081543,56.71484375,56.71484375,56.71484375
mtn_knn,30,1,mtnknn_N30_seed1,ok,30,71,0,29,0,6,8,6.6002881824970245,4.4889020919799805,1.6509807854890823,1.3718524426221848,0.6354366987943649,1,-5.22843573987484,-5.214692443609238,-9.438209488987923,0.12252974200323423,0.18760326138492361,1.2600802383012466,0.17815487592887647,0.8571428571428571,OPEN,-5.22843573987484,"neither certificate fires -- constructive search, then UNDETERMINED",,witness,-3.323320284485817,,,,,,,one_aux_S,0 19 22 11 7 13 5 2,0.220409855 0.163385093 0.279128343 0.240462095 1.75898361 0.359024137 0.511149526,WITNESS,pure-path one_aux_S,,7.772445678710938e-05,0.00010180473327636719,0.0857703685760498,56.52734375,56.52734375,56.52734375
mtn_knn,30,2,mtnknn_N30_seed2,ok,30,70,0,29,0,7,9,9.272099375724792,5.856459140777588,1.916159525513649,1.5966990739107132,0.8104051649570465,1,-7.675400301814079,-7.655022397637367,-13.212398990988731,0.11308758357764882,0.16073450436948405,1.269039097526552,0.1506791108526771,0.875,OPEN,-7.675400301814079,"neither certificate fires -- constructive search, then UNDETERMINED",,witness,-3.550864040851593,,,,,,,one_aux_S,0 16 6 25 24 7 4 19 27,0.567644119 0.928156734 1.3569448 1.82090938 0.278704643 0.319460452 0.0869061649 0.725018084,WITNESS,pure-path one_aux_S,,6.914138793945312e-05,0.000110626220703125,0.08539462089538574,56.85546875,56.85546875,56.85546875
mtn_knn,30,3,mtnknn_N30_seed3,ok,30,75,0,29,0,7,9,10.684018835425377,8.865669250488281,1.912071768194437,1.5473325587809086,1.0772250145673752,1,-9.136686276644468,-9.131344970315695,-17.63761631771922,0.08607857804850474,0.13919546134520502,1.4231829042919535,0.12672347454537128,0.875,OPEN,-9.136686276644468,"neither certificate fires -- constructive search, then UNDETERMINED",,witness,-1.644233826547861,,,,,,,one_aux_S,0 7 21 1 18 11 19 25 15,3.78268027 0.477321774 0.876152992 0.0535302423 1.20585585 2.04051542 0.364739209 0.477978498,WITNESS,pure-path one_aux_S,,9.226799011230469e-05,0.00011444091796875,0.08867740631103516,56.37890625,56.37890625,56.37890625
mtn_knn,30,4,mtnknn_N30_seed4,ok,30,74,0,29,0,6,8,2.1253171861171722,6.743744373321533,1.6179633438587189,1.349829077720642,0.5043933093547821,1,-0.7754881083965302,-0.7744113504886627,-7.251098215579987,0.02626282310023734,0.5709606621640232,3.1297898558527466,0.5443876141827764,0.8571428571428571,OPEN,-0.7754881083965302,"neither certificate fires -- constructive search, then UNDETERMINED",,witness,-0.46500105410814285,,,,,,,one_aux_S,0 25 1 24 5 22 9 15,0.464996159 0.26598075 0.259091705 0.247274339 0.0072619319 0.379137188 0.0731481165,WITNESS,pure-path one_aux_S,,9.846687316894531e-05,0.00014162063598632812,0.14646625518798828,56.765625,56.765625,56.765625
mtn_knn,30,5,mtnknn_N30_seed5,ok,30,74,0,29,0,4,6,16.398646593093872,8.277120590209961,0.7910047546029091,0.6085133031010628,0.43808596581220627,1,-15.79013328999281,-15.782462932169437,-23.884762428700924,0.24765023075310022,0.032157318597907256,1.0031627526178812,0.02968602559468936,0.8,OPEN,-15.79013328999281,"neither certificate fires -- constructive search, then UNDETERMINED",,witness,-7.191204190254211,,,,,,,one_aux_S,0 9 13 15 2 20,7.44223452 0.501199424 0.471697867 0.708735228 0.167150736,WITNESS,pure-path one_aux_S,,8.869171142578125e-05,0.00011944770812988281,0.14483046531677246,56.62890625,56.62890625,56.62890625
mtn_knn,30,6,mtnknn_N30_seed6,ok,30,76,0,29,0,7,9,21.639379799365997,8.03161334991455,1.1768874917179346,0.9651420507580042,0.4524751454591751,1,-20.674237748607993,-20.67131363414228,-28.494105657562613,0.19244825644967636,0.04230051630359835,1.066455662319085,0.03902603966671893,0.875,OPEN,-20.674237748607993,"neither certificate fires -- constructive search, then UNDETERMINED",,witness,-13.256085276603699,,,,,,,one_aux_S,0 15 19 6 3 25 21 22 9,0.332078427 0.612465799 0.370237768 0.633299887 0.972364008 2.58940864 2.54542327 0.656033456,WITNESS,pure-path one_aux_S,,6.461143493652344e-05,0.00011157989501953125,0.09062814712524414,56.8515625,56.8515625,56.8515625
mtn_knn,30,7,mtnknn_N30_seed7,ok,30,78,0,29,0,7,9,7.660810202360153,4.818274021148682,1.81263966858387,1.5576567500829697,0.5837486535310745,1,-6.1031534522771835,-6.086787395179272,-10.666444554924965,0.11356778928267713,0.18403156012253996,1.2669618669148341,0.1779119466897508,0.875,OPEN,-6.1031534522771835,"neither certificate fires -- constructive search, then UNDETERMINED",,witness,-4.388773411512375,,,,,,,one_aux_S,0 8 2 19 25 10 24 7 3,0.161097124 0.211614072 0.159281597 0.165946811 0.217342168 0.993079245 0.779332042 1.16868746,WITNESS,pure-path one_aux_S,,7.009506225585938e-05,0.0001163482666015625,0.08547163009643555,56.046875,56.265625,56.265625
mtn_knn,30,8,mtnknn_N30_seed8,ok,30,79,0,29,0,5,7,10.19409316778183,4.663842678070068,1.3572899848222733,1.0895245224237442,0.7647353857755661,1,-9.104568645358086,-9.08506789803505,-13.500645861029625,0.21857712344620123,0.09510339275352918,1.0410745854282712,0.08906501903369872,0.8333333333333334,OPEN,-9.104568645358086,"neither certificate fires -- constructive search, then UNDETERMINED",,witness,-6.632417812943459,,,,,,,one_aux_S,0 4 22 24 21 7 28,0.228763968 0.666582584 0.667145133 0.790888667 1.10514259 0.206304818,WITNESS,pure-path one_aux_S,,6.461143493652344e-05,9.250640869140625e-05,0.08400583267211914,56.4296875,56.6484375,56.6484375
mtn_knn,30,9,mtnknn_N30_seed9,ok,30,73,0,29,0,6,8,14.370711170136929,6.64285945892334,0.9288754314184189,0.7825317084789276,0.3995368704199791,1,-13.588179461658001,-13.58431500941515,-20.08469519764185,0.18027767583873816,0.04847752942189124,1.0966874071302508,0.046674201190846025,0.8571428571428571,OPEN,-13.588179461658001,"neither certificate fires -- constructive search, then UNDETERMINED",,witness,-8.658159896731377,,,,,,,one_aux_S,0 21 11 17 15 24 19 13,0.136525035 0.137788609 0.152006656 0.0704223439 3.2006104 0.978480458 2.07343554,WITNESS,pure-path one_aux_S,,9.489059448242188e-05,0.00010967254638671875,0.0863502025604248,56.75390625,56.75390625,56.75390625
mtn_knn,30,10,mtnknn_N30_seed10,ok,30,73,0,29,0,8,10,15.300332695245743,6.789566993713379,2.3832108825445175,2.0305459052324295,0.7230596244335175,1,-13.269786790013313,-13.244339987635612,-19.706688806414604,0.14084415019960664,0.1246096241180455,1.1550023194370458,0.11796669585497192,0.8888888888888888,OPEN,-13.269786790013313,"neither certificate fires -- constructive search, then UNDETERMINED",,witness,-11.506305441260338,,,,,,,one_aux_S,0 10 7 27 28 5 17 3 22 2,0.684130609 0.156961411 0.403211206 0.761846066 0.454221189 0.673564315 0.226690263 0.257069707 0.352664977,WITNESS,pure-path one_aux_S,,7.724761962890625e-05,0.00012946128845214844,0.08685541152954102,56.79296875,57.01171875,57.01171875
mtn_knn,30,11,mtnknn_N30_seed11,ok,30,72,0,29,0,8,10,9.731170311570168,4.401299476623535,2.0392703488469124,1.7171221747994423,0.4218805879354477,1,-8.014048136770725,-8.012972705066204,-12.09319943934679,0.1381860397601746,0.16764851778802067,1.1618310510003491,0.15684966691305072,0.8888888888888888,OPEN,-8.014048136770725,"neither certificate fires -- constructive search, then UNDETERMINED",,witness,-3.208060160279274,,,,,,,one_aux_S,0 28 18 15 9 23 7 13 4 5,0.156586781 0.0935563147 0.961310685 3.03319097 0.0689019561 0.631432354 0.987321019 0.388891011 0.403838128,WITNESS,pure-path one_aux_S,,7.724761962890625e-05,0.00013947486877441406,0.08731722831726074,56.6796875,56.8984375,56.8984375
mtn_knn,30,12,mtnknn_N30_seed12,ok,30,75,0,29,0,5,7,9.359481647610664,8.157773971557617,0.9575564041733742,0.7672447040677071,0.39073092490434647,1,-8.592236943542957,-8.578028120100498,-16.559699214994907,0.11473082829020326,0.07307764317251968,1.3368609409536336,0.06831260648780811,0.8333333333333334,OPEN,-8.592236943542957,"neither certificate fires -- constructive search, then UNDETERMINED",,witness,-3.0039807707071304,,,,,,,one_aux_S,0 11 9 18 13 25 27,2.74207973 1.54440796 0.659058392 0.344341099 0.85817647 0.414874434,WITNESS,pure-path one_aux_S,,7.939338684082031e-05,9.417533874511719e-05,0.09166193008422852,56.05078125,56.05078125,56.05078125
mtn_knn,30,13,mtnknn_N30_seed13,ok,30,77,0,29,0,6,8,7.087070882320404,8.085573196411133,1.9958015978336334,1.647378295660019,0.7136047780513763,1,-5.439692586660385,-5.414396151900291,-13.176842480897903,0.07304234663975416,0.21120872405965488,1.6056680182832959,0.19924148672756584,0.8571428571428571,OPEN,-5.439692586660385,"neither certificate fires -- constructive search, then UNDETERMINED",,witness,-0.015977129340171814,,,,,,,one_aux_S,0 22 18 28 19 16 4 24,2.72198653 0.296589315 0.680747569 1.54875743 1.02014577 0.620130718 0.365472823,WITNESS,pure-path one_aux_S,,7.700920104980469e-05,0.00011539459228515625,0.09274411201477051,56.55078125,56.55078125,56.55078125
mtn_knn,30,14,mtnknn_N30_seed14,ok,30,71,0,29,0,6,8,17.80772179365158,10.746963500976562,1.052100032567978,0.8640347123146057,0.3963496908545494,1,-16.943687081336975,-16.939336381852627,-27.502585262060165,0.13808335870897714,0.04431083512924642,1.2026251431334622,0.04158876641075843,0.8571428571428571,OPEN,-16.943687081336975,"neither certificate fires -- constructive search, then UNDETERMINED",,witness,-1.907771460711956,,,,,,,one_aux_S,0 28 18 12 3 22 2 16,0.108396105 0.0998882651 0.203093156 8.83587742 1.04956245 5.12071657 0.964832723,WITNESS,pure-path one_aux_S,,7.62939453125e-05,9.489059448242188e-05,0.09407639503479004,56.88671875,56.88671875,56.88671875
mtn_knn,30,15,mtnknn_N30_seed15,ok,30,71,0,29,0,8,10,7.288902431726456,11.928755760192871,3.4555840343236923,2.986875042319298,1.0260242372751236,1,-4.302027389407158,-4.296997025609016,-15.762074157595634,0.03818976690788896,0.3792707137121274,2.1092512483932278,0.3642523771563626,0.8888888888888888,OPEN,-4.302027389407158,"neither certificate fires -- constructive search, then UNDETERMINED",,witness,-3.8194550126791,,,,,,,one_aux_S,0 11 26 25 15 6 2 16 3 21,0.458648264 0.468708992 0.643277884 0.134929135 0.475668937 0.29448539 0.287611127 0.386779249 0.638676882,WITNESS,pure-path one_aux_S,,7.200241088867188e-05,0.00011324882507324219,0.08911633491516113,56.4453125,56.4453125,56.4453125
mtn_knn,30,16,mtnknn_N30_seed16,ok,30,74,0,29,0,7,9,9.854624301195145,4.931689262390137,1.9933631494641304,1.641580380499363,0.42708074301481247,1,-8.213043920695782,-8.207458458840847,-12.792950414121151,0.14273035026106007,0.15732650107283092,1.1670121309054904,0.1457572393462774,0.875,OPEN,-8.213043920695782,"neither certificate fires -- constructive search, then UNDETERMINED",,witness,-0.0786377415060997,,,,,,,one_aux_S,0 25 12 21 1 3 23 13 6,0.578153849 0.549115062 0.810868382 1.67599833 4.35674953 0.400385678 1.32627785 0.156875744,WITNESS,pure-path one_aux_S,,7.987022399902344e-05,0.00017881393432617188,0.13142085075378418,56.55859375,56.55859375,56.77734375
mtn_knn,30,17,mtnknn_N30_seed17,ok,30,82,0,29,0,6,8,15.831970691680908,5.777369022369385,1.4588068723678589,1.2023293375968933,0.46017999947071075,1,-14.629641354084015,-14.628698870539665,-20.150532841682434,0.22836188684937625,0.06910732565029346,1.0236884024838346,0.06509410759558845,0.8571428571428571,OPEN,-14.629641354084015,"neither certificate fires -- constructive search, then UNDETERMINED",,witness,-13.318563491106033,,,,,,,one_aux_S,0 1 20 22 14 21 26 5,0.177614048 0.127598152 0.134219959 0.0981865078 0.256477535 0.864919364 1.70878327,WITNESS,pure-path one_aux_S,,6.008148193359375e-05,9.584426879882812e-05,0.08417201042175293,56.61328125,56.61328125,56.61328125
mtn_knn,30,18,mtnknn_N30_seed18,ok,30,79,0,29,0,7,9,14.624027997255325,8.404520034790039,1.8190698772668839,1.490766480565071,0.8935945183038712,1,-13.133261516690254,-13.119189739227295,-21.20947815477848,0.12428710075666753,0.09674708821869536,1.2247715141939457,0.08919708514912951,0.875,OPEN,-13.133261516690254,"neither certificate fires -- constructive search, then UNDETERMINED",,witness,-7.927330985665321,,,,,,,one_aux_S,0 16 12 28 13 2 17 11 9,0.0835704952 0.428741455 1.7995137 0.36370042 1.24319017 0.265476435 0.528605223 3.96779823,WITNESS,pure-path one_aux_S,,0.0001220703125,0.00017976760864257812,0.13814043998718262,56.73828125,56.95703125,56.95703125
mtn_knn,30,19,mtnknn_N30_seed19,ok,30,75,0,29,0,5,7,9.011101007461548,8.023807525634766,1.5118603110313416,1.20551136136055,0.8839748054742813,1,-7.805589646100998,-7.777371622622013,-15.523048222064972,0.1123045509089362,0.11984109614031004,1.350311332575131,0.11148391304258481,0.8333333333333334,OPEN,-7.805589646100998,"neither certificate fires -- constructive search, then UNDETERMINED",,witness,-6.2352184653282166,,,,,,,one_aux_S,0 2 21 14 7 15 19,0.182915777 0.535332322 1.05262649 0.421276569 0.231821001 0.703820765,WITNESS,pure-path one_aux_S,,0.00010824203491210938,0.00014495849609375,0.09675335884094238,56.12109375,56.33984375,56.33984375
mtn_knn,30,20,mtnknn_N30_seed20,ok,30,79,0,29,0,5,7,10.107550472021103,6.466497898101807,1.3299430459737778,1.026018962264061,0.7479032129049301,1,-9.081531509757042,-9.052032113075256,-15.244105324149132,0.15630640620772646,0.09398511748047149,1.1712636025345493,0.08459179147841038,0.8333333333333334,OPEN,-9.081531509757042,"neither certificate fires -- constructive search, then UNDETERMINED",,witness,-2.5034106448292732,,,,,,,one_aux_S,0 27 18 7 25 26 8,0.0797098652 1.36557984 4.03586388 1.39071906 0.511156797 0.442220777,WITNESS,pure-path one_aux_S,,7.43865966796875e-05,9.1552734375e-05,0.08266210556030273,56.52734375,56.52734375,56.74609375
mtn_knn,30,21,mtnknn_N30_seed21,ok,30,72,0,29,0,6,8,12.564864039421082,6.629741191864014,1.1673745177686214,0.9529092870652676,0.36400504410266876,1,-11.611954752355814,-11.608916830271482,-18.027230713516474,0.15793557742043565,0.06968088835498498,1.1457309747481443,0.06500503199640821,0.8571428571428571,OPEN,-11.611954752355814,"neither certificate fires -- constructive search, then UNDETERMINED",,witness,-7.213498622179031,,,,,,,one_aux_S,0 12 21 24 10 27 3 16,0.158877179 0.208389387 0.376446277 1.97397411 1.41448367 0.950638115 0.537113369,WITNESS,pure-path one_aux_S,,6.4849853515625e-05,9.799003601074219e-05,0.08574342727661133,56.23046875,56.23046875,56.23046875
mtn_knn,30,22,mtnknn_N30_seed22,ok,30,76,0,29,0,6,8,6.096173882484436,4.019480228424072,2.7094260901212692,2.1227768510580063,0.44552646577358246,1,-3.9733970314264297,-3.931244120001793,-7.406228020787239,0.12638810526161362,0.3333352372755486,1.2445085605218136,0.2984696713491788,0.8571428571428571,OPEN,-3.9733970314264297,"neither certificate fires -- constructive search, then UNDETERMINED",,witness,-0.29973332583904266,,,,,,,one_aux_S,0 10 23 3 8 11 16 28,1.17189538 0.915363193 1.09550476 0.807422221 0.963647306 0.602484047 0.480247289,WITNESS,pure-path one_aux_S,,5.7697296142578125e-05,9.846687316894531e-05,0.08185243606567383,56.3671875,56.3671875,56.3671875
mtn_knn,30,23,mtnknn_N30_seed23,ok,30,76,0,29,0,5,7,6.717748999595642,7.4989824295043945,1.3602438196539879,1.0076948329806328,0.9110034853219986,1,-5.710054166615009,-5.658565059304237,-12.856487609446049,0.08958214081373192,0.14463218682072823,1.5116385212150867,0.1250040295046858,0.8333333333333334,OPEN,-5.710054166615009,"neither certificate fires -- constructive search, then UNDETERMINED",,witness,-0.7298739552497864,,,,,,,one_aux_S,0 26 9 20 11 15 22,2.61237335 0.549354374 0.533643723 0.710253119 1.21506369 0.734373569,WITNESS,pure-path one_aux_S,,0.000118255615234375,0.00014925003051757812,0.14051580429077148,56.7890625,56.7890625,56.7890625
mtn_knn,30,24,mtnknn_N30_seed24,ok,30,76,0,29,0,7,9,18.943205654621124,8.79245376586914,2.519460305571556,2.0265551060438156,1.297607108950615,1,-16.91665054857731,-16.84634879231453,-25.21619911491871,0.15389175242975753,0.10344501735316028,1.1387818905934621,0.09360800648626039,0.875,OPEN,-16.91665054857731,"neither certificate fires -- constructive search, then UNDETERMINED",,witness,-4.01120063662529,,,,,,,one_aux_S,0 17 10 12 26 14 16 6 2,0.352301687 1.9212184 0.832046688 3.83509016 0.30379802 0.932759523 5.74853563 2.01250982,WITNESS,pure-path one_aux_S,,7.176399230957031e-05,0.00011110305786132812,0.08431482315063477,55.921875,55.921875,55.921875
mtn_knn,30,25,mtnknn_N30_seed25,ok,30,74,0,29,0,7,9,12.31971824169159,9.090206146240234,1.9842047970741987,1.6403859537094831,0.7916767299175262,1,-10.679332287982106,-10.663444625213742,-19.425719590857625,0.09680527154717028,0.12526831924627474,1.3516675532791564,0.11650734873452066,0.875,OPEN,-10.679332287982106,"neither certificate fires -- constructive search, then UNDETERMINED",,witness,-0.9829396605491638,,,,,,,one_aux_S,0 9 20 10 24 23 12 7 25,0.385463953 4.44860268 1.45003271 3.26819658 0.228336275 0.802069306 0.250654936 1.00684428,WITNESS,pure-path one_aux_S,,7.271766662597656e-05,0.00010418891906738281,0.08432793617248535,56.10546875,56.10546875,56.10546875
mtn_knn,30,26,mtnknn_N30_seed26,ok,30,74,0,29,0,6,8,9.21127325296402,6.512216091156006,2.0928921848535538,1.7364896386861801,0.6808953434228897,1,-7.47478361427784,-7.471395209431648,-13.630597159266472,0.11787171888477796,0.17040740140187183,1.280237452981364,0.1615867480452275,0.8571428571428571,OPEN,-7.47478361427784,"neither certificate fires -- constructive search, then UNDETERMINED",,witness,-2.923681363463402,,,,,,,one_aux_S,0 27 12 14 21 16 25 8,0.479673535 0.937821448 2.16044688 1.31675184 0.356402546 0.861682773 0.349625736,WITNESS,pure-path one_aux_S,,7.081031799316406e-05,9.751319885253906e-05,0.09243130683898926,56.41796875,56.63671875,56.63671875
mtn_knn,30,27,mtnknn_N30_seed27,ok,30,74,0,29,0,6,8,8.756251335144043,5.624703407287598,1.8387234471738338,1.487164732068777,0.7100951038300991,1,-7.269086603075266,-7.254261214286089,-12.542231295257807,0.12972908230442698,0.15749234833466436,1.2317732376564203,0.145577437044474,0.8571428571428571,OPEN,-7.269086603075266,"neither certificate fires -- constructive search, then UNDETERMINED",,witness,-2.190706640481949,,,,,,,one_aux_S,0 17 26 24 16 9 22 6,0.569780469 0.359912664 0.987812042 2.16026783 1.30926466 0.321907938 1.71319818,WITNESS,pure-path one_aux_S,,6.413459777832031e-05,9.918212890625e-05,0.0919790267944336,56.4140625,56.4140625,56.4140625
mtn_knn,30,28,mtnknn_N30_seed28,ok,30,73,0,29,0,7,9,7.813947767019272,6.311156272888184,2.8331691324710846,2.4648374021053314,0.8935912549495697,1,-5.34911036491394,-5.347741097211838,-11.29193490743637,0.08843690475758736,0.28200546735450427,1.4059720334206882,0.2760106403507324,0.875,OPEN,-5.34911036491394,"neither certificate fires -- constructive search, then UNDETERMINED",,witness,-1.8380707502365112,,,,,,,one_aux_S,0 25 21 5 26 10 17 11 13,1.40434444 0.310263127 0.564320862 0.323801428 0.424197912 0.988387942 1.56863773 0.783847153,WITNESS,pure-path one_aux_S,,6.508827209472656e-05,0.00011229515075683594,0.08918094635009766,56.7734375,56.7734375,56.7734375
mtn_knn,30,29,mtnknn_N30_seed29,ok,30,72,0,29,0,7,9,7.284086748957634,8.2277250289917,1.566525388509035,1.3038892932236195,0.2657943405210972,1,-5.9801974557340145,-5.971934165805578,-13.945286389440298,0.06323642426144525,0.16726992380772834,1.656315048099486,0.1566295365350958,0.875,OPEN,-5.9801974557340145,"neither certificate fires -- constructive search, then UNDETERMINED",,witness,-0.022225508466362953,,,,,,,one_aux_S,0 23 17 12 26 9 4 19 29,1.37716031 1.57206154 0.963154197 1.72699797 1.20761979 0.234298825 0.1574433 0.0462506227,WITNESS,pure-path one_aux_S,,5.269050598144531e-05,0.00010895729064941406,0.08585333824157715,56.6015625,56.8203125,56.8203125
mtn_knn,30,30,mtnknn_N30_seed30,ok,30,76,0,29,0,7,9,14.645299077033997,9.825319290161133,2.273442603647709,1.871977038681507,0.5014502331614494,1,-12.77332203835249,-12.763385437428951,-22.19717576354742,0.10646908872104026,0.12073725001241474,1.29957763746397,0.11184339085399181,0.875,OPEN,-12.77332203835249,"neither certificate fires -- constructive search, then UNDETERMINED",,witness,-4.116402760148048,,,,,,,one_aux_S,0 10 14 4 8 25 9 6 7,1.21788692 3.92608762 0.921178579 1.72080874 0.661508143 1.1218282 0.811753869 0.29568848,WITNESS,pure-path one_aux_S,,5.4836273193359375e-05,0.00012421607971191406,0.08702206611633301,56.328125,56.328125,56.328125
mtn_knn,30,31,mtnknn_N30_seed31,ok,30,76,0,29,0,5,7,4.2452822625637054,6.6077070236206055,1.8653358668088913,1.5239616185426712,0.9539807438850403,1,-2.7213206440210342,-2.715840831398964,-8.98765341937542,0.06424743481192602,0.31385021762998894,1.8260588401337272,0.29914807471136173,0.8333333333333334,OPEN,-2.7213206440210342,"neither certificate fires -- constructive search, then UNDETERMINED",,witness,-0.24042727053165436,,,,,,,one_aux_S,0 18 17 1 28 22 21,0.888805211 0.983587265 1.03271413 0.697560966 0.272632331 0.259110183,WITNESS,pure-path one_aux_S,,7.104873657226562e-05,8.893013000488281e-05,0.08708381652832031,56.21875,56.21875,56.21875
mtn_knn,30,32,mtnknn_N30_seed32,ok,30,74,0,29,0,6,8,15.50810045003891,5.915850639343262,1.2567750485613942,0.9753302009776235,0.40960216522216797,1,-14.532770249061286,-14.52692701201886,-20.167176040820777,0.21845407921140084,0.06077993171747096,1.0361013180693135,0.05390713826086803,0.8571428571428571,OPEN,-14.532770249061286,"neither certificate fires -- constructive search, then UNDETERMINED",,witness,-8.086933240294456,,,,,,,one_aux_S,0 5 1 24 3 6 7 19,0.281444848 0.703429639 0.55219841 1.05447876 1.11883032 3.57590604 0.269758373,WITNESS,pure-path one_aux_S,,9.560585021972656e-05,0.00015044212341308594,0.13983368873596191,56.62109375,56.62109375,56.62109375
mtn_knn,30,33,mtnknn_N30_seed33,ok,30,76,0,29,0,7,9,2.491914987564087,5.864651203155518,0.984040935523808,0.783071001060307,0.49076989386230707,1,-1.7088439865037799,-1.6947431592270732,-7.3725252551957965,0.030350300728435163,0.30713935904460277,2.608255704591387,0.2749640855916827,0.875,OPEN,-1.7088439865037799,"neither certificate fires -- constructive search, then UNDETERMINED",,witness,-1.0471444688737392,,,,,,,one_aux_S,0 16 17 2 5 8 19 27 28,0.045703318 0.246615231 0.12416216 0.280592114 0.300388724 0.200969934 0.0694721043 0.353733867,WITNESS,pure-path one_aux_S,,8.797645568847656e-05,0.00011086463928222656,0.08702421188354492,56.59765625,56.59765625,56.59765625
mtn_knn,30,34,mtnknn_N30_seed34,ok,30,79,0,29,0,6,8,6.34220814704895,7.998587608337402,1.7985422015190125,1.4661267697811127,0.8852623850107193,1,-4.8760813772678375,-4.8545631766319275,-12.54225355386734,0.0660763339063146,0.2126872249954316,1.6958757213833133,0.19814551324187432,0.8571428571428571,OPEN,-4.8760813772678375,"neither certificate fires -- constructive search, then UNDETERMINED",,witness,-4.5407423079013824,,,,,,,one_aux_S,0 15 22 6 18 10 19 24,0.154298529 0.28937903 0.178058952 0.410526425 0.242975309 0.253416598 0.545621991,WITNESS,pure-path one_aux_S,,7.700920104980469e-05,0.0001163482666015625,0.09739971160888672,56.26953125,56.26953125,56.26953125
mtn_knn,30,35,mtnknn_N30_seed35,ok,30,73,0,29,0,7,9,11.0327408015728,5.094600677490234,1.9994899220764637,1.711588341742754,0.4247638024389744,1,-9.321152459830046,-9.313705336302519,-14.12785155698657,0.15468394174247188,0.1409585212098878,1.1369330651963525,0.135745036157417,0.875,OPEN,-9.321152459830046,"neither certificate fires -- constructive search, then UNDETERMINED",,witness,-4.554764956235886,,,,,,,one_aux_S,0 11 6 25 17 3 27 26 13,0.924966395 0.890282631 0.470880568 0.252887428 1.53043485 0.273007333 0.643425584 2.98418212,WITNESS,pure-path one_aux_S,,5.888938903808594e-05,0.00011038780212402344,0.08666038513183594,56.69921875,56.69921875,56.69921875
mtn_knn,30,36,mtnknn_N30_seed36,ok,30,73,0,29,0,6,8,9.070378720760345,5.121486186981201,1.4735279381275177,1.2197767198085785,0.5803468525409698,1,-7.850602000951767,-7.8266992419958115,-12.718336969614029,0.14758702177467573,0.12184121386973319,1.1734789702269355,0.11526783333755042,0.8571428571428571,OPEN,-7.850602000951767,"neither certificate fires -- constructive search, then UNDETERMINED",,witness,-5.68092805147171,,,,,,,one_aux_S,0 6 20 22 12 26 25 4,0.201223955 0.139660761 0.312141031 0.572025716 0.291629016 0.811192274 2.12315583,WITNESS,pure-path one_aux_S,,6.127357482910156e-05,9.822845458984375e-05,0.08818650245666504,56.7734375,56.9921875,56.9921875
mtn_knn,30,37,mtnknn_N30_seed37,ok,30,75,0,29,0,8,10,11.430179446935654,2.920175075531006,2.0579371750354767,1.7637625336647034,0.6760568469762802,1,-9.66641691327095,-9.647563517093658,-12.292417347431183,0.24463814564391284,0.14403533624922707,1.004383498200556,0.13716223144977677,0.8888888888888888,OPEN,-9.66641691327095,"neither certificate fires -- constructive search, then UNDETERMINED",,witness,-5.978656530380249,,,,,,,one_aux_S,0 18 8 5 11 22 25 12 13 6,0.439919829 0.256467849 0.125414357 0.882265747 1.50035822 0.232901961 0.355761975 1.56957948 0.177706987,WITNESS,pure-path one_aux_S,,6.222724914550781e-05,0.00011610984802246094,0.08689665794372559,56.546875,56.765625,56.765625
mtn_knn,30,38,mtnknn_N30_seed38,ok,30,79,0,29,0,8,10,2.3409181982278824,6.2568840980529785,1.1955533549189568,1.0185241475701332,0.36872459203004837,1,-1.3223940506577492,-1.3121022135019302,-7.402248941361904,0.023383426174502845,0.4085758676485192,2.9382666349604367,0.3867520012128098,0.8888888888888888,OPEN,-1.3223940506577492,"neither certificate fires -- constructive search, then UNDETERMINED",,witness,-0.8397232368588448,,,,,,,one_aux_S,0 16 17 27 8 28 25 9 4 15,0.184111699 0.0761506185 0.177029207 0.132887304 0.0729982778 0.538990915 0.156445533 0.0583259761 0.208510861,WITNESS,pure-path one_aux_S,,0.00012803077697753906,0.00022649765014648438,0.13950610160827637,56.73828125,56.95703125,56.95703125
mtn_knn,30,39,mtnknn_N30_seed39,ok,30,72,0,29,0,7,9,3.002142161130905,8.745659828186035,3.6030639708042145,3.0943603217601776,1.5878497958183289,1,0.09221816062927246,0.09672179818153381,-8.144738018512726,0.024519445074225127,0.9334611547334661,3.043553181233202,0.901877771344518,0.875,LIGHT_EDGE_SUM,0.09221816062927246,closes BOTH legs at once,,ok,0.47364115715026855,0.708052784204483,0.47364115715026855,0.5320734679698944,1.005714625120163,one_aux_S,545,,,,CERTIFIED,LIGHT_EDGE_SUM,,0.00014400482177734375,0.0004544258117675781,0.13860321044921875,56.53125,56.53125,56.53125
mtn_knn,30,40,mtnknn_N30_seed40,ok,30,80,0,29,0,6,8,10.92821741104126,7.408736705780029,0.9762972220778465,0.8041943535208702,0.3420916721224785,1,-10.12402305752039,-10.123253591358662,-17.360656894743443,0.12292038716168101,0.06700296022831571,1.2584591860078653,0.06307611021524809,0.8571428571428571,OPEN,-10.12402305752039,"neither certificate fires -- constructive search, then UNDETERMINED",,witness,-8.809618405997753,,,,,,,one_aux_S,0 2 13 10 9 18 8 14,0.375674963 0.133299515 0.132893324 0.038634412 0.195671991 1.09450066 0.29584828,WITNESS,pure-path one_aux_S,,6.628036499023438e-05,9.846687316894531e-05,0.08828282356262207,56.5859375,56.5859375,56.5859375
mtn_knn,40,1,mtnknn_N40_seed1,ok,40,96,0,39,0,7,9,7.563297688961029,4.4889020919799805,1.408354490995407,1.207878977060318,0.5182881504297256,1,-6.355418711900711,-6.345300905406475,-10.643845289945602,0.120349149556348,0.14482926249597805,1.239397621045089,0.13973985269287528,0.875,OPEN,-6.355418711900711,"neither certificate fires -- constructive search, then UNDETERMINED",,witness,-4.084798201918602,,,,,,,one_aux_S,0 19 22 38 11 29 7 5 13,0.220409855 0.163385093 0.129626378 0.163064823 0.207594469 0.35173136 2.06317544 0.359024137,WITNESS,pure-path one_aux_S,,7.915496826171875e-05,0.00013780593872070312,0.08691573143005371,56.765625,56.765625,56.765625
mtn_knn,40,2,mtnknn_N40_seed2,ok,40,99,0,39,0,8,10,9.2954942882061,4.260664463043213,1.6348604736849666,1.3697341857478023,0.5266106873750687,1,-7.925760102458298,-7.9157249899581075,-11.921298277564347,0.13635628856770385,0.14070132672851948,1.1666864251381697,0.13098189947653222,0.8888888888888888,OPEN,-7.925760102458298,"neither certificate fires -- constructive search, then UNDETERMINED",,witness,-4.150500071235001,,,,,,,one_aux_S,0 16 36 6 32 25 35 24 7 4,0.567644119 0.378513426 0.551762104 1.10132992 0.276636988 1.81843102 0.0122417687 0.278704643 0.319460452,WITNESS,pure-path one_aux_S,,6.461143493652344e-05,0.00014853477478027344,0.08601522445678711,56.66796875,56.66796875,56.66796875
mtn_knn,40,3,mtnknn_N40_seed3,ok,40,101,0,39,0,7,9,10.080915197730064,6.152065277099609,1.8693805672228336,1.5153239704668522,0.909087747335434,1,-8.565591227263212,-8.559571977704763,-14.36359990760684,0.11704449462634896,0.1442292326517069,1.2524310772166816,0.13152659735269398,0.875,OPEN,-8.565591227263212,"neither certificate fires -- constructive search, then UNDETERMINED",,witness,-0.5149447210133076,,,,,,,one_aux_S,0 30 7 21 1 18 37 11 36,2.7439754 1.16663218 0.477321774 0.876152992 0.0535302423 1.13471794 2.34046459 1.54635072,WITNESS,pure-path one_aux_S,,8.296966552734375e-05,0.00012493133544921875,0.08469319343566895,56.9375,56.9375,56.9375
mtn_knn,40,4,mtnknn_N40_seed4,ok,40,96,0,39,0,9,11,3.1361956521868706,6.743744373321533,1.7961932271718979,1.548466682434082,0.5043933093547821,1,-1.5877289697527885,-1.5875028669834137,-8.083746798336506,0.025836253888482357,0.4685972443679046,2.5775137109067465,0.4443664135618905,0.9,OPEN,-1.5877289697527885,"neither certificate fires -- constructive search, then UNDETERMINED",,witness,-0.34313035756349564,,,,,,,one_aux_S,0 36 37 25 13 29 1 32 30 24 5,0.213702857 0.17489931 0.100111611 0.417243749 0.353833735 0.679008007 0.247726545 0.0763016269 0.406600684 0.247274339,WITNESS,pure-path one_aux_S,,0.00011730194091796875,0.0002529621124267578,0.13923048973083496,57.04296875,57.04296875,57.04296875
mtn_knn,40,5,mtnknn_N40_seed5,ok,40,99,0,39,0,7,9,7.829276144504547,8.423236846923828,1.1806085258722305,0.9981170743703842,0.2926566004753113,1,-6.831159070134163,-6.823488712310791,-15.071904465556145,0.06639181830984439,0.1172842876825761,1.6145609382612425,0.11154957673668231,0.875,OPEN,-6.831159070134163,"neither certificate fires -- constructive search, then UNDETERMINED",,witness,-1.250410083681345,,,,,,,one_aux_S,0 36 23 11 24 17 5 18 19,2.49209642 0.925991118 1.43036401 0.124171853 1.19874179 0.194704637 0.18878147 0.0480295047,WITNESS,pure-path one_aux_S,,7.605552673339844e-05,0.00013566017150878906,0.08687543869018555,56.96875,56.96875,56.96875
mtn_knn,40,6,mtnknn_N40_seed6,ok,40,98,0,39,0,8,10,18.145952820777893,6.204640865325928,0.9850360471755266,0.7922815252095461,0.29042260721325874,1,-17.353671295568347,-17.344951225444674,-23.365557638928294,0.18278609123640926,0.043427250446617195,1.0735437891460335,0.0388103204933009,0.8888888888888888,OPEN,-17.353671295568347,"neither certificate fires -- constructive search, then UNDETERMINED",,witness,-9.7326720058918,,,,,,,one_aux_S,0 15 19 6 30 3 25 21 22 29,0.332078427 0.612465799 0.370237768 0.331187904 0.450120956 0.972364008 2.58940864 2.54542327 0.419988096,WITNESS,pure-path one_aux_S,,7.43865966796875e-05,0.0001468658447265625,0.0899662971496582,56.9609375,56.9609375,56.9609375
mtn_knn,40,7,mtnknn_N40_seed7,ok,40,100,0,39,0,8,10,7.882948637008667,4.030517578125,1.9075820446014404,1.689674124121666,0.5837486535310745,1,-6.193274512887001,-6.192991636693478,-10.005884170532227,0.12223846696191282,0.19359071154118881,1.2090365434276842,0.19052928338560768,0.8888888888888888,OPEN,-6.193274512887001,"neither certificate fires -- constructive search, then UNDETERMINED",,witness,-5.076291613280773,,,,,,,one_aux_S,0 8 2 19 25 10 36 24 7 31,0.161097124 0.211614072 0.159281597 0.165946811 0.217342168 0.74739784 0.268183827 0.779332042 0.192923084,WITNESS,pure-path one_aux_S,,7.677078247070312e-05,0.00014853477478027344,0.09121251106262207,56.4765625,56.4765625,56.4765625
mtn_knn,40,8,mtnknn_N40_seed8,ok,40,100,0,39,0,7,9,12.639021635055542,5.078142166137695,1.6447634175419807,1.3769979551434517,0.7647353857755661,1,-11.26202367991209,-11.242522932589054,-16.072400383651257,0.17777904401078656,0.10121514724825165,1.0902755519934204,0.09532962641733982,0.875,OPEN,-11.26202367991209,"neither certificate fires -- constructive search, then UNDETERMINED",,witness,-6.927924618124962,,,,,,,one_aux_S,0 4 29 22 21 30 24 7 28,0.228763968 0.659146905 0.284694761 1.36851573 0.223179996 0.997921765 1.84572148 0.206304818,WITNESS,pure-path one_aux_S,,9.012222290039062e-05,0.00013518333435058594,0.09064269065856934,56.875,56.875,56.875
mtn_knn,40,9,mtnknn_N40_seed9,ok,40,100,0,39,0,8,10,10.210996232926846,8.405031204223633,1.2288658618927002,1.0768592059612274,0.3995368704199791,1,-9.134137026965618,-9.132125586271286,-17.387161575257778,0.0759291963410238,0.09627784273820751,1.4585082209409017,0.09374287887698844,0.8888888888888888,OPEN,-9.134137026965618,"neither certificate fires -- constructive search, then UNDETERMINED",,witness,-3.9691865891218185,,,,,,,one_aux_S,0 21 11 17 15 32 24 19 37 33,0.136525035 0.137788609 0.152006656 0.0704223439 1.88327539 1.33609903 0.978480458 0.428342581 2.23773909,WITNESS,pure-path one_aux_S,,9.250640869140625e-05,0.000141143798828125,0.09781002998352051,56.44140625,56.44140625,56.44140625
mtn_knn,40,10,mtnknn_N40_seed10,ok,40,101,0,39,0,8,10,12.713177278637886,6.789566993713379,2.0862501859664917,1.8341111540794373,0.7066850662231445,1,-10.879066124558449,-10.872646436095238,-17.416494086384773,0.11702860884215185,0.13128111975419673,1.2272459571611243,0.12823867630539834,0.8888888888888888,OPEN,-10.879066124558449,"neither certificate fires -- constructive search, then UNDETERMINED",,witness,-9.505254864692688,,,,,,,one_aux_S,0 10 7 32 27 35 38 23 1 2,0.684130609 0.156961411 0.200683534 0.202925414 0.57417202 0.698463976 0.216609612 0.207172424 0.533606827,WITNESS,pure-path one_aux_S,,7.462501525878906e-05,0.00014352798461914062,0.08867025375366211,56.7578125,56.7578125,56.7578125
mtn_knn,40,11,mtnknn_N40_seed11,ok,40,99,0,39,0,7,9,10.326815858483315,4.554276466369629,1.3442944064736366,1.1123903021216393,0.4218805879354477,1,-9.214425556361675,-9.19805283844471,-13.536797918379307,0.16196419115622326,0.10124730899382206,1.1207891258971234,0.0942537881661606,0.875,OPEN,-9.214425556361675,"neither certificate fires -- constructive search, then UNDETERMINED",,witness,-4.681323558092117,,,,,,,one_aux_S,0 28 18 15 9 23 34 7 10,0.156586781 0.0935563147 0.961310685 3.03319097 0.0689019561 0.579908907 0.139583945 1.22490549,WITNESS,pure-path one_aux_S,,7.009506225585938e-05,0.000125885009765625,0.08711767196655273,56.84375,56.84375,56.84375
mtn_knn,40,12,mtnknn_N40_seed12,ok,40,93,0,39,0,6,8,14.862727880477905,8.157773971557617,1.0566783249378204,0.8827356398105621,0.39073092490434647,1,-13.979992240667343,-13.973967924714088,-21.963823527097702,0.1518258119218282,0.05332189017228259,1.1616559576324208,0.050907919090874464,0.8571428571428571,OPEN,-13.979992240667343,"neither certificate fires -- constructive search, then UNDETERMINED",,witness,-0.8390955775976181,,,,,,,one_aux_S,0 31 1 6 12 24 36 16,3.56370091 1.34456515 2.21462607 1.09338808 5.38579273 0.269015849 0.305087,WITNESS,pure-path one_aux_S,,0.00010895729064941406,0.00017571449279785156,0.1362628936767578,56.9296875,56.9296875,56.9296875
mtn_knn,40,13,mtnknn_N40_seed13,ok,40,102,0,39,0,8,10,7.881716549396515,8.085573196411133,1.82696183770895,1.5470701679587364,0.7136047780513763,1,-6.3346463814377785,-6.326133839786053,-14.140327908098698,0.06092422545329639,0.18543796405353719,1.6206915989162514,0.17447639407119783,0.8888888888888888,OPEN,-6.3346463814377785,"neither certificate fires -- constructive search, then UNDETERMINED",,witness,-1.0920989513397217,,,,,,,one_aux_S,0 29 18 22 28 19 36 30 16 35,1.61021066 1.25363874 0.296589315 0.385369599 1.54875743 1.05235541 0.184082866 0.246650934 0.423925281,WITNESS,pure-path one_aux_S,,7.033348083496094e-05,0.0001316070556640625,0.08693933486938477,56.82421875,56.82421875,56.82421875
mtn_knn,40,14,mtnknn_N40_seed14,ok,40,97,0,39,0,7,9,8.464325875043869,10.000277519226074,0.9328752811998129,0.7897400762885809,0.2394119556993246,1,-7.674585798755288,-7.6707634050399065,-17.53172811307013,0.060457792716043166,0.08572090369236281,1.6966924959595624,0.08163940955887722,0.875,OPEN,-7.674585798755288,"neither certificate fires -- constructive search, then UNDETERMINED",,witness,-2.020418578758836,,,,,,,one_aux_S,0 28 18 32 37 33 34 2 16,0.108396105 0.0998882651 0.0235266071 0.134209767 2.32843971 2.0438025 1.22322798 0.964832723,WITNESS,pure-path one_aux_S,,7.200241088867188e-05,0.0001289844512939453,0.0868985652923584,56.61328125,56.61328125,56.61328125
mtn_knn,40,15,mtnknn_N40_seed15,ok,40,98,0,39,0,9,11,10.371757537126541,11.55512809753418,2.409454006701708,2.0660572834312916,1.0260242372751236,1,-8.30570025369525,-8.283613827079535,-19.517431627959013,0.049866063551952,0.19007110925722928,1.7297144762026286,0.1792802761183055,0.9,OPEN,-8.30570025369525,"neither certificate fires -- constructive search, then UNDETERMINED",,witness,-6.710210770368576,,,,,,,one_aux_S,0 11 26 33 15 25 6 2 16 3 1,0.458648264 0.468708992 0.163452372 0.634630561 0.134929135 0.415426165 0.29448539 0.287611127 0.386779249 0.833751023,WITNESS,pure-path one_aux_S,,0.0001647472381591797,0.0002295970916748047,0.1390550136566162,56.953125,56.953125,56.953125
mtn_knn,40,16,mtnknn_N40_seed16,ok,40,98,0,39,0,7,9,12.44333478808403,4.931689262390137,1.3099734745919704,1.1190121285617352,0.33733800426125526,1,-11.324322659522295,-11.32158723846078,-16.065050575882196,0.18022417480730069,0.08188064336191166,1.0860358436835125,0.07868755676566357,0.875,OPEN,-11.324322659522295,"neither certificate fires -- constructive search, then UNDETERMINED",,witness,-2.2196688055992126,,,,,,,one_aux_S,0 25 12 29 1 21 4 22 31,0.578153849 0.549115062 1.67595339 0.529530942 1.67599833 3.22264361 0.351782769 3.28097606,WITNESS,pure-path one_aux_S,,6.4849853515625e-05,0.00012922286987304688,0.0875852108001709,56.91796875,56.91796875,56.91796875
mtn_knn,40,17,mtnknn_N40_seed17,ok,40,107,0,39,0,7,9,16.00251543521881,7.181656360626221,1.7165294885635376,1.4588068723678589,0.46017999947071075,1,-14.543708562850952,-14.543086022138596,-21.467642307281494,0.1591606113414307,0.08342928938326118,1.1268311967570375,0.07976596045098099,0.875,OPEN,-14.543708562850952,"neither certificate fires -- constructive search, then UNDETERMINED",,witness,-12.11378201842308,,,,,,,one_aux_S,0 1 20 22 14 21 26 5 34,0.177614048 0.127598152 0.134219959 0.0981865078 0.256477535 0.864919364 1.70878327 1.04186916,WITNESS,pure-path one_aux_S,,0.0001163482666015625,0.0002162456512451172,0.13782453536987305,56.96484375,56.96484375,56.96484375
mtn_knn,40,18,mtnknn_N40_seed18,ok,40,101,0,39,0,9,11,16.455269813537598,6.463634490966797,1.7998622171580791,1.4811386279761791,0.167625043541193,1,-14.974131185561419,-14.964849311858416,-21.119042087346315,0.141434615089274,0.08949197175118025,1.1395638605188685,0.08100898862696825,0.9,OPEN,-14.974131185561419,"neither certificate fires -- constructive search, then UNDETERMINED",,witness,-6.898525860160589,,,,,,,one_aux_S,0 34 16 12 35 15 28 13 18 32 37,0.0430509225 0.0410036258 0.428741455 2.59448838 0.758718014 1.55687773 0.36370042 3.26552415 0.345277458 0.318723589,WITNESS,pure-path one_aux_S,,5.1975250244140625e-05,0.00015926361083984375,0.08629751205444336,56.4609375,56.4609375,56.4609375
mtn_knn,40,19,mtnknn_N40_seed19,ok,40,103,0,39,0,7,9,10.16987282037735,7.0576066970825195,1.619678109884262,1.3697652071714401,0.8839748054742813,1,-8.80010761320591,-8.791061662137508,-15.607801407575607,0.10292717040609514,0.12387073695719532,1.3175337560715876,0.11785246260636506,0.875,OPEN,-8.80010761320591,"neither certificate fires -- constructive search, then UNDETERMINED",,witness,-6.448080211877823,,,,,,,one_aux_S,0 2 21 35 14 7 15 19 33,0.182915777 0.535332322 0.962199152 0.104492545 0.421276569 0.231821001 0.703820765 1.15986896,WITNESS,pure-path one_aux_S,,7.486343383789062e-05,0.00012636184692382812,0.0861201286315918,56.36328125,56.36328125,56.36328125
mtn_knn,40,20,mtnknn_N40_seed20,ok,40,107,0,39,0,7,9,7.551707446575165,6.247030258178711,1.3487100787460804,1.1037847883999348,0.8623039275407791,1,-6.44792265817523,-6.434328984469175,-12.450027626007795,0.08634625613493192,0.1389085495346297,1.421182113325804,0.1278931548504247,0.875,OPEN,-6.44792265817523,"neither certificate fires -- constructive search, then UNDETERMINED",,witness,-0.8108755275607109,,,,,,,one_aux_S,0 27 1 3 24 11 15 10 13,0.0797098652 2.82549143 0.401408345 0.50976789 2.19180226 0.215050653 0.39513883 0.24492529,WITNESS,pure-path one_aux_S,,0.00011324882507324219,0.00014734268188476562,0.08758330345153809,57.015625,57.015625,57.015625
mtn_knn,40,21,mtnknn_N40_seed21,ok,40,97,0,39,0,9,11,15.746826585382223,5.599066257476807,1.7133754305541515,1.4696631841361523,0.36400504410266876,1,-14.27716340124607,-14.273619167506695,-19.63251741230488,0.15624456989050467,0.08902445311109165,1.1091010193188546,0.08399767778927575,0.9,OPEN,-14.27716340124607,"neither certificate fires -- constructive search, then UNDETERMINED",,witness,-8.070669736713171,,,,,,,one_aux_S,0 12 21 24 10 27 3 16 18 7 15,0.158877179 0.208389387 0.376446277 1.97397411 1.41448367 0.950638115 0.537113369 1.20793235 0.527484953 0.641634881,WITNESS,pure-path one_aux_S,,6.461143493652344e-05,0.00015497207641601562,0.08930277824401855,56.52734375,56.52734375,56.52734375
mtn_knn,40,22,mtnknn_N40_seed22,ok,40,98,0,39,0,8,10,10.157193511724472,5.063133239746094,2.1584423929452896,1.8264021128416061,0.44552646577358246,1,-8.330791398882866,-8.327575489878654,-13.061884358525276,0.1253817674595928,0.17000305373359634,1.198782063876342,0.15983436200896645,0.8888888888888888,OPEN,-8.330791398882866,"neither certificate fires -- constructive search, then UNDETERMINED",,witness,-0.65460055321455,,,,,,,one_aux_S,0 37 38 23 2 22 32 10 12 34,1.00601196 0.423377842 0.313911974 2.00699091 0.387460977 0.762442291 3.4938767 1.04801285 0.121014908,WITNESS,pure-path one_aux_S,,7.271766662597656e-05,0.00015974044799804688,0.09384751319885254,56.8125,56.8125,56.8125
mtn_knn,40,23,mtnknn_N40_seed23,ok,40,102,0,39,0,7,9,8.784712135791779,5.5685625076293945,1.451845943927765,1.2077621221542358,0.4768027290701866,1,-7.576950013637543,-7.556147985160351,-12.901428699493408,0.11268248087565547,0.12854302958238478,1.2708052220072037,0.12029897400726908,0.875,OPEN,-7.576950013637543,"neither certificate fires -- constructive search, then UNDETERMINED",,witness,-4.770991183817387,,,,,,,one_aux_S,0 37 16 10 36 25 30 2 35,0.674287856 0.65021199 0.166458249 1.86526847 0.171440691 0.190184176 0.0880131945 0.415712655,WITNESS,pure-path one_aux_S,,8.797645568847656e-05,0.0001277923583984375,0.08904242515563965,56.65625,56.65625,56.65625
mtn_knn,40,24,mtnknn_N40_seed24,ok,40,100,0,39,0,9,11,17.192367792129517,8.79245376586914,2.6426827013492584,2.313327044248581,1.0138786435127258,1,-14.879040747880936,-14.866261929273605,-23.3421388566494,0.10863082928168004,0.12576481399248596,1.2366131765274466,0.12109991857996649,0.9,OPEN,-14.879040747880936,"neither certificate fires -- constructive search, then UNDETERMINED",,witness,-2.1708920001983643,,,,,,,one_aux_S,0 17 29 10 12 37 1 14 26 16 6,0.352301687 0.299329728 1.76062775 0.832046688 2.1418705 3.25944114 2.56177139 0.30379802 0.636021078 5.74853563,WITNESS,pure-path one_aux_S,,8.869171142578125e-05,0.0001773834228515625,0.09329748153686523,57.04296875,57.04296875,57.04296875
mtn_knn,40,25,mtnknn_N40_seed25,ok,40,105,0,39,0,9,11,14.926744610071182,9.090206146240234,2.2020722907036543,1.9283426981419325,0.7916767299175262,1,-12.99840191192925,-12.995492177084088,-21.814878465607762,0.09122604879443659,0.12070250799093193,1.3164446066641962,0.11626838092726388,0.9,OPEN,-12.99840191192925,"neither certificate fires -- constructive search, then UNDETERMINED",,witness,-3.3725960105657578,,,,,,,one_aux_S,0 9 32 2 27 18 35 16 33 5 38,0.385463953 4.2447443 1.06539834 1.42532253 0.728127301 1.41755962 1.09552324 0.162547484 0.798198283 0.462527096,WITNESS,pure-path one_aux_S,,0.0001418590545654297,0.0002486705780029297,0.14142870903015137,56.9609375,56.9609375,56.9609375
mtn_knn,40,26,mtnknn_N40_seed26,ok,40,99,0,39,0,10,12,7.9483009576797485,5.858003616333008,2.5503929257392883,2.2628442347049713,0.5477264523506165,1,-5.685456722974777,-5.680981025099754,-11.255911648273468,0.06784137974512915,0.267393931034098,1.447511093620678,0.25881394444072214,0.9090909090909091,OPEN,-5.685456722974777,"neither certificate fires -- constructive search, then UNDETERMINED",,witness,-0.3807823210954666,,,,,,,one_aux_S,0 27 35 29 33 8 21 37 16 25 36 34,0.479673535 1.24176896 0.25185883 0.199460998 1.73206902 1.12248111 0.18287003 0.323547304 0.861682773 0.457391858 1.42942846,WITNESS,pure-path one_aux_S,,6.508827209472656e-05,0.00018739700317382812,0.09559369087219238,56.828125,56.828125,56.828125
mtn_knn,40,27,mtnknn_N40_seed27,ok,40,97,0,39,0,7,9,8.862504452466965,4.300229072570801,1.6337969303131104,1.3118889927864075,0.3337135501205921,1,-7.550615459680557,-7.53607751429081,-11.528936594724655,0.14720983967038337,0.14338282735027177,1.1551680098434443,0.12952353083090148,0.875,OPEN,-7.550615459680557,"neither certificate fires -- constructive search, then UNDETERMINED",,witness,-1.4037260860204697,,,,,,,one_aux_S,0 17 26 24 16 29 32 23 1,0.569780469 0.359912664 0.987812042 2.16026783 0.914222121 0.240332916 2.09829354 0.256313562,WITNESS,pure-path one_aux_S,,5.316734313964844e-05,0.00011730194091796875,0.08954715728759766,56.7421875,56.7421875,56.7421875
mtn_knn,40,28,mtnknn_N40_seed28,ok,40,97,0,39,0,8,10,13.473453432321548,5.505126953125,2.745491325855255,2.42168989777565,0.7205394804477692,1,-11.051763534545898,-11.051645532250404,-16.233089059591293,0.15296483563237023,0.16301633962791331,1.1268725115370182,0.15976700058971724,0.8888888888888888,OPEN,-11.051763534545898,"neither certificate fires -- constructive search, then UNDETERMINED",,witness,-8.044545978307724,,,,,,,one_aux_S,0 33 25 21 5 26 10 17 29 11,0.658064425 0.749073386 0.310263127 0.564320862 0.323801428 0.424197912 0.988387942 1.25021291 0.321170926,WITNESS,pure-path one_aux_S,,6.723403930664062e-05,0.000148773193359375,0.08977365493774414,56.6875,56.6875,56.6875
mtn_knn,40,29,mtnknn_N40_seed29,ok,40,97,0,39,0,8,10,7.368037328124046,6.981218338012695,1.4050904549658298,1.1707916297018528,0.2657943405210972,1,-6.1972456984221935,-6.18149334564805,-12.944165211170912,0.06596303262717343,0.15256062285162997,1.5580003224321515,0.1412457109675178,0.8888888888888888,OPEN,-6.1972456984221935,"neither certificate fires -- constructive search, then UNDETERMINED",,witness,-0.014595430344343185,,,,,,,one_aux_S,0 23 17 12 33 26 11 1 13 36,1.37716031 1.57206154 0.963154197 1.02812004 0.804596663 1.01262283 0.296147287 0.246109515 0.106939025,WITNESS,pure-path one_aux_S,,6.127357482910156e-05,0.00015020370483398438,0.08653569221496582,56.47265625,56.47265625,56.47265625
mtn_knn,40,30,mtnknn_N40_seed30,ok,40,104,0,39,0,9,11,16.445314973592758,7.638959884643555,1.6528140157461166,1.4245065748691559,0.4194941446185112,1,-15.020808398723602,-15.01431442797184,-22.431460842490196,0.11960117914491096,0.08223025090677948,1.1982327991129669,0.077958732893892,0.9,OPEN,-15.020808398723602,"neither certificate fires -- constructive search, then UNDETERMINED",,witness,-4.71038156747818,,,,,,,one_aux_S,0 10 14 4 8 25 9 6 7 37 19,1.21788692 3.92608762 0.921178579 1.72080874 0.661508143 1.1218282 0.811753869 0.29568848 0.535383821 1.04561806,WITNESS,pure-path one_aux_S,,6.651878356933594e-05,0.0001537799835205078,0.08707571029663086,56.703125,56.703125,56.703125
mtn_knn,40,31,mtnknn_N40_seed31,ok,40,102,0,39,0,8,10,8.530301734805107,6.681080341339111,1.8858489021658897,1.6017408892512321,0.7635499536991119,1,-6.928560845553875,-6.91606193035841,-13.325533173978329,0.07979904913379014,0.17686116724066628,1.426573882054291,0.1669073056964916,0.8888888888888888,OPEN,-6.928560845553875,"neither certificate fires -- constructive search, then UNDETERMINED",,witness,-0.370726577937603,,,,,,,one_aux_S,0 16 37 12 32 38 18 34 30 28,3.25912118 0.124982558 0.530819356 1.4389751 0.374863207 0.645568192 1.41762149 0.204141483 0.326965183,WITNESS,pure-path one_aux_S,,8.487701416015625e-05,0.0002148151397705078,0.1231393814086914,56.6640625,56.6640625,56.6640625
mtn_knn,40,32,mtnknn_N40_seed32,ok,40,99,0,39,0,7,9,19.005224227905273,5.915850639343262,0.9014561856165528,0.7591549390926957,0.40960216522216797,1,-18.246069288812578,-18.245062231086195,-24.019618681631982,0.2294709753574256,0.03689157151765697,1.0198805337756631,0.034951472486748056,0.875,OPEN,-18.246069288812578,"neither certificate fires -- constructive search, then UNDETERMINED",,witness,-12.889489077031612,,,,,,,one_aux_S,0 30 29 5 1 24 3 6 33,0.107580855 0.101901971 0.110580921 0.703429639 0.55219841 1.05447876 1.11883032 4.73346853,WITNESS,pure-path one_aux_S,,8.249282836914062e-05,0.0001285076141357422,0.0876762866973877,56.984375,56.984375,56.984375
mtn_knn,40,33,mtnknn_N40_seed33,ok,40,102,0,39,0,9,11,2.7486275732517242,6.408519268035889,0.7357310699298978,0.6229444118216634,0.1811598800122738,1,-2.125683161430061,-2.1229547737166286,-8.421415771357715,0.02382789618952315,0.21900449167653363,2.7258007322902027,0.2039745129880321,0.9,OPEN,-2.125683161430061,"neither certificate fires -- constructive search, then UNDETERMINED",,witness,-1.25078983604908,,,,,,,one_aux_S,0 16 30 17 2 8 34 19 31 27 38,0.045703318 0.0583518595 0.191475317 0.12416216 0.507759154 0.144699514 0.147336125 0.0657048747 0.045982901 0.333325028,WITNESS,pure-path one_aux_S,,0.00011014938354492188,0.00024175643920898438,0.14103221893310547,56.93359375,56.93359375,56.93359375
mtn_knn,40,34,mtnknn_N40_seed34,ok,40,101,0,39,0,8,10,7.205705776810646,7.162592887878418,2.006234288215637,1.7168552577495575,0.9426461309194565,1,-5.488850519061089,-5.470869302749634,-12.362064376473427,0.06287619834052335,0.22273840762936362,1.5952134721824502,0.21178960253349716,0.8888888888888888,OPEN,-5.488850519061089,"neither certificate fires -- constructive search, then UNDETERMINED",,witness,-4.629699498414993,,,,,,,one_aux_S,0 15 22 6 18 10 19 24 23 13,0.154298529 0.28937903 0.178058952 0.410526425 0.242975309 0.253416598 0.545621991 0.168949053 0.665560782,WITNESS,pure-path one_aux_S,,0.0001556873321533203,0.00022673606872558594,0.1408078670501709,56.88671875,56.88671875,56.88671875
mtn_knn,40,35,mtnknn_N40_seed35,ok,40,100,0,39,0,7,9,16.17461684346199,5.094600677490234,1.5031027235090733,1.258082989603281,0.4247638024389744,1,-14.91653385385871,-14.915688592940569,-19.76611479744315,0.22677533484374132,0.07227867635919742,1.0227583687835673,0.0680586518096,0.875,OPEN,-14.91653385385871,"neither certificate fires -- constructive search, then UNDETERMINED",,witness,-11.77648751437664,,,,,,,one_aux_S,0 11 6 25 17 37 31 27 3,0.924966395 0.890282631 0.470880568 0.252887428 0.984809339 0.165931478 0.571867824 0.273007333,WITNESS,pure-path one_aux_S,,6.818771362304688e-05,0.00012040138244628906,0.08936238288879395,56.66796875,56.66796875,56.66796875
mtn_knn,40,36,mtnknn_N40_seed36,ok,40,103,0,39,0,10,12,10.3305085003376,5.211061477661133,2.2750144824385643,2.014675907790661,0.4242913946509361,1,-8.31583259254694,-8.314467288553715,-13.26655549556017,0.09912096167568354,0.18351907865621336,1.2536951413936397,0.17729268142774485,0.9090909090909091,OPEN,-8.31583259254694,"neither certificate fires -- constructive search, then UNDETERMINED",,witness,-3.9458227157592773,,,,,,,one_aux_S,0 6 20 22 12 36 26 25 4 33 28 19,0.201223955 0.139660761 0.312141031 0.572025716 0.328265727 0.419646204 0.811192274 2.12315583 0.742857277 0.412345201 0.644343615,WITNESS,pure-path one_aux_S,,7.176399230957031e-05,0.00015592575073242188,0.08822011947631836,56.55078125,56.55078125,56.55078125
mtn_knn,40,37,mtnknn_N40_seed37,ok,40,99,0,39,0,9,11,8.033618956804276,5.708526611328125,1.9408950209617615,1.7161709517240524,0.4111626595258713,1,-6.317448005080223,-6.314421035349369,-11.801250547170639,0.07818342536605374,0.19766994497610962,1.3995652155160727,0.19226127911424634,0.9,OPEN,-6.317448005080223,"neither certificate fires -- constructive search, then UNDETERMINED",,witness,-4.46642592549324,,,,,,,one_aux_S,0 18 8 5 35 20 28 26 1 14 27,0.439919829 0.256467849 0.125414357 0.482657909 0.665489972 0.443682551 0.211628392 0.176734924 0.358182251 0.814029992,WITNESS,pure-path one_aux_S,,7.390975952148438e-05,0.00015544891357421875,0.09100055694580078,56.9765625,56.9765625,56.9765625
mtn_knn,40,38,mtnknn_N40_seed38,ok,40,102,0,39,0,9,11,2.4297406561672688,6.2568840980529785,1.082465160638094,0.9452873952686787,0.3511057384312153,1,-1.48445326089859,-1.482308030128479,-7.604159593582153,0.02157393199137213,0.36450528619231337,2.9251016635175544,0.3501438120905537,0.9,OPEN,-1.48445326089859,"neither certificate fires -- constructive search, then UNDETERMINED",,witness,-0.8368484862148762,,,,,,,one_aux_S,0 33 16 17 27 8 28 25 9 4 15,0.0856887177 0.19012019 0.0761506185 0.177029207 0.132887304 0.0729982778 0.538990915 0.156445533 0.0583259761 0.208510861,WITNESS,pure-path one_aux_S,,9.560585021972656e-05,0.00016760826110839844,0.08695268630981445,56.80859375,56.80859375,56.80859375
mtn_knn,40,39,mtnknn_N40_seed39,ok,40,96,0,39,0,8,10,9.753503561019897,8.745659828186035,2.3135440051555634,1.9716093242168427,0.6116491407155991,1,-7.781894236803055,-7.781771928071976,-16.18561938405037,0.06970245636574014,0.18976106304214174,1.5173348344804645,0.1796832912975144,0.8888888888888888,OPEN,-7.781894236803055,"neither certificate fires -- constructive search, then UNDETERMINED",,witness,-3.4436196386814117,,,,,,,one_aux_S,0 21 35 15 23 37 32 9 18 25,0.411251247 1.26787853 0.645534098 0.139966965 0.202108324 1.02881813 1.84509945 0.466727018 0.605000317,WITNESS,pure-path one_aux_S,,6.532669067382812e-05,0.0001430511474609375,0.0877676010131836,56.80859375,56.80859375,56.80859375
mtn_knn,40,40,mtnknn_N40_seed40,ok,40,101,0,39,0,8,10,12.413561031222343,7.408736705780029,0.7577044693753123,0.6248111454769969,0.11888087075203657,1,-11.788749885745347,-11.786023956723511,-19.06459326762706,0.10472062853119185,0.04883075645865351,1.2774608470298392,0.04474039991196253,0.8888888888888888,OPEN,-11.788749885745347,"neither certificate fires -- constructive search, then UNDETERMINED",,witness,-10.03229857236147,,,,,,,one_aux_S,0 37 34 2 13 10 9 18 14 5,0.104519889 0.177106053 0.217971027 0.133299515 0.132893324 0.038634412 0.195671991 1.31744552 0.127441466,WITNESS,pure-path one_aux_S,,9.202957153320312e-05,0.00023317337036132812,0.13738703727722168,56.97265625,56.97265625,56.97265625
mtn_knn,60,1,mtnknn_N60_seed1,ok,60,149,0,59,0,11,13,6.848244681954384,3.8068180084228516,1.913331113755703,1.7057366445660591,0.4122062399983406,1,-5.142508037388325,-5.128830753266811,-8.741731576621532,0.08177008947919427,0.2364069270387372,1.3165157927593305,0.22832010198258995,0.9166666666666666,OPEN,-5.142508037388325,"neither certificate fires -- constructive search, then UNDETERMINED",,witness,-1.9456997141242027,,,,,,,one_aux_S,0 19 47 22 38 11 29 7 45 32 13 5 54,0.220409855 0.0972582474 0.151562899 0.129626378 0.163064823 0.207594469 0.35173136 0.711077034 1.00025523 0.164869532 0.359024137 2.69214201,WITNESS,pure-path one_aux_S,,0.0001423358917236328,0.0004858970642089844,0.13912034034729004,56.578125,56.578125,56.578125
mtn_knn,60,2,mtnknn_N60_seed2,ok,60,150,0,59,0,9,11,8.60443202406168,4.985575199127197,0.7937581529840827,0.6858408590778708,0.307156004011631,1,-7.918591164983809,-7.917456709779799,-12.796249070204794,0.0958814143291722,0.07547720604788907,1.2922522704437618,0.0717370735737082,0.9,OPEN,-7.918591164983809,"neither certificate fires -- constructive search, then UNDETERMINED",,witness,-2.0524423122406006,,,,,,,one_aux_S,0 16 36 47 45 32 25 34 52 41 22,0.567644119 0.378513426 0.28705588 0.0720586255 0.587350488 0.276636988 0.546874166 1.70878732 1.87163115 0.510875106,WITNESS,pure-path one_aux_S,,7.534027099609375e-05,0.00022554397583007812,0.08939433097839355,56.93359375,56.93359375,56.93359375
mtn_knn,60,3,mtnknn_N60_seed3,ok,60,147,0,59,0,10,12,13.41285753250122,6.152065277099609,1.5432707704603672,1.3674503900110722,0.47659069299697876,1,-12.045407142490149,-12.037661273032427,-18.021652039140463,0.10901101441843536,0.09588254943194166,1.2155577066129954,0.09268246644531865,0.9090909090909091,OPEN,-12.045407142490149,"neither certificate fires -- constructive search, then UNDETERMINED",,witness,-0.4175324812531471,,,,,,,one_aux_S,0 30 29 35 56 57 9 44 6 22 45 10,2.7439754 1.72713888 1.50383723 0.949243188 1.99465978 0.201815397 0.757610679 2.54724956 0.354056597 0.145619601 0.140237495,WITNESS,pure-path one_aux_S,,7.963180541992188e-05,0.0002856254577636719,0.0896158218383789,56.6171875,56.6171875,56.6171875
mtn_knn,60,4,mtnknn_N60_seed4,ok,60,147,0,59,0,10,12,3.553290478885174,6.458361625671387,1.2391243949532509,1.06422508507967,0.4409624710679054,1,-2.489065393805504,-2.4868841245770454,-8.77252770960331,0.027509225131968257,0.29060491074318706,2.3479767471983846,0.2722764591922606,0.9090909090909091,OPEN,-2.489065393805504,"neither certificate fires -- constructive search, then UNDETERMINED",,witness,-0.9218791127204895,,,,,,,one_aux_S,0 42 36 50 37 25 13 29 1 32 30 24,0.161448851 0.101816788 0.12008334 0.170536771 0.100111611 0.417243749 0.353833735 0.679008007 0.247726545 0.0763016269 0.406600684,WITNESS,pure-path one_aux_S,,9.131431579589844e-05,0.00027370452880859375,0.08897042274475098,56.87890625,56.87890625,56.87890625
mtn_knn,60,5,mtnknn_N60_seed5,ok,60,145,0,59,0,11,13,14.995645619928837,7.442234516143799,1.3953028805553913,1.2503262050449848,0.15446290746331215,1,-13.745319414883852,-13.745239581912756,-21.042577255517244,0.0915881183228949,0.07873224860438438,1.2660941087754876,0.07643101095303215,0.9166666666666666,OPEN,-13.745319414883852,"neither certificate fires -- constructive search, then UNDETERMINED",,witness,-0.20716942474246025,,,,,,,one_aux_S,0 48 36 43 44 33 51 55 28 12 27 19 18,0.7421 1.75426233 2.17113233 2.08567047 2.85411406 2.78012967 0.124288425 0.928801537 0.68087393 0.182491452 0.460597247 0.0480295047,WITNESS,pure-path one_aux_S,,6.580352783203125e-05,0.0003809928894042969,0.08823180198669434,56.49609375,56.49609375,56.49609375
mtn_knn,60,6,mtnknn_N60_seed6,ok,60,148,0,59,0,11,13,3.884249746799469,6.619232654571533,0.7777108047157526,0.6529241669923067,0.12019124627113342,1,-3.2313255798071623,-3.22509385086596,-9.72577159665525,0.02667330427655617,0.1694182999298295,2.288102622456873,0.15408736789803726,0.9166666666666666,OPEN,-3.2313255798071623,"neither certificate fires -- constructive search, then UNDETERMINED",,witness,-1.0013656821101904,,,,,,,one_aux_S,0 15 19 6 49 57 40 44 5 13 37 48 50,0.332078427 0.612465799 0.370237768 0.666064799 0.215229154 0.265528709 0.0510489866 0.138706297 0.0494217463 0.128677681 0.0329886787 0.0408720411,WITNESS,pure-path one_aux_S,,7.677078247070312e-05,0.00030350685119628906,0.08671188354492188,57.10546875,57.10546875,57.32421875
mtn_knn,60,7,mtnknn_N60_seed7,ok,60,146,0,59,0,9,11,7.291591018438339,3.979017734527588,1.4256793186068535,1.2407131120562553,0.3221943527460098,1,-6.050877906382084,-6.041368208825588,-9.844929434359074,0.10180612828088728,0.15997398840559163,1.2646632454013516,0.1531410357529603,0.9,OPEN,-6.050877906382084,"neither certificate fires -- constructive search, then UNDETERMINED",,witness,-5.303307421505451,,,,,,,one_aux_S,0 41 8 40 18 55 56 58 19 2 10,0.0783576369 0.0827395916 0.497261971 0.184966207 0.15068081 0.132853583 0.269757152 0.321259648 0.159281597 0.222250804,WITNESS,pure-path one_aux_S,,0.00010466575622558594,0.00026869773864746094,0.08722186088562012,57.0546875,57.0546875,57.0546875
mtn_knn,60,8,mtnknn_N60_seed8,ok,60,143,0,59,0,10,12,9.90637457370758,5.804736137390137,1.5196515768766403,1.3133467584848404,0.47402432560920715,1,-8.59302781522274,-8.590044774115086,-14.191459134221077,0.08533010234433824,0.12783448724268362,1.3216330719006961,0.12052356689514229,0.9090909090909091,OPEN,-8.59302781522274,"neither certificate fires -- constructive search, then UNDETERMINED",,witness,-4.437298357486725,,,,,,,one_aux_S,0 54 4 29 22 41 55 24 46 7 28 16,0.0449216217 0.200338736 0.659146905 0.284694761 0.403564274 0.464310288 0.45828101 0.296545953 1.93238711 0.206304818 1.03716147,WITNESS,pure-path one_aux_S,,8.511543273925781e-05,0.00024127960205078125,0.0916142463684082,56.52734375,56.52734375,56.52734375
mtn_knn,60,9,mtnknn_N60_seed9,ok,60,153,0,59,0,11,13,8.04178886860609,9.769556045532227,0.9613249497488141,0.8350426154211164,0.16415431443601847,1,-7.206746253184974,-7.206327850930393,-16.850019964389503,0.037415810499503564,0.10115023123886192,1.8741026717458715,0.09518475842991996,0.9166666666666666,OPEN,-7.206746253184974,"neither certificate fires -- constructive search, then UNDETERMINED",,witness,-2.453681994229555,,,,,,,one_aux_S,0 57 9 17 15 41 26 39 32 52 45 31 47,0.135796323 0.0819217712 0.138614818 0.0704223439 0.0400146209 0.204736784 0.189902604 1.78778112 1.07348406 1.48197496 0.318985283 0.128944367,WITNESS,pure-path one_aux_S,,0.00011801719665527344,0.00041985511779785156,0.14168572425842285,57.0,57.0,57.0
mtn_knn,60,10,mtnknn_N60_seed10,ok,60,150,0,59,0,11,13,14.264948636293411,5.940872669219971,1.7432343885302544,1.5583969727158546,0.4234551563858986,1,-12.706551663577557,-12.704040959477425,-18.462586916983128,0.1091433518773413,0.10340342052474413,1.1985485435859238,0.10014270606543554,0.9166666666666666,OPEN,-12.706551663577557,"neither certificate fires -- constructive search, then UNDETERMINED",,witness,-10.07658077776432,,,,,,,one_aux_S,0 41 10 7 32 49 27 39 28 51 5 6 11,0.0917201191 0.771476388 0.156961411 0.200683534 0.184837416 0.145033807 0.49075678 0.271657139 0.109649315 0.558147728 0.785260379 0.844367683,WITNESS,pure-path one_aux_S,,9.489059448242188e-05,0.0003066062927246094,0.09148049354553223,56.80078125,56.80078125,57.01953125
mtn_knn,60,11,mtnknn_N60_seed11,ok,60,148,0,59,0,8,10,16.736072331666946,4.554276466369629,1.074636984616518,0.9129589833319187,0.4218805879354477,1,-15.823113348335028,-15.8205677382648,-20.215711813420057,0.22967523567206505,0.05136865870653091,1.0176986990072845,0.04848922018337201,0.8888888888888888,OPEN,-15.823113348335028,"neither certificate fires -- constructive search, then UNDETERMINED",,witness,-6.975802168250084,,,,,,,one_aux_S,0 28 18 52 12 21 31 47 20 56,0.156586781 0.0935563147 1.06806266 1.32666862 1.199633 4.14234638 0.68291074 0.74358058 0.69385016,WITNESS,pure-path one_aux_S,,9.703636169433594e-05,0.0002262592315673828,0.09113883972167969,56.703125,56.703125,56.703125
mtn_knn,60,12,mtnknn_N60_seed12,ok,60,145,0,59,0,9,11,16.726490050554276,5.3857927322387695,1.0901185125112534,0.9647178053855896,0.2025771141052246,1,-15.761772245168686,-15.75989442691207,-21.02216427028179,0.17253717204723257,0.0533235092302321,1.081629659103322,0.05190844117461804,0.9,OPEN,-15.761772245168686,"neither certificate fires -- constructive search, then UNDETERMINED",,witness,-5.6999088898301125,,,,,,,one_aux_S,0 54 45 39 53 44 31 1 6 12 49,0.0583827645 0.0814753845 0.50759697 0.375681967 1.08778167 1.72961676 1.34456515 2.21462607 1.09338808 5.06693268,WITNESS,pure-path one_aux_S,,0.00011563301086425781,0.00038909912109375,0.13756370544433594,57.01953125,57.01953125,57.01953125
mtn_knn,60,13,mtnknn_N60_seed13,ok,60,155,0,59,0,11,13,10.054509341716766,5.149755954742432,1.7311263531446457,1.5342859625816345,0.5215809047222137,1,-8.520223379135132,-8.51384461671114,-13.473138943314552,0.0887465650630186,0.1456857984918352,1.2795400671780295,0.13988040104531077,0.9166666666666666,OPEN,-8.520223379135132,"neither certificate fires -- constructive search, then UNDETERMINED",,witness,-1.4305751025676727,,,,,,,one_aux_S,0 29 18 22 28 41 56 19 38 42 36 30 51,1.61021066 1.25363874 0.296589315 0.385369599 2.10019493 0.258465111 0.878877878 1.06939065 0.128367871 0.143315703 0.184082866 0.630861819,WITNESS,pure-path one_aux_S,,8.797645568847656e-05,0.000286102294921875,0.08759737014770508,56.8046875,56.8046875,57.0234375
mtn_knn,60,14,mtnknn_N60_seed14,ok,60,150,0,59,0,11,13,6.727110341191292,6.094546318054199,0.8033179184421897,0.7034296533092856,0.06421907152980566,1,-6.023680687882006,-6.022542857564986,-12.018338740803301,0.05017235522119188,0.1010434661985622,1.612742105604202,0.09585252550195625,0.9166666666666666,OPEN,-6.023680687882006,"neither certificate fires -- constructive search, then UNDETERMINED",,witness,-5.310353516601026,,,,,,,one_aux_S,0 28 42 18 41 32 37 58 45 51 53 19 27,0.108396105 0.0777616873 0.0836176649 0.0145083657 0.0261840988 0.134209767 0.283316314 0.0842977464 0.334451228 0.139672771 0.03477557 0.191131011,WITNESS,pure-path one_aux_S,,7.414817810058594e-05,0.0003345012664794922,0.11144185066223145,56.69140625,56.69140625,56.91015625
mtn_knn,60,15,mtnknn_N60_seed15,ok,60,149,0,59,0,11,13,7.572090208530426,7.432600498199463,1.5796751640737057,1.3541445396840572,0.1464277096092701,1,-6.217945668846369,-6.210364382714033,-13.425015542656183,0.04630760373209126,0.17652301794408862,1.6767202188829224,0.16393084699105306,0.9166666666666666,OPEN,-6.217945668846369,"neither certificate fires -- constructive search, then UNDETERMINED",,witness,-3.917907953262329,,,,,,,one_aux_S,0 46 11 26 33 53 25 15 6 2 16 3 1,0.225530624 0.237420261 0.468708992 0.163452372 0.489015669 0.0737049878 0.134929135 0.475668937 0.29448539 0.287611127 0.386779249 0.833751023,WITNESS,pure-path one_aux_S,,6.341934204101562e-05,0.0002770423889160156,0.08516097068786621,56.72265625,56.72265625,56.72265625
mtn_knn,60,16,mtnknn_N60_seed16,ok,60,142,0,59,0,10,12,12.309035018086433,4.636690616607666,1.366544146090746,1.1856007911264896,0.33733800426125526,1,-11.123434226959944,-11.121309395879507,-15.579181488603354,0.13273513412775503,0.0925163334685184,1.1472416812660162,0.08756323297808274,0.9090909090909091,OPEN,-11.123434226959944,"neither certificate fires -- constructive search, then UNDETERMINED",,witness,-1.6606544479727745,,,,,,,one_aux_S,0 25 21 42 4 22 51 49 31 7 28 9,0.578153849 0.858921349 3.08701301 0.341136932 0.351782769 1.69595814 1.49547017 0.460053027 1.53883946 0.183370531 0.115362689,WITNESS,pure-path one_aux_S,,7.724761962890625e-05,0.00026726722717285156,0.08600211143493652,57.01171875,57.01171875,57.01171875
mtn_knn,60,17,mtnknn_N60_seed17,ok,60,157,0,59,0,9,11,3.6899740993976593,7.181656360626221,1.5398777574300766,1.3591687381267548,0.46017999947071075,1,-2.3308053612709045,-2.329788438975811,-9.331752702593803,0.02854474661326909,0.3414387064552955,2.4105779977792157,0.33150689716596093,0.9,OPEN,-2.3308053612709045,"neither certificate fires -- constructive search, then UNDETERMINED",,witness,-1.2408741265535355,,,,,,,one_aux_S,0 55 1 20 22 14 33 58 13 7 35,0.154052168 0.253703922 0.127598152 0.134219959 0.0981865078 0.379598796 0.575314879 0.174908444 0.382832557 0.337369174,WITNESS,pure-path one_aux_S,,0.00014257431030273438,0.00021028518676757812,0.0848233699798584,56.44921875,56.44921875,56.44921875
mtn_knn,60,18,mtnknn_N60_seed18,ok,60,151,0,59,0,9,11,12.817736655473709,5.993286609649658,0.999474573880434,0.8375867195427418,0.167625043541193,1,-11.980149935930967,-11.9688691906631,-17.811548691242933,0.11881568949382793,0.0637984650538734,1.2007453133581574,0.05881132276707773,0.9,OPEN,-11.980149935930967,"neither certificate fires -- constructive search, then UNDETERMINED",,witness,-7.118784096091986,,,,,,,one_aux_S,0 34 16 56 12 55 35 15 40 18 42,0.0430509225 0.0410036258 0.139326364 0.378124714 0.495909005 2.11028481 0.758718014 0.227365777 1.34969532 0.310948014,WITNESS,pure-path one_aux_S,,7.82012939453125e-05,0.00024962425231933594,0.08481311798095703,56.2734375,56.2734375,56.2734375
mtn_knn,60,19,mtnknn_N60_seed19,ok,60,143,0,59,0,15,17,14.215836510062218,6.353655815124512,3.347126491367817,3.0407775416970253,0.6242249086499214,1,-11.175058968365192,-11.174362234771252,-17.222365833818913,0.07458087607989003,0.20775048320636236,1.276713617154276,0.20053191687475905,0.9375,OPEN,-11.175058968365192,"neither certificate fires -- constructive search, then UNDETERMINED",,witness,-3.1691810861229897,,,,,,,one_aux_S,0 2 39 21 55 49 45 46 15 7 14 19 33 57 56 42 18,0.182915777 0.177824438 0.528734088 1.37824059 0.445777029 0.649029195 1.0778048 0.0803000703 0.231821001 0.421276569 1.29953992 1.15986896 0.304955482 0.848326981 1.90130162 0.717877805,WITNESS,pure-path one_aux_S,,9.5367431640625e-05,0.00037217140197753906,0.08688902854919434,56.87890625,56.87890625,57.09765625
mtn_knn,60,20,mtnknn_N60_seed20,ok,60,154,0,59,0,8,10,7.626294910907745,5.16069221496582,0.8400808051228523,0.7110135927796364,0.18439339473843575,1,-6.915281318128109,-6.911395326256752,-11.946906320750713,0.09236036796565496,0.08812465973969096,1.3413577392696503,0.08287275667333989,0.8888888888888888,OPEN,-6.915281318128109,"neither certificate fires -- constructive search, then UNDETERMINED",,witness,-1.915461502969265,,,,,,,one_aux_S,0 27 57 18 45 1 3 44 24 12,0.0797098652 0.502672672 0.869627476 1.47375715 0.278952718 0.401408345 0.370748609 0.8715415 1.72483015,WITNESS,pure-path one_aux_S,,0.00010395050048828125,0.0003418922424316406,0.1390058994293213,56.98828125,56.98828125,56.98828125
mtn_knn,60,21,mtnknn_N60_seed21,ok,60,150,0,59,0,8,10,13.333615720272064,5.033999919891357,1.0100398566573858,0.8553359564393759,0.36400504410266876,1,-12.478279763832688,-12.477979781106114,-17.357575783506036,0.16554449657897277,0.0606011079273418,1.1020335984177376,0.05702118944302367,0.8888888888888888,OPEN,-12.478279763832688,"neither certificate fires -- constructive search, then UNDETERMINED",,witness,-6.4853987991809845,,,,,,,one_aux_S,0 12 21 24 45 53 4 25 2 57,0.158877179 0.208389387 0.376446277 0.299419314 1.11518407 0.861811876 1.67063475 1.26842511 1.77805793,WITNESS,pure-path one_aux_S,,7.867813110351562e-05,0.00022983551025390625,0.09397697448730469,56.81640625,56.81640625,56.81640625
mtn_knn,60,22,mtnknn_N60_seed22,ok,60,140,0,59,0,10,12,10.959016889333725,4.178565979003906,0.7489939825609326,0.6432821648195386,0.09617661032825708,1,-10.315734724514186,-10.30933619197458,-14.388588885776699,0.13113370644857156,0.056954164633289256,1.1510751847238272,0.05336263041869593,0.9090909090909091,OPEN,-10.315734724514186,"neither certificate fires -- constructive search, then UNDETERMINED",,witness,-5.238010436296463,,,,,,,one_aux_S,0 56 42 37 38 23 49 11 16 31 28 41,0.153025538 0.29594332 0.587591469 0.423377842 0.313911974 1.46438026 1.07405424 0.602484047 0.367597282 0.126036316 0.625208318,WITNESS,pure-path one_aux_S,,5.984306335449219e-05,0.0002689361572265625,0.09195208549499512,57.0546875,57.0546875,57.0546875
mtn_knn,60,23,mtnknn_N60_seed23,ok,60,152,0,59,0,8,10,15.030785262584686,5.519781112670898,1.0373209491372108,0.9038807228207588,0.2971377596259117,1,-14.126904539763927,-14.126626431941986,-19.513245426118374,0.17019227026141562,0.05521047269403055,1.0937853753475402,0.053453596559337,0.8888888888888888,OPEN,-14.126904539763927,"neither certificate fires -- constructive search, then UNDETERMINED",,witness,-4.767145499587059,,,,,,,one_aux_S,0 43 37 39 21 17 58 26 9 20,0.133440226 0.793916285 2.69088984 2.06277752 0.202479765 0.455298722 3.10866117 0.549354374 0.533643723,WITNESS,pure-path one_aux_S,,7.605552673339844e-05,0.00022292137145996094,0.08916354179382324,56.65625,56.65625,56.65625
mtn_knn,60,24,mtnknn_N60_seed24,ok,60,150,0,59,0,12,14,17.212009832262993,5.499621391296387,3.0767576918005943,2.7630859538912773,0.8087273836135864,1,-14.448923878371716,-14.44175287336111,-19.634873531758785,0.13040299055481683,0.15321981014343217,1.131019135304382,0.14818379174605006,0.9230769230769231,OPEN,-14.448923878371716,"neither certificate fires -- constructive search, then UNDETERMINED",,witness,-4.27567496150732,,,,,,,one_aux_S,0 17 29 49 10 12 53 37 1 42 14 30 58 19,0.352301687 0.299329728 0.745996833 1.06835485 0.832046688 1.68347943 0.462846786 3.25944114 0.88049233 1.77185428 0.737656951 0.749648988 0.185770378,WITNESS,pure-path one_aux_S,,9.179115295410156e-05,0.00029277801513671875,0.08686542510986328,56.60546875,56.60546875,56.82421875
mtn_knn,60,25,mtnknn_N60_seed25,ok,60,157,0,59,0,11,13,12.655950650572777,7.264510631561279,1.0954614859074354,0.9603082668036222,0.048897458240389824,1,-11.695642383769155,-11.69486048258841,-18.82499979622662,0.07918915853982417,0.07324056289458061,1.3318458167560616,0.06955483647239737,0.9166666666666666,OPEN,-11.695642383769155,"neither certificate fires -- constructive search, then UNDETERMINED",,witness,-0.9895471483469009,,,,,,,one_aux_S,0 9 32 2 27 18 43 4 36 3 30 45 46,0.385463953 4.2447443 1.06539834 1.42532253 0.728127301 0.245548084 1.79670429 0.459393561 0.18964763 0.488862902 0.215507001 0.843367219,WITNESS,pure-path one_aux_S,,8.893013000488281e-05,0.0003902912139892578,0.13663697242736816,56.546875,56.546875,56.546875
mtn_knn,60,26,mtnknn_N60_seed26,ok,60,154,0,59,0,11,13,7.948775291442871,5.0745320320129395,1.9000282026827335,1.6807783134281635,0.624005451798439,1,-6.267996978014708,-6.258102532476187,-11.123279120773077,0.07120025364181926,0.2022596076192437,1.38634206872709,0.19383029428878776,0.9166666666666666,OPEN,-6.267996978014708,"neither certificate fires -- constructive search, then UNDETERMINED",,witness,-1.9670189581811428,,,,,,,one_aux_S,0 47 46 27 41 35 29 33 8 16 37 21 48,0.0588168986 0.374673456 0.113669917 0.219249889 1.02595997 0.25185883 0.199460998 1.73206902 0.977595031 0.323547304 0.18287003 1.04396999,WITNESS,pure-path one_aux_S,,0.00010013580322265625,0.0002903938293457031,0.08476448059082031,56.953125,56.953125,56.953125
mtn_knn,60,27,mtnknn_N60_seed27,ok,60,148,0,59,0,10,12,9.374358363449574,4.556949615478516,1.4424627274274826,1.2193706333637238,0.29318130761384964,1,-8.15498773008585,-8.142695002257824,-12.488845251500607,0.10285782326413972,0.12822768516542019,1.2384232462285958,0.11825009399315015,0.9090909090909091,OPEN,-8.15498773008585,"neither certificate fires -- constructive search, then UNDETERMINED",,witness,-4.385064236819744,,,,,,,one_aux_S,0 17 26 24 58 57 8 55 6 38 9 56,0.569780469 0.359912664 0.987812042 0.362094283 0.0928931907 0.306461275 0.065447621 0.101274088 0.430649668 1.10594189 1.21405387,WITNESS,pure-path one_aux_S,,7.152557373046875e-05,0.0002677440643310547,0.08586788177490234,56.90625,56.90625,56.90625
mtn_knn,60,28,mtnknn_N60_seed28,ok,60,144,0,59,0,11,13,11.535289779305458,5.505126953125,2.4185983072966337,2.1541391741484404,0.3722885847091675,1,-9.381150605157018,-9.381069527938962,-14.621818425133824,0.0952441892928837,0.17741264408387053,1.2499741605172356,0.17118144529366386,0.9166666666666666,OPEN,-9.381150605157018,"neither certificate fires -- constructive search, then UNDETERMINED",,witness,-4.789700984954834,,,,,,,one_aux_S,0 54 33 25 21 44 47 2 8 9 53 3 16,0.289669991 0.803774178 0.749073386 0.310263127 1.13717973 0.424485773 0.212131783 0.463736385 0.212074041 1.21226764 0.270410538 1.32104445,WITNESS,pure-path one_aux_S,,0.0001232624053955078,0.00044226646423339844,0.13819122314453125,57.0078125,57.0078125,57.0078125
mtn_knn,60,29,mtnknn_N60_seed29,ok,60,145,0,59,0,11,13,11.34282186254859,4.797224044799805,1.3457659408450127,1.2017136290669441,0.2657943405210972,1,-10.141108233481646,-10.141057383269072,-14.794279966503382,0.10747524133106083,0.1003916874185133,1.2040180201273072,0.09711611801661404,0.9166666666666666,OPEN,-10.141108233481646,"neither certificate fires -- constructive search, then UNDETERMINED",,witness,-0.6654107384383678,,,,,,,one_aux_S,0 53 27 43 50 28 16 40 6 10 34 21 3,0.555622101 2.66456771 0.592601776 0.443268031 1.24568331 0.197449192 0.1355744 1.58341002 0.751957536 1.75304687 0.294333786 0.919792771,WITNESS,pure-path one_aux_S,,8.20159912109375e-05,0.00038504600524902344,0.08611297607421875,56.7421875,56.7421875,56.7421875
mtn_knn,60,30,mtnknn_N60_seed30,ok,60,157,0,59,0,10,12,16.520536981523037,7.611612796783447,0.8014342300593853,0.6863024942576885,0.06889807991683483,1,-15.834234487265348,-15.83034548908472,-23.3307155482471,0.10852192184883844,0.040426159218055306,1.2172803364531701,0.037765803806127964,0.9090909090909091,OPEN,-15.834234487265348,"neither certificate fires -- constructive search, then UNDETERMINED",,witness,-4.804064221680164,,,,,,,one_aux_S,0 10 14 4 8 25 18 53 48 39 38 21,1.21788692 3.92608762 0.921178579 1.72080874 0.661508143 1.184039 0.365894854 1.18211448 0.122882225 0.341925412 0.144293562,WITNESS,pure-path one_aux_S,,0.00010204315185546875,0.0004322528839111328,0.13907361030578613,56.65625,56.65625,56.875
mtn_knn,60,31,mtnknn_N60_seed31,ok,60,146,0,59,0,10,12,4.161827266216278,4.858066558837891,0.9409001329913735,0.8189302915707231,0.1251939283683896,1,-3.342896974645555,-3.3417232697829604,-8.078993692062795,0.042834193560450505,0.18839884358591527,1.8060764435278525,0.17888346527244442,0.9090909090909091,OPEN,-3.342896974645555,"neither certificate fires -- constructive search, then UNDETERMINED",,witness,-0.03820402454584837,,,,,,,one_aux_S,0 43 18 38 17 46 34 49 1 41 40 44,0.512554824 0.384441882 0.645568192 1.26605666 0.299784631 0.472452372 0.371005833 0.0413386002 0.093703784 0.00971770007 0.0539975315,WITNESS,pure-path one_aux_S,,6.532669067382812e-05,0.0002732276916503906,0.08639693260192871,56.5,56.5,56.5
mtn_knn,60,32,mtnknn_N60_seed32,ok,60,151,0,59,0,12,14,16.84630298614502,5.915850639343262,1.424420272000134,1.2751670526340604,0.40700912196189165,1,-15.57113593351096,-15.56818317156285,-21.337733353488147,0.11865230106068049,0.07247475382097406,1.1581423775484574,0.06987154869068816,0.9230769230769231,OPEN,-15.57113593351096,"neither certificate fires -- constructive search, then UNDETERMINED",,witness,-12.358064781874418,,,,,,,one_aux_S,0 30 29 5 50 45 55 51 1 46 53 3 6 24,0.107580855 0.101901971 0.110580921 0.182318255 0.185703889 0.0735033974 0.245620206 0.0494290181 0.972355783 0.259738654 0.177917466 1.11883032 1.80551493,WITNESS,pure-path one_aux_S,,0.000102996826171875,0.0003256797790527344,0.08649158477783203,56.703125,56.703125,56.921875
mtn_knn,60,33,mtnknn_N60_seed33,ok,60,151,0,59,0,12,14,2.888702981173992,6.408519268035889,0.6859192652627826,0.6008406979963183,0.17256571538746357,1,-2.287862283177674,-2.2873101914301515,-8.611302983947098,0.018781659098057495,0.2035276048206697,2.7586940208512587,0.19199695724356866,0.9230769230769231,OPEN,-2.287862283177674,"neither certificate fires -- constructive search, then UNDETERMINED",,witness,-1.2850206606090069,,,,,,,one_aux_S,0 16 30 42 55 17 5 8 34 19 31 27 38 28,0.045703318 0.0583518595 0.0639831126 0.0235040355 0.182348713 0.17276828 0.300388724 0.144699514 0.147336125 0.0657048747 0.045982901 0.333325028 0.0391716696,WITNESS,pure-path one_aux_S,,0.00010728836059570312,0.0003228187561035156,0.08849787712097168,56.57421875,56.57421875,56.57421875
mtn_knn,60,34,mtnknn_N60_seed34,ok,60,149,0,59,0,9,11,10.94917295128107,6.304512977600098,1.0430517122149467,0.8887531831860542,0.2199673280119896,1,-10.060419768095016,-10.050219550728798,-16.21063421666622,0.09648443715533994,0.0779425030689495,1.2892893542227202,0.07305372455312817,0.9,OPEN,-10.060419768095016,"neither certificate fires -- constructive search, then UNDETERMINED",,witness,-8.895510837435722,,,,,,,one_aux_S,0 15 22 41 6 49 51 53 38 17 13,0.154298529 0.28937903 0.109264277 0.0697980896 0.0403071344 0.264231235 0.0734696612 0.237690538 0.649015903 0.332415432,WITNESS,pure-path one_aux_S,,6.794929504394531e-05,0.0002467632293701172,0.09185791015625,56.9140625,56.9140625,56.9140625
mtn_knn,60,35,mtnknn_N60_seed35,ok,60,145,0,59,0,11,13,10.87775668501854,3.7716197967529297,1.890329483896494,1.6896792389452457,0.4247638024389744,1,-9.188077446073294,-9.186004813760519,-12.759046997874975,0.13109579234586108,0.14704406520693444,1.1395388417612415,0.1423889760131336,0.9166666666666666,OPEN,-9.188077446073294,"neither certificate fires -- constructive search, then UNDETERMINED",,witness,-0.21056276559829712,,,,,,,one_aux_S,0 11 47 46 48 9 52 40 45 55 49 26 35,0.924966395 0.489904702 0.314663291 2.07144165 1.04241288 0.988036871 0.399478257 0.374341518 0.777752638 1.95798862 0.979242563 0.693929076,WITNESS,pure-path one_aux_S,,7.867813110351562e-05,0.000274658203125,0.09151983261108398,56.6953125,56.9140625,56.9140625
mtn_knn,60,36,mtnknn_N60_seed36,ok,60,154,0,59,0,11,13,10.39713740348816,5.171605110168457,1.6081985533237457,1.4473065733909607,0.41132016479969025,1,-8.949830830097198,-8.948612987995148,-13.96054396033287,0.09138307056251886,0.13088058168947603,1.267036381888136,0.12760220826070362,0.9166666666666666,OPEN,-8.949830830097198,"neither certificate fires -- constructive search, then UNDETERMINED",,witness,-4.117821283638477,,,,,,,one_aux_S,0 46 22 6 20 12 43 21 3 15 56 11 5,0.0937332585 0.113045394 0.173177198 0.139660761 0.32634005 0.200598061 0.158456296 0.172780484 2.810781 0.168473825 1.79539418 0.253751218,WITNESS,pure-path one_aux_S,,0.00021576881408691406,0.0003819465637207031,0.14203405380249023,56.796875,56.796875,57.015625
mtn_knn,60,37,mtnknn_N60_seed37,ok,60,155,0,59,0,12,14,8.84742385149002,4.919416904449463,1.5396289564669132,1.3900330103933811,0.30837545543909073,1,-7.45739084109664,-7.455583419650793,-12.22721179947257,0.07493625111246921,0.1491600249787597,1.333738432503084,0.14502610203230887,0.9230769230769231,OPEN,-7.45739084109664,"neither certificate fires -- constructive search, then UNDETERMINED",,witness,-2.4509042389690876,,,,,,,one_aux_S,0 55 49 18 51 52 27 1 26 14 50 9 20 56,0.210229173 0.130850852 0.145981103 0.154406592 0.10544461 0.501902342 0.45904094 0.176734924 0.18148458 1.84962964 0.0527669303 2.27714586 0.301804125,WITNESS,pure-path one_aux_S,,0.0001423358917236328,0.00026679039001464844,0.08956336975097656,56.70703125,56.70703125,56.92578125
mtn_knn,60,38,mtnknn_N60_seed38,ok,60,150,0,59,0,10,12,15.259398527443409,5.37827730178833,0.9647598303854465,0.8472196571528912,0.30193743482232094,1,-14.412178870290518,-14.409949887543917,-19.672915998846292,0.1418613960493401,0.05268664579900081,1.127047252884603,0.050473790754965685,0.9090909090909091,OPEN,-14.412178870290518,"neither certificate fires -- constructive search, then UNDETERMINED",,witness,-13.861927147954702,,,,,,,one_aux_S,0 33 16 17 52 25 9 4 15 24 40 1,0.0856887177 0.19012019 0.0761506185 0.117540173 0.24735339 0.156445533 0.0583259761 0.208510861 0.104457147 0.0564535521 0.192850441,WITNESS,pure-path one_aux_S,,0.00010919570922851562,0.00027370452880859375,0.08699369430541992,56.62109375,56.62109375,56.62109375
mtn_knn,60,39,mtnknn_N60_seed39,ok,60,151,0,59,0,12,14,20.136039793491364,7.333043098449707,2.2241995371878147,1.9652022160589695,0.22419357672333717,1,-18.170837577432394,-18.17057264968753,-25.244883354753256,0.11441384522061722,0.09467883286450468,1.169292891480223,0.09008885726427794,0.9230769230769231,OPEN,-18.170837577432394,"neither certificate fires -- constructive search, then UNDETERMINED",,witness,-8.99216903746128,,,,,,,one_aux_S,0 21 47 46 15 23 37 44 32 52 9 56 22 36,0.411251247 1.70919418 0.258467466 0.125226229 0.139966965 0.202108324 1.89613199 1.07317019 0.239591762 1.63304377 2.45813775 0.616765082 0.761631608,WITNESS,pure-path one_aux_S,,6.866455078125e-05,0.0003592967987060547,0.08785462379455566,56.99609375,56.99609375,56.99609375
mtn_knn,60,40,mtnknn_N60_seed40,ok,60,144,0,59,0,10,12,11.354047499597073,6.272307395935059,0.7780094062909484,0.673489517532289,0.11888087075203657,1,-10.680557982064784,-10.678041503764689,-16.848345489241183,0.09050933558322871,0.05710220711443489,1.2936910013923557,0.05392466411456832,0.9090909090909091,OPEN,-10.680557982064784,"neither certificate fires -- constructive search, then UNDETERMINED",,witness,-9.16222082823515,,,,,,,one_aux_S,0 37 50 55 9 10 13 2 17 15 31 23,0.104519889 0.0927520096 0.0994869322 0.325741708 0.038634412 0.132893324 0.133299515 0.172102869 0.141923442 0.855586231 0.18977268,WITNESS,pure-path one_aux_S,,6.556510925292969e-05,0.00025343894958496094,0.08869004249572754,56.58984375,56.58984375,56.80859375
mtn_knn,80,1,mtnknn_N80_seed1,ok,80,197,0,79,0,13,15,7.6635052263736725,3.219538450241089,2.119978867471218,1.9436046108603477,0.4122062399983406,1,-5.719900615513325,-5.71986548602581,-8.763064809143543,0.09155045220606084,0.2397486481971727,1.230764631560461,0.2355026396894125,0.9285714285714286,OPEN,-5.719900615513325,"neither certificate fires -- constructive search, then UNDETERMINED",,witness,-2.6008195951581,,,,,,,one_aux_S,0 19 47 22 38 11 29 7 66 45 13 32 5 74 36,0.220409855 0.0972582474 0.151562899 0.129626378 0.163064823 0.207594469 0.35173136 0.227428228 0.483721524 1.05011463 0.164869532 0.523737073 0.745329201 1.09247482,WITNESS,pure-path one_aux_S,,0.0001010894775390625,0.00036978721618652344,0.08966970443725586,57.13671875,57.13671875,57.13671875
mtn_knn,80,2,mtnknn_N80_seed2,ok,80,196,0,79,0,13,15,12.665997967123985,4.439692497253418,1.0560201546177268,0.946497923694551,0.2335333339869976,1,-11.719500043429434,-11.718697574920952,-16.049670309759676,0.1097269165077719,0.0722578252192139,1.1704511381000944,0.06938978921567808,0.9285714285714286,OPEN,-11.719500043429434,"neither certificate fires -- constructive search, then UNDETERMINED",,witness,-2.5214186683297157,,,,,,,one_aux_S,0 62 16 36 6 47 45 32 25 34 52 41 22 38 40,0.254721344 0.369284153 0.378513426 0.551762104 0.444168687 0.0720586255 0.587350488 0.276636988 0.546874166 1.70878732 1.87163115 0.510875106 1.44079137 2.26224875,WITNESS,pure-path one_aux_S,,9.131431579589844e-05,0.00035190582275390625,0.08850741386413574,57.125,57.125,57.125
mtn_knn,80,3,mtnknn_N80_seed3,ok,80,199,0,79,0,12,14,17.724184975028038,6.269588947296143,1.5401334874331951,1.3945138864219189,0.3011726811528206,1,-16.32967108860612,-16.329537097364664,-22.453640434890985,0.11779204561908764,0.07448096596034275,1.1603406284913358,0.0726263909612775,0.9230769230769231,OPEN,-16.32967108860612,"neither certificate fires -- constructive search, then UNDETERMINED",,witness,-3.392417162656784,,,,,,,one_aux_S,0 75 30 32 65 68 61 35 56 57 9 72 44 29,0.227623075 2.93037796 3.14164495 0.229211316 0.825346768 0.707409024 0.560620964 0.949243188 1.99465978 0.201815397 1.01268816 0.378200442 2.34585357,WITNESS,pure-path one_aux_S,,0.00010061264038085938,0.0003261566162109375,0.0913381576538086,57.0234375,57.0234375,57.0234375
mtn_knn,80,4,mtnknn_N80_seed4,ok,80,192,0,79,0,13,15,3.8338390588760376,6.990330219268799,1.141876770183444,1.0217934306710958,0.15209627337753773,1,-2.8120456282049417,-2.8060821909457445,-9.682292507961392,0.021094189228979408,0.2581293890957208,2.44688067591333,0.24748252888354721,0.9285714285714286,OPEN,-2.8120456282049417,"neither certificate fires -- constructive search, then UNDETERMINED",,witness,-1.024436540901661,,,,,,,one_aux_S,0 42 36 50 37 25 13 63 29 1 32 30 60 61 15,0.161448851 0.101816788 0.12008334 0.170536771 0.100111611 0.417243749 0.239625707 0.164672941 0.679008007 0.247726545 0.0763016269 0.100855678 0.156869233 0.146203339,WITNESS,pure-path one_aux_S,,0.00011396408081054688,0.0005788803100585938,0.13887834548950195,56.28515625,56.28515625,56.28515625
mtn_knn,80,5,mtnknn_N80_seed5,ok,80,196,0,79,0,13,15,7.976471293717623,5.8803391456604,1.48312184587121,1.3397656865417957,0.15446290746331215,1,-6.636705607175827,-6.632931366562843,-12.373688593506813,0.05217171150359281,0.16114547637551105,1.505582515364439,0.15596723058264383,0.9285714285714286,OPEN,-6.636705607175827,"neither certificate fires -- constructive search, then UNDETERMINED",,witness,-1.1543800607323647,,,,,,,one_aux_S,0 48 57 59 36 70 72 24 11 17 66 5 49 18 19,0.7421 0.135807678 1.06062508 0.668972909 0.130708054 0.896628857 1.34561956 0.124171853 1.28579557 0.154522613 0.0617545098 0.14481701 0.0465527922 0.0480295047,WITNESS,pure-path one_aux_S,,0.00010728836059570312,0.0005803108215332031,0.1388871669769287,56.33984375,56.33984375,56.33984375
mtn_knn,80,6,mtnknn_N80_seed6,ok,80,197,0,79,0,15,17,4.581012703478336,6.204640865325928,0.9974538628011942,0.9072562251240015,0.12019124627113342,1,-3.673756478354335,-3.6732966396957636,-9.78819970600307,0.024610678806992733,0.19212047782845176,2.0774343502079624,0.1856691448176801,0.9375,OPEN,-3.673756478354335,"neither certificate fires -- constructive search, then UNDETERMINED",,witness,-2.157572276890278,,,,,,,one_aux_S,0 15 67 78 57 49 17 40 44 5 13 37 48 50 69 53 12,0.332078427 0.21471861 0.230141327 0.0824840665 0.215229154 0.494723111 0.124786638 0.0510489866 0.138706297 0.0494217463 0.128677681 0.0329886787 0.0408720411 0.156363696 0.0892779604 0.0838440135,WITNESS,pure-path one_aux_S,,0.0001494884490966797,0.0006701946258544922,0.14069461822509766,57.04296875,57.04296875,57.04296875
mtn_knn,80,7,mtnknn_N80_seed7,ok,80,198,0,79,0,10,12,7.324256092309952,3.979017734527588,1.297070525586605,1.146389715373516,0.3221943527460098,1,-6.177866376936436,-6.173758797347546,-10.006203301250935,0.09203598200573904,0.14757704960513038,1.2860548207193048,0.1422905555713159,0.9090909090909091,OPEN,-6.177866376936436,"neither certificate fires -- constructive search, then UNDETERMINED",,witness,-2.944158747792244,,,,,,,one_aux_S,0 41 8 40 18 55 56 65 4 15 52 49,0.0783576369 0.0827395916 0.497261971 0.184966207 0.15068081 0.132853583 0.614076853 0.924556196 0.992996514 0.46844241 0.506331146,WITNESS,pure-path one_aux_S,,9.72747802734375e-05,0.00026798248291015625,0.09102821350097656,57.1640625,57.1640625,57.1640625
mtn_knn,80,8,mtnknn_N80_seed8,ok,80,190,0,79,0,14,16,10.395207524299622,5.804736137390137,1.6714094430208206,1.5086020678281784,0.3045581951737404,1,-8.886605456471443,-8.882432036101818,-14.528534218668938,0.06395767228603953,0.14068822187768235,1.3636043985503385,0.1354497823490541,0.9333333333333333,OPEN,-8.886605456471443,"neither certificate fires -- constructive search, then UNDETERMINED",,witness,-6.563945360481739,,,,,,,one_aux_S,0 54 4 60 72 78 29 22 41 55 24 46 76 59 2 43,0.0449216217 0.200338736 0.055270046 0.303425252 0.292233795 0.0573989898 0.284694761 0.403564274 0.464310288 0.45828101 0.296545953 0.232665107 0.414812535 0.252480417 0.140638754,WITNESS,pure-path one_aux_S,,0.00017380714416503906,0.0006461143493652344,0.14224696159362793,57.12890625,57.12890625,57.12890625
mtn_knn,80,9,mtnknn_N80_seed9,ok,80,197,0,79,0,12,14,8.218819476664066,6.156191349029541,0.6702223364263773,0.5916814003139734,0.12455730978399515,1,-7.627138076350093,-7.623078780248761,-13.70478848926723,0.055627057723222524,0.06989766474328747,1.4991736812785752,0.06645327202944619,0.9230769230769231,OPEN,-7.627138076350093,"neither certificate fires -- constructive search, then UNDETERMINED",,witness,-6.878102511167526,,,,,,,one_aux_S,0 57 9 17 15 41 77 65 26 59 39 67 20 13,0.135796323 0.0819217712 0.138614818 0.0704223439 0.0400146209 0.103650145 0.0561867468 0.103003651 0.10296122 0.141531691 0.133837342 0.193505824 0.0785409361,WITNESS,pure-path one_aux_S,,8.440017700195312e-05,0.0003426074981689453,0.08614253997802734,56.91015625,56.91015625,56.91015625
mtn_knn,80,10,mtnknn_N80_seed10,ok,80,200,0,79,0,11,13,9.322398230433464,6.285170078277588,1.549764223396778,1.3860940858721733,0.4234551563858986,1,-7.936304144561291,-7.932949781417847,-14.057804085314274,0.06741987389889963,0.1406654088191466,1.416631603487151,0.13629392501544604,0.9166666666666666,OPEN,-7.936304144561291,"neither certificate fires -- constructive search, then UNDETERMINED",,witness,-3.0156021118164062,,,,,,,one_aux_S,0 41 10 7 32 49 69 9 67 65 36 13 71,0.0917201191 0.771476388 0.156961411 0.200683534 0.184837416 0.0337668061 0.996850371 1.02166975 1.5364964 0.680423677 0.463475525 0.336869448,WITNESS,pure-path one_aux_S,,0.00011110305786132812,0.00030231475830078125,0.08629202842712402,56.921875,56.921875,56.921875
mtn_knn,80,11,mtnknn_N80_seed11,ok,80,190,0,79,0,13,15,14.621390253305435,3.923102855682373,1.4387240149080753,1.2991400696337223,0.4053272530436516,1,-13.322250183671713,-13.32045591250062,-17.105769094079733,0.14334601571154962,0.08527876793191959,1.0992042308805816,0.0825054478045584,0.9285714285714286,OPEN,-13.322250183671713,"neither certificate fires -- constructive search, then UNDETERMINED",,witness,-5.406601503491402,,,,,,,one_aux_S,0 28 18 52 12 76 42 62 41 70 29 54 4 13 56,0.156586781 0.0935563147 1.06806266 1.32666862 2.92190218 0.290323704 0.107788533 0.405057907 0.853379369 0.434030861 0.2634736 0.576098859 0.388891011 0.657936692,WITNESS,pure-path one_aux_S,,0.00013017654418945312,0.00033855438232421875,0.08934879302978516,57.2421875,57.2421875,57.2421875
mtn_knn,80,12,mtnknn_N80_seed12,ok,80,198,0,79,0,14,16,15.257018357515335,5.691564083099365,1.6793783232569695,1.5319121852517128,0.2025771141052246,1,-13.725106172263622,-13.7174366787076,-19.26920411735773,0.09573704254449521,0.09631344725530991,1.2014149295762515,0.09371324545405987,0.9333333333333333,OPEN,-13.725106172263622,"neither certificate fires -- constructive search, then UNDETERMINED",,witness,-3.0795478895306587,,,,,,,one_aux_S,0 54 45 39 53 71 65 44 61 31 1 78 6 12 73 50,0.0583827645 0.0814753845 0.50759697 0.375681967 0.387502581 0.194914818 0.661394894 0.869221568 0.922307193 1.34456515 0.364141613 1.85494328 1.09338808 3.12647605 0.670956314,WITNESS,pure-path one_aux_S,,8.606910705566406e-05,0.0004076957702636719,0.08968305587768555,57.19921875,57.19921875,57.19921875
mtn_knn,80,13,mtnknn_N80_seed13,ok,80,198,0,79,0,10,12,12.439592480659485,4.260818958282471,1.33502858877182,1.179168924689293,0.35732558369636536,1,-11.260423555970192,-11.254151575267315,-15.365382850170135,0.14597654350554554,0.08943410531383712,1.118767319274258,0.08617418547948352,0.9090909090909091,OPEN,-11.260423555970192,"neither certificate fires -- constructive search, then UNDETERMINED",,witness,-3.6490648239851,,,,,,,one_aux_S,0 68 64 59 29 21 72 9 75 26 39 77,0.117343873 1.00060141 0.174848244 0.348884225 1.37598586 0.830882847 0.87359339 1.47218072 0.976562023 0.9612661 1.31675792,WITNESS,pure-path one_aux_S,,0.00011110305786132812,0.0003273487091064453,0.09181904792785645,57.02734375,57.02734375,57.02734375
mtn_knn,80,14,mtnknn_N80_seed14,ok,80,200,0,79,0,14,16,12.077435418963432,7.301207542419434,0.8694538930431008,0.7819299632683396,0.06421907152980566,1,-11.295505455695093,-11.294239266775548,-18.509189068339765,0.059077485024588136,0.06299120053402926,1.4039663225676196,0.06042684342609276,0.9333333333333333,OPEN,-11.295505455695093,"neither certificate fires -- constructive search, then UNDETERMINED",,witness,-10.466944987885654,,,,,,,one_aux_S,0 63 42 28 18 41 32 70 45 58 51 53 19 76 5 24,0.105005264 0.0322122835 0.0777616873 0.0998882651 0.0145083657 0.0261840988 0.218147814 0.261591762 0.0842977464 0.268715709 0.139672771 0.03477557 0.0982148945 0.12031164 0.0584051162,WITNESS,pure-path one_aux_S,,8.392333984375e-05,0.00038623809814453125,0.09360289573669434,56.97265625,56.97265625,56.97265625
mtn_knn,80,15,mtnknn_N80_seed15,ok,80,195,0,79,0,13,15,10.368364036083221,6.135720252990723,1.4566859882324934,1.2834667693823576,0.1464277096092701,1,-9.084897266700864,-9.080013843253255,-15.04739830084145,0.06499371153087835,0.12176088584543997,1.3795367974561161,0.1149449004126157,0.9285714285714286,OPEN,-9.084897266700864,"neither certificate fires -- constructive search, then UNDETERMINED",,witness,-5.790071176365018,,,,,,,one_aux_S,0 46 11 26 33 53 25 15 6 67 2 16 3 1 51,0.225530624 0.237420261 0.468708992 0.163452372 0.489015669 0.0737049878 0.134929135 0.475668937 0.0165648591 0.279744893 0.287611127 0.386779249 0.833751023 1.01082146,WITNESS,pure-path one_aux_S,,7.796287536621094e-05,0.0003764629364013672,0.10352039337158203,56.80078125,56.80078125,56.80078125
mtn_knn,80,16,mtnknn_N80_seed16,ok,80,194,0,79,0,14,16,9.974575936794281,4.037385940551758,1.4231857135891914,1.2989743426442146,0.24528120830655098,1,-8.675601594150066,-8.673874262720346,-12.588776163756847,0.08823403561880593,0.12484615960433143,1.229171718213232,0.12154662622421666,0.9333333333333333,OPEN,-8.675601594150066,"neither certificate fires -- constructive search, then UNDETERMINED",,witness,-3.0003032088279724,,,,,,,one_aux_S,0 73 70 25 21 78 74 12 77 29 61 36 27 67 39 19,0.117426902 0.391447574 0.354372054 0.858921349 0.325607568 0.365335226 0.139891028 0.842623115 0.9041394 0.514586091 0.83771044 0.185490504 0.526248038 0.456681222 0.307584435,WITNESS,pure-path one_aux_S,,9.870529174804688e-05,0.00038170814514160156,0.09588479995727539,57.08203125,57.08203125,57.08203125
mtn_knn,80,17,mtnknn_N80_seed17,ok,80,204,0,79,0,12,14,9.307637572288513,4.352510929107666,1.6622963324189186,1.4873878881335258,0.424294576048851,1,-7.820249684154987,-7.809821546077728,-11.99785216897726,0.08910218457698324,0.15308131808115902,1.2579667638050895,0.1475104100838553,0.9230769230769231,OPEN,-7.820249684154987,"neither certificate fires -- constructive search, then UNDETERMINED",,witness,-4.108885169029236,,,,,,,one_aux_S,0 55 74 1 20 22 14 21 26 5 39 78 45 47,0.154052168 0.207087547 0.14525266 0.127598152 0.134219959 0.0981865078 0.256477535 0.864919364 1.70878327 0.453970045 0.264479101 0.616680205 0.334091783,WITNESS,pure-path one_aux_S,,0.00010824203491210938,0.00033020973205566406,0.08892059326171875,56.96875,56.96875,56.96875
mtn_knn,80,18,mtnknn_N80_seed18,ok,80,200,0,79,0,13,15,14.479733318090439,4.410669326782227,1.5547606572508812,1.3513427004218102,0.167625043541193,1,-13.128390617668629,-13.114261761307716,-17.335641987621784,0.12626492232027,0.09305829097008518,1.1306618659729601,0.08666031302196216,0.9285714285714286,OPEN,-13.128390617668629,"neither certificate fires -- constructive search, then UNDETERMINED",,witness,-4.395158138126135,,,,,,,one_aux_S,0 34 16 56 61 55 12 35 15 40 62 19 74 18 68,0.0430509225 0.0410036258 0.139326364 1.04415679 0.316917539 0.495909005 2.59448838 0.758718014 0.227365777 0.362378687 2.05696464 0.472582787 0.693354547 1.67671621,WITNESS,pure-path one_aux_S,,0.00011205673217773438,0.0005445480346679688,0.10031795501708984,55.91796875,55.91796875,55.91796875
mtn_knn,80,19,mtnknn_N80_seed19,ok,80,190,0,79,0,14,16,14.281424075365067,5.448089599609375,2.4328596889972687,2.2186222672462463,0.46936557441949844,1,-12.06280180811882,-12.058768048882484,-17.296653985977173,0.09362013059973114,0.14905742008912332,1.2087957317492757,0.14499353181930943,0.9333333333333333,OPEN,-12.06280180811882,"neither certificate fires -- constructive search, then UNDETERMINED",,witness,-8.379762589931488,,,,,,,one_aux_S,0 63 2 39 65 21 55 49 64 75 71 45 59 46 15 7,0.101718254 0.184731543 0.177824438 0.400822401 0.129336268 1.37824059 0.445777029 1.1263206 0.172790587 0.0920797139 0.417903721 0.32459259 0.753313184 0.0803000703 0.231821001,WITNESS,pure-path one_aux_S,,0.00010347366333007812,0.0003960132598876953,0.10787224769592285,56.56640625,56.56640625,56.56640625
mtn_knn,80,20,mtnknn_N80_seed20,ok,80,203,0,79,0,10,12,13.443395838141441,4.777997016906738,0.7536029722541571,0.6614964511245489,0.14718490093946457,1,-12.781899387016892,-12.780048066750169,-17.467789882794023,0.14068024520078767,0.046714571559122224,1.1295132739298073,0.04473277565829415,0.9090909090909091,OPEN,-12.781899387016892,"neither certificate fires -- constructive search, then UNDETERMINED",,witness,-5.5084498301148415,,,,,,,one_aux_S,0 27 57 68 67 45 1 69 54 5 17 38,0.0797098652 0.502672672 0.192251503 0.525086403 1.61985183 0.278952718 1.55355406 2.10775805 0.129067212 0.425137818 1.04180777,WITNESS,pure-path one_aux_S,,0.00012683868408203125,0.0004901885986328125,0.13966083526611328,57.17578125,57.17578125,57.17578125
mtn_knn,80,21,mtnknn_N80_seed21,ok,80,196,0,79,0,11,13,15.08248445391655,5.457006454467773,1.136767515912652,0.98266358114779,0.22611530497670174,1,-14.09982087276876,-14.094452386721969,-19.40272339247167,0.12563068797852264,0.06377465255881418,1.15230148476356,0.059723247329558166,0.9166666666666666,OPEN,-14.09982087276876,"neither certificate fires -- constructive search, then UNDETERMINED",,witness,-9.512422166764736,,,,,,,one_aux_S,0 21 12 64 24 74 45 10 73 27 75 3 16,0.160006776 0.208389387 0.0359908119 0.178478882 0.28066349 0.225269005 1.67463815 1.29368532 0.293450862 0.549723625 0.401209295 0.537113369,WITNESS,pure-path one_aux_S,,8.177757263183594e-05,0.0002970695495605469,0.08643484115600586,57.1015625,57.1015625,57.1015625
mtn_knn,80,22,mtnknn_N80_seed22,ok,80,193,0,79,0,13,15,10.248901218175888,4.178565979003906,0.8475781576707959,0.765394133515656,0.09617661032825708,1,-9.483507084660232,-9.47800053562969,-13.579889039508998,0.09433583443986869,0.07167282823892436,1.2200141886476226,0.06934627516151617,0.9285714285714286,OPEN,-9.483507084660232,"neither certificate fires -- constructive search, then UNDETERMINED",,witness,-5.134048108011484,,,,,,,one_aux_S,0 56 42 78 37 77 66 38 23 49 59 11 65 68 16,0.153025538 0.29594332 0.0471638255 0.554836452 0.238182694 0.237236291 0.148205101 0.313911974 1.46438026 0.444242924 0.64728415 0.415726662 0.0868368074 0.135754213,WITNESS,pure-path one_aux_S,,0.00012731552124023438,0.0006132125854492188,0.1383974552154541,57.16015625,57.16015625,57.16015625
mtn_knn,80,23,mtnknn_N80_seed23,ok,80,203,0,79,0,12,14,16.502932012081146,6.298972129821777,1.38404980301857,1.2511657923460007,0.27521122246980667,1,-15.251766219735146,-15.250116229057312,-21.417854338884354,0.10916418631455403,0.07188591710363233,1.1843040527695605,0.06998285329009256,0.9230769230769231,OPEN,-15.251766219735146,"neither certificate fires -- constructive search, then UNDETERMINED",,witness,-7.923794146627188,,,,,,,one_aux_S,0 43 37 39 69 61 16 10 73 72 67 2 30 66,0.133440226 0.793916285 2.69088984 0.734000266 1.45143163 0.302702039 0.166458249 0.86468184 0.878268182 0.387445211 0.051817432 0.0880131945 0.0721469447,WITNESS,pure-path one_aux_S,,9.5367431640625e-05,0.0003352165222167969,0.09810233116149902,56.76953125,56.76953125,56.76953125
mtn_knn,80,24,mtnknn_N80_seed24,ok,80,196,0,79,0,13,15,15.373226821422577,5.774415493011475,2.336645759642124,2.110201008617878,0.32500431686639786,1,-13.263025812804699,-13.260370582342148,-18.810996554791927,0.10239615687262153,0.13172855739485193,1.1921997174314451,0.12746005688374085,0.9285714285714286,OPEN,-13.263025812804699,"neither certificate fires -- constructive search, then UNDETERMINED",,witness,-2.5102907568216324,,,,,,,one_aux_S,0 17 66 29 49 10 12 53 37 65 1 14 30 58 19,0.352301687 0.121563815 0.187033504 0.745996833 1.06835485 0.832046688 1.68347943 0.462846786 1.4321028 1.83524716 2.56177139 0.737656951 0.749648988 0.185770378,WITNESS,pure-path one_aux_S,,8.988380432128906e-05,0.00034117698669433594,0.08450913429260254,57.1328125,57.1328125,57.1328125
mtn_knn,80,25,mtnknn_N80_seed25,ok,80,199,0,79,0,11,13,13.132586896419525,7.17879056930542,0.7288260580971837,0.6237127901986241,0.029308439232409,1,-12.508874106220901,-12.507876387797296,-19.58255140762776,0.08315269295797628,0.04695944348970694,1.308694950877612,0.04353572748904615,0.9166666666666666,OPEN,-12.508874106220901,"neither certificate fires -- constructive search, then UNDETERMINED",,witness,-1.1243846639990807,,,,,,,one_aux_S,0 32 2 27 18 56 35 16 33 5 61 67 72,4.54036331 1.06539834 1.42532253 0.728127301 0.55615139 0.98135668 1.09552324 0.162547484 0.798198283 0.489726245 0.100347705 0.130279452,WITNESS,pure-path one_aux_S,,7.653236389160156e-05,0.000453948974609375,0.0851294994354248,57.125,57.125,57.125
mtn_knn,80,26,mtnknn_N80_seed26,ok,80,194,0,79,0,15,17,8.763127729296684,4.278149604797363,2.154315460473299,1.9765310771763325,0.4973664805293083,1,-6.786596652120352,-6.785414095968008,-10.886961873620749,0.06827817739605636,0.21691645283402924,1.3131167053477901,0.21145393997372794,0.9375,OPEN,-6.786596652120352,"neither certificate fires -- constructive search, then UNDETERMINED",,witness,-1.0573384873569012,,,,,,,one_aux_S,0 47 70 62 41 27 46 35 29 33 67 8 13 72 2 1 24,0.0588168986 0.366301924 0.212836966 0.393285662 0.219249889 0.113669917 1.34779966 0.25185883 0.199460998 0.219229862 1.51283956 1.24558353 1.14457333 0.146609604 0.151963279 0.243418664,WITNESS,pure-path one_aux_S,,0.00012302398681640625,0.0004315376281738281,0.0862128734588623,56.5703125,56.5703125,56.5703125
mtn_knn,80,27,mtnknn_N80_seed27,ok,80,194,0,79,0,11,13,13.688527643680573,4.8149943351745605,1.1688547935336828,1.0386628713458776,0.2791883014142513,1,-12.649864772334695,-12.647998610511422,-17.33466718532145,0.1292225408117585,0.07225254643076827,1.1437918450658648,0.06955515281489044,0.9166666666666666,OPEN,-12.649864772334695,"neither certificate fires -- constructive search, then UNDETERMINED",,witness,-2.752038763836026,,,,,,,one_aux_S,0 70 17 26 24 60 16 29 32 23 53 31 76,0.301682234 0.809078157 0.359912664 0.987812042 0.0301209372 2.19033456 0.914222121 0.240332916 2.09829354 1.03820705 1.43341398 1.06615734,WITNESS,pure-path one_aux_S,,9.226799011230469e-05,0.00029206275939941406,0.09028029441833496,57.01171875,57.01171875,57.01171875
mtn_knn,80,28,mtnknn_N80_seed28,ok,80,194,0,79,0,11,13,9.090241372585297,4.3055596351623535,1.8216781970113516,1.6338191982358694,0.3722885847091675,1,-7.456422174349427,-7.456169815734029,-11.574122810736299,0.09596726666808493,0.16956865606500104,1.2469315258450122,0.16475553695412362,0.9166666666666666,OPEN,-7.456422174349427,"neither certificate fires -- constructive search, then UNDETERMINED",,witness,-0.9554312527179718,,,,,,,one_aux_S,0 54 64 33 25 21 78 46 1 55 62 39 41,0.289669991 0.730468571 0.0826217085 0.749073386 0.310263127 0.656118095 1.35154307 0.187354282 0.40211615 0.766027749 2.29580855 0.627490878,WITNESS,pure-path one_aux_S,,0.00012636184692382812,0.0002956390380859375,0.09254670143127441,57.1171875,57.1171875,57.1171875
mtn_knn,80,29,mtnknn_N80_seed29,ok,80,200,0,79,0,13,15,6.8424202762544155,6.66514778137207,1.3676783628761768,1.2385289557278156,0.2657943405210972,1,-5.6038913205266,-5.603382408618927,-12.139889694750309,0.039484497457158305,0.17323128366427565,1.7108798510816603,0.1680783341734175,0.9285714285714286,OPEN,-5.6038913205266,"neither certificate fires -- constructive search, then UNDETERMINED",,witness,-0.005424927920103073,,,,,,,one_aux_S,0 66 74 17 38 12 26 68 36 56 9 63 30 4 42,0.329420626 0.814926267 0.694742501 0.436777622 1.11590791 1.72699797 0.953545272 0.0815380663 0.193957821 0.0824303851 0.0774437636 0.128131583 0.129149407 0.144052312,WITNESS,pure-path one_aux_S,,9.059906005859375e-05,0.0004038810729980469,0.09326767921447754,56.7421875,56.7421875,56.7421875
mtn_knn,80,30,mtnknn_N80_seed30,ok,80,203,0,79,0,15,17,17.366217136383057,6.820443153381348,1.3471650965511799,1.2242828719317913,0.06889807991683483,1,-16.141934264451265,-16.138709869235754,-22.839495193213224,0.08487335669077684,0.06844755399849783,1.2288900153850426,0.06609183700873067,0.9375,OPEN,-16.141934264451265,"neither certificate fires -- constructive search, then UNDETERMINED",,witness,-0.8343357741832733,,,,,,,one_aux_S,0 10 71 4 74 73 14 54 9 60 6 7 37 19 68 33 39,1.21788692 2.32925057 0.959903002 0.807829559 0.996390522 2.55954051 1.77277684 0.730603695 0.339569658 1.09161365 0.29568848 0.535383821 1.04561806 0.629132688 0.395223826 1.65093911,WITNESS,pure-path one_aux_S,,0.00012063980102539062,0.0006763935089111328,0.14068174362182617,57.04296875,57.04296875,57.04296875
mtn_knn,80,31,mtnknn_N80_seed31,ok,80,196,0,79,0,14,16,12.83699980378151,3.5326366424560547,0.9001050936058164,0.8215177254751325,0.09583968389779329,1,-12.015482078306377,-12.014631575904787,-15.469531352631748,0.129779630657892,0.06135327326818851,1.1157927949986015,0.05972967896161027,0.9333333333333333,OPEN,-12.015482078306377,"neither certificate fires -- constructive search, then UNDETERMINED",,witness,-0.2130754552781582,,,,,,,one_aux_S,0 43 18 38 32 76 9 72 63 68 70 29 5 45 25 31,0.512554824 0.384441882 0.645568192 0.374863207 1.11980617 0.432473361 0.479341477 0.973378956 1.184744 0.753257811 2.11328626 1.04868352 1.51175678 1.05132473 0.0768863633,WITNESS,pure-path one_aux_S,,0.00013494491577148438,0.0006132125854492188,0.09192276000976562,57.01953125,57.01953125,57.01953125
mtn_knn,80,32,mtnknn_N80_seed32,ok,80,201,0,79,0,15,17,16.948935486376286,4.946462631225586,1.3956780368462205,1.269432150758803,0.22035910934209824,1,-15.679503335617483,-15.67660058569163,-20.49972008075565,0.11421586663691452,0.07265828710815148,1.1398632641457007,0.0702163650509488,0.9375,OPEN,-15.679503335617483,"neither certificate fires -- constructive search, then UNDETERMINED",,witness,-11.833688165992498,,,,,,,one_aux_S,0 72 30 29 5 50 62 45 55 51 1 46 69 53 68 6 56,0.0215169564 0.0912612975 0.101901971 0.110580921 0.182318255 0.313430905 0.409829199 0.0735033974 0.245620206 0.0494290181 0.972355783 0.0682966635 0.245514154 0.111491747 0.996606112 2.24318147,WITNESS,pure-path one_aux_S,,9.679794311523438e-05,0.0004138946533203125,0.08913588523864746,56.8046875,56.8046875,56.8046875
mtn_knn,80,33,mtnknn_N80_seed33,ok,80,199,0,79,0,13,15,2.94539425522089,5.202694416046143,0.5348781440407038,0.4708950314670801,0.049436948262155056,1,-2.47449922375381,-2.4716835971921682,-7.613210527226329,0.021774178026328268,0.15738506223637796,2.3975319554976986,0.14845539652340434,0.9285714285714286,OPEN,-2.47449922375381,"neither certificate fires -- constructive search, then UNDETERMINED",,witness,-1.2621807307004929,,,,,,,one_aux_S,0 16 30 42 68 17 2 50 71 5 8 34 19 31 27,0.045703318 0.0583518595 0.0639831126 0.0160406549 0.179368019 0.12416216 0.0537090227 0.25118354 0.20959115 0.300388724 0.144699514 0.147336125 0.0657048747 0.045982901,WITNESS,pure-path one_aux_S,,0.0001323223114013672,0.0005903244018554688,0.11678481101989746,56.234375,56.234375,56.234375
mtn_knn,80,34,mtnknn_N80_seed34,ok,80,201,0,79,0,11,13,14.083085834980011,6.304512977600098,0.8597219996154308,0.7504577226936817,0.08114397898316383,1,-13.33262811228633,-13.329487212002277,-19.527876812964678,0.10153683044206258,0.0516546646893816,1.2249478098228699,0.0488472190822837,0.9166666666666666,OPEN,-13.33262811228633,"neither certificate fires -- constructive search, then UNDETERMINED",,witness,-12.615422312170267,,,,,,,one_aux_S,0 15 77 22 41 6 60 49 69 59 51 53 38,0.154298529 0.267231584 0.175018415 0.109264277 0.0697980896 0.0124750827 0.0283617619 0.196228355 0.0610657483 0.20160675 0.0734696612 0.237690538,WITNESS,pure-path one_aux_S,,7.653236389160156e-05,0.000308990478515625,0.13289093971252441,56.7578125,56.7578125,56.7578125
mtn_knn,80,35,mtnknn_N80_seed35,ok,80,197,0,79,0,12,14,11.161316975951195,3.423337697982788,1.617029320448637,1.4524408839643002,0.3382326364517212,1,-9.708876091986895,-9.704734478145838,-12.967625353485346,0.1358483781112221,0.1241811458987793,1.1200409955736716,0.12012154703693767,0.9230769230769231,OPEN,-9.708876091986895,"neither certificate fires -- constructive search, then UNDETERMINED",,witness,-5.516236416995525,,,,,,,one_aux_S,0 11 75 46 74 58 65 26 35 30 67 27 31 37,0.924966395 0.352131635 0.134046182 0.599347413 0.787911355 0.953698933 0.178914383 0.693929076 0.0639406741 0.133862898 0.167498052 0.571867824 0.165931478,WITNESS,pure-path one_aux_S,,9.822845458984375e-05,0.00033354759216308594,0.0890054702758789,56.8125,56.8125,56.8125
mtn_knn,80,36,mtnknn_N80_seed36,ok,80,197,0,79,0,13,15,12.94397683441639,5.834648609161377,1.4705314077436924,1.3297800160944462,0.38962116837501526,1,-11.614196818321943,-11.613651502877474,-17.308094035834074,0.08532566332794546,0.09845973688621244,1.2573267803210795,0.09539539084675988,0.9285714285714286,OPEN,-11.614196818321943,"neither certificate fires -- constructive search, then UNDETERMINED",,witness,-7.803799234330654,,,,,,,one_aux_S,0 46 22 6 20 69 43 21 63 3 66 56 15 13 8,0.0937332585 0.113045394 0.173177198 0.139660761 0.288823068 0.153579623 0.158456296 0.157428935 0.104341298 1.23440945 1.60636556 0.168473825 0.589028955 0.319307953,WITNESS,pure-path one_aux_S,,0.00012946128845214844,0.00035953521728515625,0.09064245223999023,56.8828125,56.8828125,56.8828125
mtn_knn,80,37,mtnknn_N80_seed37,ok,80,202,0,79,0,13,15,8.418263360857964,3.5285332202911377,1.1800848618149757,1.0710227489471436,0.18500648066401482,1,-7.34724061191082,-7.346401374787092,-10.766711719334126,0.09176032640732336,0.12149064120853832,1.2299318667637862,0.11813851401305993,0.9285714285714286,OPEN,-7.34724061191082,"neither certificate fires -- constructive search, then UNDETERMINED",,witness,-4.928864240646362,,,,,,,one_aux_S,0 78 49 65 55 52 51 72 18 8 5 35 56 20 29,0.112929627 0.201207489 0.141370818 0.0796988904 0.358552903 0.10544461 0.0346235186 0.156661585 0.256467849 0.125414357 0.482657909 0.51961714 0.301804125 1.2258966,WITNESS,pure-path one_aux_S,,0.00010323524475097656,0.00036787986755371094,0.0912623405456543,57.30078125,57.30078125,57.30078125
mtn_knn,80,38,mtnknn_N80_seed38,ok,80,204,0,79,0,13,15,17.90089640021324,5.155338764190674,0.8577866535633802,0.7747972141951323,0.11116464622318745,1,-17.12609918601811,-17.124173374846578,-22.198448510840535,0.13355010153263955,0.04152949009559508,1.1162608859955578,0.04019097926457843,0.9285714285714286,OPEN,-17.12609918601811,"neither certificate fires -- constructive search, then UNDETERMINED",,witness,-16.165537724271417,,,,,,,one_aux_S,0 33 16 17 60 52 8 28 78 9 4 63 37 67 35,0.0856887177 0.19012019 0.0761506185 0.079137817 0.0384033136 0.345970511 0.0729982778 0.140164316 0.354218453 0.0583259761 0.141269207 0.113038823 0.0178462472 0.0440524146,WITNESS,pure-path one_aux_S,,9.703636169433594e-05,0.0003712177276611328,0.09333944320678711,57.34375,57.34375,57.34375
mtn_knn,80,39,mtnknn_N80_seed39,ok,80,199,0,79,0,11,13,9.574249349534512,6.478280067443848,1.805310670286417,1.5792645253241062,0.22419357672333717,1,-7.994984824210405,-7.983015913516283,-14.247218746691942,0.06717726737974822,0.15954990426896482,1.418691848393773,0.15120340983015523,0.9166666666666666,OPEN,-7.994984824210405,"neither certificate fires -- constructive search, then UNDETERMINED",,witness,-3.2729838639497757,,,,,,,one_aux_S,0 74 35 73 58 23 15 46 47 61 49 7 28,0.70698595 0.705406487 0.228883609 0.468194932 1.08737719 0.139966965 0.125226229 0.258467466 0.42844069 1.49724245 0.117999367 1.0741483,WITNESS,pure-path one_aux_S,,7.534027099609375e-05,0.00030541419982910156,0.09692955017089844,56.73046875,56.73046875,56.73046875
mtn_knn,80,40,mtnknn_N80_seed40,ok,80,193,0,79,0,12,14,11.022951159626245,4.2322797775268555,0.8645677408203483,0.7663012957200408,0.11888087075203657,1,-10.256649863906205,-10.254545320756733,-14.390663196332753,0.10852062146030449,0.06722864438287374,1.1862442319202728,0.06417111279545022,0.9230769230769231,OPEN,-10.256649863906205,"neither certificate fires -- constructive search, then UNDETERMINED",,witness,-9.253010150045156,,,,,,,one_aux_S,0 65 37 50 55 76 13 10 9 49 2 70 17 15,0.025683336 0.0810183436 0.0927520096 0.0994869322 0.19992207 0.106741503 0.132893324 0.038634412 0.163637921 0.422193527 0.131904945 0.204110965 0.141923442,WITNESS,pure-path one_aux_S,,0.00011944770812988281,0.00049591064453125,0.15296387672424316,57.28125,57.28125,57.28125
mtn_knn,100,1,mtnknn_N100_seed1,ok,100,245,0,99,0,15,17,9.69295209646225,2.6077613830566406,2.1317139752209187,1.968328882008791,0.4122062399983406,1,-7.724623214453459,-7.724583711475134,-10.168999504297972,0.12389876056707855,0.19405069550170032,1.1197384046893109,0.19037629697527808,0.9375,OPEN,-7.724623214453459,"neither certificate fires -- constructive search, then UNDETERMINED",,witness,-3.1871779337525368,,,,,,,one_aux_S,0 19 47 22 38 11 29 7 66 45 13 32 95 5 74 36 56,0.220409855 0.0972582474 0.151562899 0.129626378 0.163064823 0.207594469 0.35173136 0.227428228 0.483721524 1.05011463 0.164869532 0.710589349 0.29949376 0.745329201 1.09247482 0.821010172,WITNESS,pure-path one_aux_S,,0.0001251697540283203,0.0005383491516113281,0.1006779670715332,57.37890625,57.37890625,57.37890625
mtn_knn,100,2,mtnknn_N100_seed2,ok,100,254,0,99,0,15,17,12.55929283797741,4.439692497253418,0.92646410362795,0.8388313879258931,0.13142073806375265,1,-11.720461450051516,-11.720098174642771,-16.072521231602877,0.09429551593004186,0.06508872253210332,1.1942634749467407,0.06261534278447241,0.9375,OPEN,-11.720461450051516,"neither certificate fires -- constructive search, then UNDETERMINED",,witness,-2.4994601532816887,,,,,,,one_aux_S,0 62 16 36 6 47 45 32 25 94 73 77 2 70 26 10 80,0.254721344 0.369284153 0.378513426 0.551762104 0.444168687 0.0720586255 0.587350488 0.276636988 1.49492526 0.754528046 2.32355142 1.52976668 0.455343157 0.270912021 0.245056063 0.102508456,WITNESS,pure-path one_aux_S,,9.202957153320312e-05,0.0005033016204833984,0.09440064430236816,57.23046875,57.23046875,57.23046875
mtn_knn,100,3,mtnknn_N100_seed3,ok,100,245,0,99,0,16,18,17.92169263213873,6.269588947296143,1.432754522189498,1.3129990603774786,0.13922674395143986,1,-16.60869357176125,-16.607313996180892,-22.758527057245374,0.08932848699688148,0.07106246052873914,1.199851032227861,0.06895352168442316,0.9411764705882353,OPEN,-16.60869357176125,"neither certificate fires -- constructive search, then UNDETERMINED",,witness,-0.08661912195384502,,,,,,,one_aux_S,0 75 30 32 65 68 61 35 56 57 77 9 45 10 96 14 5 81,0.227623075 2.93037796 3.14164495 0.229211316 0.825346768 0.707409024 0.560620964 0.949243188 1.99465978 1.26763642 1.13054466 2.70386553 0.140237495 0.285799533 0.620048165 0.0972737595 0.0470618345,WITNESS,pure-path one_aux_S,,7.510185241699219e-05,0.0005204677581787109,0.08662247657775879,57.24609375,57.24609375,57.24609375
mtn_knn,100,4,mtnknn_N100_seed4,ok,100,238,0,99,0,18,20,4.005465572699904,6.458361625671387,1.1922918260097504,1.0921802148222923,0.15209627337753773,1,-2.913285357877612,-2.911885118111968,-9.27153537236154,0.017227733444460207,0.2678996046608065,2.351148526333803,0.25832129295363687,0.9473684210526315,OPEN,-2.913285357877612,"neither certificate fires -- constructive search, then UNDETERMINED",,witness,-0.9931919490918517,,,,,,,one_aux_S,0 42 36 50 37 25 13 63 29 1 79 32 30 80 86 60 97 61 15 62,0.161448851 0.101816788 0.12008334 0.170536771 0.100111611 0.417243749 0.239625707 0.164672941 0.679008007 0.242697597 0.0226518027 0.0763016269 0.0649366677 0.0792283118 0.0450624861 0.0930143371 0.0761847943 0.146203339 0.0228897911,WITNESS,pure-path one_aux_S,,0.00010418891906738281,0.0007159709930419922,0.08611536026000977,57.453125,57.453125,57.671875
mtn_knn,100,5,mtnknn_N100_seed5,ok,100,255,0,99,0,14,16,8.001207415014505,5.8803391456604,1.3481034226715565,1.2248247973620892,0.15446290746331215,1,-6.776382617652416,-6.775406684726477,-12.53344313800335,0.048595395707741455,0.1474265612242566,1.5180650382587941,0.1428746627322885,0.9333333333333333,OPEN,-6.776382617652416,"neither certificate fires -- constructive search, then UNDETERMINED",,witness,-0.4528927430510521,,,,,,,one_aux_S,0 94 48 57 82 36 70 72 24 11 17 66 5 49 18 19,0.399136454 1.07226455 0.135807678 0.814230382 0.912290037 0.130708054 0.896628857 1.34561956 0.124171853 1.28579557 0.154522613 0.0617545098 0.14481701 0.0465527922 0.0480295047,WITNESS,pure-path one_aux_S,,9.393692016601562e-05,0.0006525516510009766,0.0854947566986084,57.27734375,57.27734375,57.27734375
mtn_knn,100,6,mtnknn_N100_seed6,ok,100,245,0,99,0,17,19,4.299967005848885,5.406988620758057,1.0900619328022003,0.9998642951250076,0.12019124627113342,1,-3.300102710723877,-3.2996428720653057,-8.616893693804741,0.023390028477876447,0.22682001283450692,2.0198226665443015,0.21961012199505245,0.9444444444444444,OPEN,-3.300102710723877,"neither certificate fires -- constructive search, then UNDETERMINED",,witness,-1.8470194078981876,,,,,,,one_aux_S,0 15 90 67 78 57 83 40 44 5 13 37 48 50 69 53 12 72 8,0.332078427 0.183086649 0.237735227 0.230141327 0.0824840665 0.158220604 0.265140831 0.0510489866 0.138706297 0.0494217463 0.128677681 0.0329886787 0.0408720411 0.156363696 0.0892779604 0.0838440135 0.0901976377 0.205323458,WITNESS,pure-path one_aux_S,,9.894371032714844e-05,0.0006742477416992188,0.08362698554992676,57.24609375,57.24609375,57.46484375
mtn_knn,100,7,mtnknn_N100_seed7,ok,100,245,0,99,0,12,14,7.295153692364693,3.979017734527588,1.3396347686648369,1.2067811861634254,0.22043489664793015,1,-6.088372506201267,-6.088321536779404,-9.934536658227444,0.07639190309312623,0.1574001620203132,1.3246568771921796,0.15269751826020428,0.9230769230769231,OPEN,-6.088372506201267,"neither certificate fires -- constructive search, then UNDETERMINED",,witness,-5.18683896958828,,,,,,,one_aux_S,0 85 41 8 90 40 18 55 56 86 19 2 71 10,0.0361266881 0.105950572 0.0827395916 0.2341979 0.263066798 0.184966207 0.15068081 0.132853583 0.383688807 0.150603592 0.159281597 0.127621084 0.193074986,WITNESS,pure-path one_aux_S,,0.0001544952392578125,0.0006206035614013672,0.14176273345947266,57.53125,57.53125,57.53125
mtn_knn,100,8,mtnknn_N100_seed8,ok,100,242,0,99,0,17,19,10.15088202059269,5.929795742034912,1.3578994181007147,1.2470350321382284,0.11454603634774685,1,-8.903846988454461,-8.903180355206132,-14.722778344526887,0.050348336862677395,0.11969035151657378,1.4174112959895935,0.11602492332600102,0.9444444444444444,OPEN,-8.903846988454461,"neither certificate fires -- constructive search, then UNDETERMINED",,witness,-5.855197537690401,,,,,,,one_aux_S,0 93 54 91 72 78 29 22 41 55 24 46 76 81 59 11 90 13 2,0.0315841623 0.066459991 0.089213036 0.504911661 0.292233795 0.0573989898 0.284694761 0.403564274 0.464310288 0.45828101 0.296545953 0.232665107 0.199854761 0.216244742 0.347002268 0.0908255056 0.109531119 0.300726116,WITNESS,pure-path one_aux_S,,0.00010228157043457031,0.0007722377777099609,0.0892786979675293,57.234375,57.234375,57.453125
mtn_knn,100,9,mtnknn_N100_seed9,ok,100,245,0,99,0,13,15,9.530620388686657,5.945075988769531,0.6473154681734741,0.5778897660784423,0.12455730978399515,1,-8.952730622608215,-8.95271646650508,-14.828380909282714,0.0616581391615926,0.05886361183261708,1.4072819655807955,0.05630398691372223,0.9285714285714286,OPEN,-8.952730622608215,"neither certificate fires -- constructive search, then UNDETERMINED",,witness,-8.316702498588711,,,,,,,one_aux_S,0 57 9 79 17 90 15 41 77 65 26 59 39 67 20,0.135796323 0.0819217712 0.0854393616 0.0591814406 0.00401217258 0.069628492 0.0400146209 0.103650145 0.0561867468 0.103003651 0.10296122 0.141531691 0.133837342 0.193505824,WITNESS,pure-path one_aux_S,,0.00016951560974121094,0.0007073879241943359,0.14182710647583008,57.36328125,57.36328125,57.36328125
mtn_knn,100,10,mtnknn_N100_seed10,ok,100,250,0,99,0,16,18,8.416134264320135,6.285170078277588,2.0148894004523754,1.855323936790228,0.3703973591327667,1,-6.560810327529907,-6.559508301317692,-12.686414942145348,0.04184519949093866,0.2128070613125837,1.5527112177510776,0.2074809146081459,0.9411764705882353,OPEN,-6.560810327529907,"neither certificate fires -- constructive search, then UNDETERMINED",,witness,-0.20421791076660156,,,,,,,one_aux_S,0 41 79 87 98 10 7 32 49 69 9 67 65 36 13 71 47 60,0.0917201191 0.231312022 0.191389948 0.295474112 0.0591425113 0.156961411 0.200683534 0.184837416 0.0337668061 0.996850371 1.02166975 1.5364964 0.680423677 0.463475525 0.336869448 0.292872548 2.87594151,WITNESS,pure-path one_aux_S,,0.00013065338134765625,0.0005342960357666016,0.08948397636413574,57.359375,57.359375,57.359375
mtn_knn,100,11,mtnknn_N100_seed11,ok,100,238,0,99,0,13,15,15.586886376142502,3.505962610244751,1.0182449519634247,0.9104564189910889,0.20513328537344933,1,-14.676429957151413,-14.675218533724546,-18.074604034423828,0.17099316122192873,0.05661675700151606,1.061606236735616,0.054239429045213255,0.9285714285714286,OPEN,-14.676429957151413,"neither certificate fires -- constructive search, then UNDETERMINED",,witness,-4.219185888767242,,,,,,,one_aux_S,0 28 18 52 12 76 42 62 67 47 31 20 56 13 4,0.156586781 0.0935563147 1.06806266 1.32666862 2.92190218 0.290323704 0.107788533 0.491043299 1.29035079 0.68291074 1.3922745 0.69385016 0.657936692 0.388891011,WITNESS,pure-path one_aux_S,,0.00011563301086425781,0.0004258155822753906,0.09059953689575195,57.015625,57.015625,57.015625
mtn_knn,100,12,mtnknn_N100_seed12,ok,100,248,0,99,0,17,19,16.536869771778584,5.691564083099365,1.9934348240494728,1.8610541447997093,0.2025771141052246,1,-14.675815626978874,-14.675688862800598,-20.234999030828476,0.08545603907784002,0.10785593670553864,1.2026821875443812,0.10628748197956879,0.9444444444444444,OPEN,-14.675815626978874,"neither certificate fires -- constructive search, then UNDETERMINED",,witness,-3.048429921269417,,,,,,,one_aux_S,0 54 45 85 39 53 71 65 80 44 61 31 1 78 92 6 12 94 79,0.0583827645 0.0814753845 0.420508564 0.190412372 0.375681967 0.387502581 0.194914818 0.828229427 0.353848308 0.869221568 0.922307193 1.34456515 0.364141613 1.27869952 0.57693392 1.09338808 3.88303208 0.530389071,WITNESS,pure-path one_aux_S,,9.274482727050781e-05,0.0006031990051269531,0.10915517807006836,56.984375,56.984375,57.203125
mtn_knn,100,13,mtnknn_N100_seed13,ok,100,244,0,99,0,17,19,14.164070814847946,3.7351129055023193,2.1217837668955326,1.965254995971918,0.30810265615582466,1,-12.198815818876028,-12.198481265455484,-15.777399953454733,0.11153352753274741,0.13403195536358228,1.1306819435991402,0.13104101124068634,0.9444444444444444,OPEN,-12.198815818876028,"neither certificate fires -- constructive search, then UNDETERMINED",,witness,-2.2304434031248093,,,,,,,one_aux_S,0 68 83 64 59 92 29 21 72 9 75 26 39 44 73 12 13 40 8,0.117343873 0.233442396 0.781739175 0.174848244 0.239135161 0.212667346 1.37598586 0.830882847 0.87359339 1.47218072 0.976562023 0.9612661 1.43756843 0.583316803 0.833854198 0.196840391 0.335224718 0.59435147,WITNESS,pure-path one_aux_S,,0.00011205673217773438,0.0006422996520996094,0.08987903594970703,57.16015625,57.16015625,57.37890625
mtn_knn,100,14,mtnknn_N100_seed14,ok,100,243,0,99,0,14,16,11.955190815031528,5.870349884033203,0.7703328924253583,0.6925712050870061,0.06421907152980566,1,-11.262619609944522,-11.261393702588975,-17.055207806639373,0.07273350123442579,0.05638063760761571,1.3046507038658677,0.05406854657658881,0.9333333333333333,OPEN,-11.262619609944522,"neither certificate fires -- constructive search, then UNDETERMINED",,witness,-9.026730283163488,,,,,,,one_aux_S,0 63 42 28 18 41 32 89 70 68 87 54 46 49 62 4,0.105005264 0.0322122835 0.0777616873 0.0998882651 0.0145083657 0.0261840988 0.190963849 0.0894209966 0.339798003 0.0991378427 0.721074104 0.432616293 0.478491664 0.177635849 0.0875239298,WITNESS,pure-path one_aux_S,,7.224082946777344e-05,0.0004687309265136719,0.08852601051330566,57.015625,57.015625,57.015625
mtn_knn,100,15,mtnknn_N100_seed15,ok,100,251,0,99,0,14,16,13.551553800702095,6.135720252990723,1.3661204231902957,1.2234944803640246,0.1464277096092701,1,-12.32805932033807,-12.327725586481392,-18.321153630502522,0.07887974750395142,0.08820799355344612,1.271172667748899,0.084265479698271,0.9333333333333333,OPEN,-12.32805932033807,"neither certificate fires -- constructive search, then UNDETERMINED",,witness,-8.161915289238095,,,,,,,one_aux_S,0 46 11 79 26 33 95 7 6 67 2 16 3 1 51 78,0.225530624 0.237420261 0.294355929 0.179651245 0.163452372 0.214202479 0.335543454 0.391323864 0.0165648591 0.279744893 0.287611127 0.386779249 0.833751023 1.01082146 1.06577134,WITNESS,pure-path one_aux_S,,0.00013494491577148438,0.0007383823394775391,0.1442241668701172,57.48828125,57.48828125,57.48828125
mtn_knn,100,16,mtnknn_N100_seed16,ok,100,241,0,99,0,15,17,10.551657602190971,3.3427486419677734,1.317149467766285,1.200524441897869,0.234856478869915,1,-9.351133160293102,-9.350501991808414,-12.57725677639246,0.10521937415730562,0.11014295105740393,1.1618809743114238,0.10666491528739072,0.9375,OPEN,-9.351133160293102,"neither certificate fires -- constructive search, then UNDETERMINED",,witness,-4.764292575418949,,,,,,,one_aux_S,0 91 73 85 96 25 84 21 95 93 78 74 12 77 29 61 36,0.0498353541 0.0675942227 0.204192564 0.254555732 0.152408212 0.142106339 0.904898524 0.193272218 0.141283095 0.491788685 0.365335226 0.139891028 0.842623115 0.9041394 0.514586091 0.83771044,WITNESS,pure-path one_aux_S,,9.870529174804688e-05,0.0004725456237792969,0.0877687931060791,57.28515625,57.28515625,57.28515625
mtn_knn,100,17,mtnknn_N100_seed17,ok,100,248,0,99,0,13,15,20.7064179033041,5.005995750427246,1.1910615302622318,1.068452876061201,0.19625131785869598,1,-19.6379650272429,-19.630347356200218,-24.521352123469114,0.15908936569126111,0.04985185419553191,1.0761925088780315,0.047914362499516985,0.9285714285714286,OPEN,-19.6379650272429,"neither certificate fires -- constructive search, then UNDETERMINED",,witness,-15.47220890596509,,,,,,,one_aux_S,0 55 74 93 20 1 22 14 80 49 85 33 68 91 70,0.154052168 0.207087547 0.0541159771 0.0976543278 0.127598152 0.257722616 0.0981865078 0.557933569 0.526952624 0.340849668 1.1439842 0.338284135 0.087750569 2.48407388,WITNESS,pure-path one_aux_S,,9.226799011230469e-05,0.0004436969757080078,0.08686518669128418,57.19921875,57.19921875,57.19921875
mtn_knn,100,18,mtnknn_N100_seed18,ok,100,242,0,99,0,15,17,16.10418176651001,3.3459115028381348,1.3501237705349922,1.2195890322327614,0.167625043541193,1,-14.884592734277248,-14.884398676455021,-18.099969498813152,0.16043641872426295,0.07397368566475042,1.0656764343069887,0.0709980012828678,0.9375,OPEN,-14.884592734277248,"neither certificate fires -- constructive search, then UNDETERMINED",,witness,-6.61266839876771,,,,,,,one_aux_S,0 34 16 56 61 55 35 80 66 81 48 89 96 86 58 54 47,0.0430509225 0.0410036258 0.139326364 1.04415679 0.316917539 2.11028481 0.268464953 1.0384804 0.709393442 1.63051903 0.0412590355 0.0591998845 0.695146441 0.527384579 0.720242739 0.213365629,WITNESS,pure-path one_aux_S,,9.512901306152344e-05,0.0005211830139160156,0.09090709686279297,57.0703125,57.0703125,57.0703125
mtn_knn,100,19,mtnknn_N100_seed19,ok,100,241,0,99,0,17,19,13.436154253780842,4.070430755615234,2.445851344615221,2.270020965486765,0.45543303713202477,1,-11.166133288294077,-11.164613392204046,-15.060733664780855,0.09708579538393644,0.16287348797920623,1.1657938939594044,0.1595626731527816,0.9444444444444444,OPEN,-11.166133288294077,"neither certificate fires -- constructive search, then UNDETERMINED",,witness,-2.9779387302696705,,,,,,,one_aux_S,0 81 63 2 39 95 24 80 22 20 44 26 98 17 8 12 83 97 30,0.114650458 0.0491557233 0.184731543 0.177824438 0.79493928 0.702154994 0.17007412 0.102169149 0.192940086 0.215686172 0.687452793 0.146865919 0.312272042 0.218918994 0.849029243 0.650675833 3.47130084 2.83474779,WITNESS,pure-path one_aux_S,,0.00012111663818359375,0.0005636215209960938,0.09046483039855957,56.7890625,56.7890625,57.0078125
mtn_knn,100,20,mtnknn_N100_seed20,ok,100,246,0,99,0,13,15,14.206361949443817,4.777997016906738,0.7434773184359074,0.6687411032617092,0.14718490093946457,1,-13.537620846182108,-13.535452730953693,-18.240881647914648,0.1143572368470851,0.04535622924462698,1.158150915957384,0.04371097145138343,0.9285714285714286,OPEN,-13.537620846182108,"neither certificate fires -- constructive search, then UNDETERMINED",,witness,-3.9058659486472607,,,,,,,one_aux_S,0 27 57 68 67 45 1 82 69 79 93 46 70 96 21,0.0797098652 0.502672672 0.192251503 0.525086403 1.61985183 0.278952718 0.69549942 0.858148396 0.323574871 0.772239327 3.50895262 0.756000578 0.0573843233 0.260342956,WITNESS,pure-path one_aux_S,,0.00015854835510253906,0.0006844997406005859,0.13753676414489746,57.22265625,57.22265625,57.22265625
mtn_knn,100,21,mtnknn_N100_seed21,ok,100,244,0,99,0,15,17,13.090748079121113,4.2897114753723145,1.5173949915915728,1.3708682674914598,0.22611530497670174,1,-11.719879811629653,-11.718299930915236,-15.863064562901855,0.10172205562290515,0.10227665567048021,1.1714914620781225,0.09817536729035646,0.9375,OPEN,-11.719879811629653,"neither certificate fires -- constructive search, then UNDETERMINED",,witness,-1.5880036056041718,,,,,,,one_aux_S,0 21 12 64 24 45 10 96 73 27 92 66 60 6 75 3 16,0.160006776 0.208389387 0.0359908119 0.178478882 0.299419314 1.67463815 1.25473022 0.0691928267 0.293450862 0.268787324 1.81129599 0.194746718 0.929962814 3.45388842 0.401209295 0.537113369,WITNESS,pure-path one_aux_S,,9.632110595703125e-05,0.0004603862762451172,0.0919349193572998,57.5625,57.5625,57.5625
mtn_knn,100,22,mtnknn_N100_seed22,ok,100,243,0,99,0,15,17,11.164257422089577,4.100451469421387,0.9985115947201848,0.9201953234151006,0.09617661032825708,1,-10.244062098674476,-10.24368233140558,-14.266197296790779,0.0907563269178663,0.07891609885821334,1.206426928133873,0.07727187604925283,0.9375,OPEN,-10.244062098674476,"neither certificate fires -- constructive search, then UNDETERMINED",,witness,-6.190057426691055,,,,,,,one_aux_S,0 80 56 42 78 37 77 66 93 92 3 59 85 97 11 65 68,0.110386573 0.0772444531 0.29594332 0.0471638255 0.554836452 0.238182694 0.237236291 0.109399028 0.0783162713 1.14212942 0.91519326 0.22097151 0.246228293 0.241823539 0.415726662 0.0868368074,WITNESS,pure-path one_aux_S,,8.606910705566406e-05,0.00048065185546875,0.09064745903015137,57.0703125,57.0703125,57.0703125
mtn_knn,100,23,mtnknn_N100_seed23,ok,100,248,0,99,0,13,15,16.728298604488373,6.298972129821777,0.7882427237927914,0.7135845459997654,0.143008123151958,1,-16.014714058488607,-16.01432891562581,-22.23902801051736,0.1021430301503547,0.040837607583741845,1.1930064402593104,0.0396103774180424,0.9285714285714286,OPEN,-16.014714058488607,"neither certificate fires -- constructive search, then UNDETERMINED",,witness,-8.048295252025127,,,,,,,one_aux_S,0 43 37 39 69 61 16 10 73 72 67 2 30 66 25,0.133440226 0.793916285 2.69088984 0.734000266 1.45143163 0.302702039 0.166458249 0.86468184 0.878268182 0.387445211 0.051817432 0.0880131945 0.0721469447 0.129584029,WITNESS,pure-path one_aux_S,,0.0001373291015625,0.0007526874542236328,0.14276647567749023,57.2578125,57.2578125,57.2578125
mtn_knn,100,24,mtnknn_N100_seed24,ok,100,241,0,99,0,13,15,17.250669166445732,5.774415493011475,1.8118855021893978,1.645109947770834,0.32500431686639786,1,-15.605559218674898,-15.604327876120806,-21.21319915726781,0.11490120107143625,0.09102839741536148,1.1567709738671577,0.08855320797235909,0.9285714285714286,OPEN,-15.605559218674898,"neither certificate fires -- constructive search, then UNDETERMINED",,witness,-8.213330268859863,,,,,,,one_aux_S,0 89 17 66 29 85 37 53 84 65 1 14 30 58 19,0.138445124 0.490737647 0.121563815 0.187033504 0.532966137 0.120792642 0.462846786 0.650630832 0.355112731 1.83524716 2.56177139 0.737656951 0.749648988 0.185770378,WITNESS,pure-path one_aux_S,,9.989738464355469e-05,0.0004475116729736328,0.08849358558654785,57.54296875,57.54296875,57.54296875
mtn_knn,100,25,mtnknn_N100_seed25,ok,100,250,0,99,0,14,16,15.384383767843246,7.17879056930542,0.7502370504662395,0.6552386982366443,0.029308439232409,1,-14.729145069606602,-14.725645885802805,-21.812937286682427,0.07653688627890061,0.04267037465160614,1.2832998606204715,0.03975174615914668,0.9333333333333333,OPEN,-14.729145069606602,"neither certificate fires -- constructive search, then UNDETERMINED",,witness,-3.191595211625099,,,,,,,one_aux_S,0 32 2 27 18 56 35 16 5 93 61 67 72 57 92 84,4.54036331 1.06539834 1.42532253 0.728127301 0.55615139 0.98135668 1.09552324 0.718821466 0.396789342 0.0949983522 0.100347705 0.130279452 0.205570176 0.048648864 0.210180819,WITNESS,pure-path one_aux_S,,7.772445678710938e-05,0.0008070468902587891,0.08927583694458008,57.36328125,57.36328125,57.36328125
mtn_knn,100,26,mtnknn_N100_seed26,ok,100,240,0,99,0,14,16,10.465017884969711,4.278149604797363,1.7014643624424934,1.5509359911084175,0.26543407514691353,1,-8.914081893861294,-8.912122510373592,-13.041703127324581,0.08736268557083832,0.1422626634279747,1.2327042051284107,0.13832181409330155,0.9333333333333333,OPEN,-8.914081893861294,"neither certificate fires -- constructive search, then UNDETERMINED",,witness,-3.455476488918066,,,,,,,one_aux_S,0 47 46 27 41 84 94 12 86 62 90 14 48 38 54 35,0.0588168986 0.374673456 0.113669917 0.219249889 0.341554642 0.101624012 0.321757734 0.683760226 0.189703092 2.3087523 0.650680006 0.272805005 0.177784383 0.150528371 2.08836293,WITNESS,pure-path one_aux_S,,0.0001010894775390625,0.0004565715789794922,0.0907132625579834,57.11328125,57.11328125,57.11328125
mtn_knn,100,27,mtnknn_N100_seed27,ok,100,248,0,99,0,14,16,13.776642113924026,4.010161399841309,1.5214039515703917,1.3912120293825865,0.2791883014142513,1,-12.38543008454144,-12.383563922718167,-16.265399562194943,0.12269404734173898,0.09662938520255401,1.1296985829961217,0.09425116439983043,0.9333333333333333,OPEN,-12.38543008454144,"neither certificate fires -- constructive search, then UNDETERMINED",,witness,-2.9918075893074274,,,,,,,one_aux_S,0 70 17 87 26 24 60 42 7 53 95 89 30 45 4 54,0.301682234 0.809078157 0.142747268 0.255864143 0.987812042 0.0301209372 2.62697959 1.54353273 2.19964027 0.505583882 0.181487098 0.611100674 0.357129514 0.132822663 0.198506638,WITNESS,pure-path one_aux_S,,0.0001957416534423828,0.0007088184356689453,0.14559626579284668,57.34375,57.34375,57.34375
mtn_knn,100,28,mtnknn_N100_seed28,ok,100,234,0,99,0,15,17,14.304867595434189,3.410893440246582,1.8876672126352787,1.7148746587336063,0.3722885847091675,1,-12.589992936700583,-12.589799035340548,-15.828093823045492,0.13979590045865964,0.11643510196226835,1.0927436937620942,0.11238796737104356,0.9375,OPEN,-12.589992936700583,"neither certificate fires -- constructive search, then UNDETERMINED",,witness,-3.015576619654894,,,,,,,one_aux_S,0 85 33 64 25 21 78 46 1 55 62 39 5 35 77 90 80,0.16628769 0.765581429 0.0826217085 0.699774384 0.310263127 0.656118095 1.35154307 0.187354282 0.40211615 0.766027749 2.29580855 2.20236564 0.427627951 0.733970582 0.200458854 0.0827434286,WITNESS,pure-path one_aux_S,,0.00010275840759277344,0.0004904270172119141,0.09054136276245117,57.40234375,57.40234375,57.40234375
mtn_knn,100,29,mtnknn_N100_seed29,ok,100,248,0,99,0,13,15,6.880071062594652,6.66514778137207,0.9379938058555126,0.8458082415163517,0.11100329458713531,1,-6.0342628210783005,-6.033088032156229,-12.60722503811121,0.03970176303242122,0.11815691403167013,1.706259943824477,0.11415483357320651,0.9285714285714286,OPEN,-6.0342628210783005,"neither certificate fires -- constructive search, then UNDETERMINED",,witness,-0.15297184512019157,,,,,,,one_aux_S,0 66 74 17 38 12 26 81 68 36 13 86 1 41 11,0.329420626 0.814926267 0.694742501 0.436777622 1.11590791 1.72699797 0.333479375 0.62065357 0.0815380663 0.106939025 0.044529926 0.201693416 0.0476508923 0.343684107,WITNESS,pure-path one_aux_S,,8.606910705566406e-05,0.00044035911560058594,0.0929098129272461,56.88671875,56.88671875,56.88671875
mtn_knn,100,30,mtnknn_N100_seed30,ok,100,246,0,99,0,14,16,11.516554564237595,5.111512660980225,0.8751493794843554,0.7796409828588367,0.06889807991683483,1,-10.736913581378758,-10.735355385579169,-15.752917845733464,0.08046649738170998,0.06649173611582716,1.2633603862084237,0.06318425474182489,0.9333333333333333,OPEN,-10.736913581378758,"neither certificate fires -- constructive search, then UNDETERMINED",,witness,-0.03970758616924286,,,,,,,one_aux_S,0 10 71 94 73 74 93 4 80 82 98 79 55 11 95 88,1.21788692 2.32925057 0.446776986 0.527428985 0.996390522 0.58786881 0.258855045 2.75375485 1.11453009 0.635706782 0.313791335 0.125925422 0.0581499524 0.064334698 0.092392005,WITNESS,pure-path one_aux_S,,7.343292236328125e-05,0.0008351802825927734,0.09256482124328613,57.26171875,57.26171875,57.26171875
mtn_knn,100,31,mtnknn_N100_seed31,ok,100,242,0,99,0,15,17,14.995658934116364,4.6198811531066895,0.7709803143516183,0.7095016175881028,0.09583968389779329,1,-14.28615731652826,-14.285398573614657,-18.844559772871435,0.1081965706991717,0.04536491200194107,1.1541893267090437,0.04435668811962357,0.9375,OPEN,-14.28615731652826,"neither certificate fires -- constructive search, then UNDETERMINED",,witness,-4.9937775284051895,,,,,,,one_aux_S,0 43 65 8 61 13 42 47 83 91 37 16 12 53 79 18 97,0.512554824 0.942762554 0.143640891 0.0633395538 1.06593287 1.40483952 0.14438802 1.12840366 0.97264266 0.32317698 0.124982558 0.406370699 0.505662441 0.134278163 1.80367148 0.650469065,WITNESS,pure-path one_aux_S,,9.655952453613281e-05,0.0004994869232177734,0.0910947322845459,57.03125,57.03125,57.03125
mtn_knn,100,32,mtnknn_N100_seed32,ok,100,251,0,99,0,14,16,15.602103672921658,4.946462631225586,1.0290588987991214,0.9205981371924281,0.22035910934209824,1,-14.68150553572923,-14.681065582670271,-19.519507405348122,0.11264979235890207,0.057711867279280606,1.1524084119075653,0.05507109464587779,0.9333333333333333,OPEN,-14.68150553572923,"neither certificate fires -- constructive search, then UNDETERMINED",,witness,-12.855590088292956,,,,,,,one_aux_S,0 72 30 29 86 5 81 50 62 45 98 55 51 1 46 69,0.0215169564 0.0912612975 0.101901971 0.0264306348 0.119889006 0.0502300896 0.132954121 0.313430905 0.409829199 0.0682204589 0.109295607 0.245620206 0.0494290181 0.972355783 0.0682966635,WITNESS,pure-path one_aux_S,,0.0001983642578125,0.0007424354553222656,0.14257168769836426,57.4609375,57.4609375,57.4609375
mtn_knn,100,33,mtnknn_N100_seed33,ok,100,246,0,99,0,14,16,2.070079531520605,5.0577521324157715,0.4636984681710601,0.4179951502010226,0.049436948262155056,1,-1.6520843813195825,-1.6519113527610898,-6.6641331957653165,0.01461744464822344,0.19600027606264894,3.0128565646765098,0.18846078177861764,0.9333333333333333,OPEN,-1.6520843813195825,"neither certificate fires -- constructive search, then UNDETERMINED",,witness,-0.8103317962959409,,,,,,,one_aux_S,0 16 30 44 91 84 66 28 38 60 97 98 29 73 20 6,0.045703318 0.0583518595 0.0896913558 0.155242071 0.12384744 0.0453572609 0.09802524 0.0391716696 0.0263579283 0.0338008367 0.00438629929 0.113262668 0.194021821 0.190540776 0.0839743838,WITNESS,pure-path one_aux_S,,0.00013971328735351562,0.0007274150848388672,0.1432490348815918,57.40234375,57.40234375,57.40234375
mtn_knn,100,34,mtnknn_N100_seed34,ok,100,247,0,99,0,13,15,7.203869506716728,6.304512977600098,0.9948057718575001,0.8918232955038548,0.08114397898316383,1,-6.3120462112128735,-6.305405788123608,-12.513576712459326,0.043948185226824754,0.11968081896439636,1.625135603695438,0.11495511277198613,0.9285714285714286,OPEN,-6.3120462112128735,"neither certificate fires -- constructive search, then UNDETERMINED",,witness,-5.058578860014677,,,,,,,one_aux_S,0 15 77 22 41 6 60 49 97 52 10 18 54 59 69,0.154298529 0.267231584 0.175018415 0.109264277 0.0697980896 0.0124750827 0.0283617619 0.122638084 0.236337543 0.269222885 0.242975309 0.129077256 0.298058957 0.0610657483,WITNESS,pure-path one_aux_S,,7.796287536621094e-05,0.00043654441833496094,0.09163045883178711,57.390625,57.390625,57.390625
mtn_knn,100,35,mtnknn_N100_seed35,ok,100,249,0,99,0,17,19,14.376278162002563,2.9517719745635986,2.0122057907283306,1.8774515949189663,0.27996401116251945,1,-12.498826567083597,-12.498472560197115,-15.315844345837831,0.14324673934532062,0.12523371032293676,1.0784463603390118,0.12333851004783189,0.9444444444444444,OPEN,-12.498826567083597,"neither certificate fires -- constructive search, then UNDETERMINED",,witness,-5.618243753910065,,,,,,,one_aux_S,0 11 75 46 74 58 65 26 35 30 67 27 31 98 37 3 51 53 36,0.924966395 0.352131635 0.134046182 0.599347413 0.787911355 0.953698933 0.178914383 0.693929076 0.0639406741 0.133862898 0.167498052 0.571867824 0.160397768 0.111289695 0.548638463 1.43759084 0.348196387 1.17961287,WITNESS,pure-path one_aux_S,,0.00021314620971679688,0.0009262561798095703,0.1439824104309082,57.2734375,57.2734375,57.2734375
mtn_knn,100,36,mtnknn_N100_seed36,ok,100,243,0,99,0,17,19,12.965149030089378,4.855848789215088,1.7976114004850388,1.6644041538238525,0.2695598490536213,1,-11.300744876265526,-11.299729861319065,-16.023386418819427,0.0785296102087492,0.12405481372174519,1.2298434267900844,0.12124328480459877,0.9444444444444444,OPEN,-11.300744876265526,"neither certificate fires -- constructive search, then UNDETERMINED",,witness,-6.391702678054571,,,,,,,one_aux_S,0 46 22 79 6 20 12 36 40 69 43 21 63 3 66 15 56 67 93,0.0937332585 0.113045394 0.0418723114 0.133207247 0.139660761 0.32634005 0.328265727 0.110950403 0.483300686 0.153579623 0.158456296 0.157428935 0.104341298 1.23440945 1.62622142 0.168473825 0.443540752 1.51323783,WITNESS,pure-path one_aux_S,,0.00011134147644042969,0.0006158351898193359,0.09037423133850098,57.2265625,57.2265625,57.2265625
mtn_knn,100,37,mtnknn_N100_seed37,ok,100,245,0,99,0,14,16,6.8637037724256516,2.9141860008239746,1.1042314218357205,0.9987868117168546,0.18500648066401482,1,-5.864916960708797,-5.863846681080759,-8.673658351413906,0.08411689491244562,0.1407698417854063,1.246506818368974,0.13581603390491628,0.9333333333333333,OPEN,-5.864916960708797,"neither certificate fires -- constructive search, then UNDETERMINED",,witness,-3.3550657210871577,,,,,,,one_aux_S,0 78 49 65 55 52 51 72 18 8 92 5 35 56 20 29,0.112929627 0.201207489 0.141370818 0.0796988904 0.358552903 0.10544461 0.0346235186 0.156661585 0.256467849 0.00998860318 0.134664685 0.482657909 0.51961714 0.301804125 1.2258966,WITNESS,pure-path one_aux_S,,0.00010561943054199219,0.0004432201385498047,0.08963727951049805,57.3984375,57.3984375,57.3984375
mtn_knn,100,38,mtnknn_N100_seed38,ok,100,250,0,99,0,16,18,10.829892754554749,5.155338764190674,0.7765864728717133,0.702523477259092,0.037068309262394905,1,-10.127369277295657,-10.126836918410845,-15.208645045873709,0.06564731515426726,0.0637401590802234,1.3120254286316289,0.06105310383189207,0.9411764705882353,OPEN,-10.127369277295657,"neither certificate fires -- constructive search, then UNDETERMINED",,witness,-8.882521281018853,,,,,,,one_aux_S,0 33 16 17 27 8 28 78 9 4 63 37 86 67 34 1 43 73,0.0856887177 0.19012019 0.0761506185 0.177029207 0.132887304 0.0729982778 0.140164316 0.354218453 0.0583259761 0.141269207 0.113038823 0.0135529274 0.00566913467 0.127594039 0.107710585 0.123397343 0.0551127084,WITNESS,pure-path one_aux_S,,7.390975952148438e-05,0.0005857944488525391,0.08829927444458008,57.0625,57.0625,57.0625
mtn_knn,100,39,mtnknn_N100_seed39,ok,100,246,0,99,0,18,20,26.28953704237938,6.478280067443848,2.1210570633411407,1.921555072069168,0.1419464498758316,1,-24.36798197031021,-24.345378816127777,-30.646760046482086,0.11272512306372302,0.07261258933277336,1.121778422773312,0.06924506094030035,0.9473684210526315,OPEN,-24.36798197031021,"neither certificate fires -- constructive search, then UNDETERMINED",,witness,-6.704747714102268,,,,,,,one_aux_S,0 74 35 95 58 73 92 37 44 32 52 62 9 77 6 3 59 53 93 67,0.70698595 0.705406487 0.0976830795 0.232735574 0.468194932 0.0636672676 0.704179823 1.89613199 1.07317019 0.239591762 1.55412459 0.154295683 6.47828007 0.856102586 1.45930946 0.856688857 1.4232384 0.470836729 0.288331807,WITNESS,pure-path one_aux_S,,9.036064147949219e-05,0.0013823509216308594,0.08978843688964844,57.34765625,57.34765625,57.56640625
mtn_knn,100,40,mtnknn_N100_seed40,ok,100,240,0,99,0,15,17,10.390786446630955,3.5066444873809814,0.906794773414731,0.8176918346434832,0.11888087075203657,1,-9.573094611987472,-9.570728516206145,-12.990636160597205,0.09877235900800382,0.07700216335649579,1.1801261745109,0.07377556058105868,0.9375,OPEN,-9.573094611987472,"neither certificate fires -- constructive search, then UNDETERMINED",,witness,-7.366338953375816,,,,,,,one_aux_S,0 65 37 50 55 76 13 96 2 17 15 85 60 23 31 69 81,0.025683336 0.0810183436 0.0927520096 0.0994869322 0.19992207 0.106741503 0.0938436016 0.0891029388 0.172102869 0.141923442 0.134296656 0.0313274339 0.917160094 0.18977268 0.248289242 0.802048683,WITNESS,pure-path one_aux_S,,0.00010442733764648438,0.0005173683166503906,0.0900883674621582,57.14453125,57.14453125,57.14453125
mtn_knn,140,8,mtnknn_N140_seed8,ok,140,334,0,139,0,17,19,9.967571057379246,5.80078125,1.0342978276312351,0.951319832354784,0.09779378585517406,1,-9.016251225024462,-9.015872489660978,-14.73405447974801,0.05053868470368562,0.09284351892389972,1.4154427059000345,0.09013918490123397,0.9444444444444444,OPEN,-9.016251225024462,"neither certificate fires -- constructive search, then UNDETERMINED",,witness,-3.2421617098152637,,,,,,,one_aux_S,0 93 54 91 117 22 41 109 55 24 21 126 89 53 30 3 16 82 123,0.0315841623 0.066459991 0.089213036 0.307384104 0.415648043 0.403564274 0.495948434 0.0744757131 0.45828101 0.790888667 0.115092881 0.397068679 0.234520048 0.133785129 1.73240507 0.364121348 0.366473377 0.49699077,WITNESS,pure-path one_aux_S,,0.00011730194091796875,0.0008032321929931641,0.0926661491394043,57.890625,57.890625,57.890625
mtn_knn,140,11,mtnknn_N140_seed11,ok,140,335,0,139,0,19,21,9.060361333191395,3.336771249771118,1.1556892171502113,1.0769891068339348,0.13110745325684547,1,-7.98337222635746,-7.979781202971935,-11.241443365812302,0.0714554710383963,0.1154063882188805,1.2379697538394072,0.1129248176608703,0.95,OPEN,-7.98337222635746,"neither certificate fires -- constructive search, then UNDETERMINED",,witness,-0.6408818513154984,,,,,,,one_aux_S,0 28 18 99 15 92 135 55 83 9 23 123 50 111 87 77 114 60 35 44 6,0.156586781 0.0935563147 0.442952394 0.520094812 1.62739348 0.868670821 0.10523887 0.422798723 0.108498588 0.0689019561 0.352534056 0.258754313 0.0806038603 0.0822023898 0.779597998 0.189645916 0.52510339 1.05442882 0.219835073 0.924161851,WITNESS,pure-path one_aux_S,,0.00014066696166992188,0.000812530517578125,0.09304022789001465,57.953125,57.953125,57.953125
mtn_knn,140,12,mtnknn_N140_seed12,ok,140,347,0,139,0,17,19,7.140819676220417,4.838096618652344,1.1388033227995038,1.0452878596261144,0.09134777821600437,1,-6.095531816594303,-6.090129270218313,-10.840112972073257,0.043410482402195666,0.1426908023197584,1.5009450208089667,0.1382497187482032,0.9444444444444444,OPEN,-6.095531816594303,"neither certificate fires -- constructive search, then UNDETERMINED",,witness,-0.05370049923658371,,,,,,,one_aux_S,0 54 45 114 39 138 74 70 101 130 110 26 96 21 116 17 84 19 22,0.0583827645 0.0814753845 0.182948977 0.358539671 0.298878342 0.837963283 1.01817763 0.34904775 0.132936701 0.201475143 0.746818244 1.13437533 0.147810459 0.0587241948 0.617359281 0.68615967 0.116263069 0.11956656,WITNESS,pure-path one_aux_S,,0.00014972686767578125,0.001424551010131836,0.14445042610168457,57.96875,57.96875,57.96875
mtn_knn,140,13,mtnknn_N140_seed13,ok,140,341,0,139,0,18,20,10.797184325754642,3.471510171890259,1.4527924465946853,1.3368732812814415,0.10060848668217659,1,-9.460311044473201,-9.459446158725768,-12.815902051050216,0.0863951917108192,0.1210976086438009,1.1893679556112295,0.11730016747181261,0.9473684210526315,OPEN,-9.460311044473201,"neither certificate fires -- constructive search, then UNDETERMINED",,witness,-3.8574189958162606,,,,,,,one_aux_S,0 68 130 83 64 59 92 29 123 134 43 18 50 99 127 84 62 7 20 108,0.117343873 0.191257611 0.15771924 0.781739175 0.174848244 0.239135161 0.212667346 1.65197563 0.0503321663 0.0869126245 0.685810566 1.33655524 0.579157054 0.00297732605 0.158125594 0.105852634 0.179809988 0.167744666 0.119602375,WITNESS,pure-path one_aux_S,,9.226799011230469e-05,0.0007712841033935547,0.09434652328491211,57.50390625,57.50390625,57.50390625
mtn_knn,140,14,mtnknn_N140_seed14,ok,140,340,0,139,0,15,17,13.700724743306637,5.870349884033203,0.6135644372552633,0.5551593210548162,0.06421907152980566,1,-13.14556542225182,-13.14186492562294,-18.957510190084577,0.07779618486098142,0.03951472611534321,1.2604147286335288,0.037987907445783634,0.9375,OPEN,-13.14556542225182,"neither certificate fires -- constructive search, then UNDETERMINED",,witness,-12.143082433380187,,,,,,,one_aux_S,0 122 6 57 79 43 39 86 12 89 70 37 72 41 18 32 42,0.0801855326 0.0415373296 0.0476303399 0.0921217203 0.10672421 0.21554631 0.0825008526 0.275049448 0.120980002 0.0894209966 0.195792645 0.0152812358 0.114340939 0.0145083657 0.0235266071 0.0849915519,WITNESS,pure-path one_aux_S,,0.00010180473327636719,0.0006504058837890625,0.09270381927490234,57.68359375,57.68359375,57.68359375
mtn_knn,140,15,mtnknn_N140_seed15,ok,140,344,0,139,0,14,16,17.400411069393158,5.540056228637695,0.8066295264288783,0.7048889128491282,0.12832258082926273,1,-16.69552215654403,-16.69385187048465,-22.133837771601975,0.11217273378309024,0.040562308143785905,1.1535882000560715,0.03780924002516284,0.9333333333333333,OPEN,-16.69552215654403,"neither certificate fires -- constructive search, then UNDETERMINED",,witness,-6.858911979943514,,,,,,,one_aux_S,0 46 11 107 123 8 62 10 29 43 111 104 9 63 128 23,0.225530624 0.237420261 0.129477412 0.3349787 0.987025917 2.10144782 2.2732842 0.0290043466 0.0727930665 0.830008149 1.74281609 0.129274487 0.480704218 0.297087133 1.34129333,WITNESS,pure-path one_aux_S,,0.00010538101196289062,0.0005955696105957031,0.09068870544433594,57.84765625,57.84765625,57.84765625
mtn_knn,140,17,mtnknn_N140_seed17,ok,140,341,0,139,0,16,18,11.209522068500519,4.352510929107666,1.132802663370967,1.034678464755416,0.19625131785869598,1,-10.174843603745103,-10.17460866831243,-14.429230334237218,0.08048171971217952,0.08982860238116191,1.234032828122758,0.08687391127839779,0.9411764705882353,OPEN,-10.174843603745103,"neither certificate fires -- constructive search, then UNDETERMINED",,witness,-6.072075618430972,,,,,,,one_aux_S,0 55 111 130 112 93 74 1 20 138 22 14 80 49 85 99 15 67,0.154052168 0.184754342 0.267209679 0.165817559 0.109502964 0.0541159771 0.14525266 0.127598152 0.106652632 0.0275998693 0.0981865078 0.557933569 0.526952624 0.340849668 0.807720661 1.09362304 0.739248753,WITNESS,pure-path one_aux_S,,0.00022077560424804688,0.0011973381042480469,0.14649248123168945,57.8515625,57.8515625,57.8515625
mtn_knn,140,18,mtnknn_N140_seed18,ok,140,338,0,139,0,16,18,14.055727265775204,2.748713731765747,1.1804594807326794,1.0810786820948124,0.167625043541193,1,-12.974648583680391,-12.974125400185585,-15.623981516808271,0.159798916845848,0.07465265200199196,1.0627184637449811,0.07238941103529302,0.9411764705882353,OPEN,-12.974648583680391,"neither certificate fires -- constructive search, then UNDETERMINED",,witness,-7.329704105854034,,,,,,,one_aux_S,0 34 16 56 110 97 129 78 120 2 138 79 95 116 133 11 17 104,0.0430509225 0.0410036258 0.139326364 0.160724372 0.254619449 0.333470106 0.604490638 0.435770303 0.235975698 0.381702542 0.457927972 1.29762959 0.947822928 0.604825377 0.226898342 0.528605223 0.0643594041,WITNESS,pure-path one_aux_S,,0.00010752677917480469,0.0006875991821289062,0.0897982120513916,57.73046875,57.73046875,57.73046875
mtn_knn,140,20,mtnknn_N140_seed20,ok,140,342,0,139,0,16,18,14.361943393945694,5.541752815246582,0.6982835195958614,0.6404466703534126,0.1127331405878067,1,-13.721496723592281,-13.721270460635424,-19.205412689596415,0.08098714360301777,0.043218138718235294,1.2318788567032708,0.04197017912334289,0.9411764705882353,OPEN,-13.721496723592281,"neither certificate fires -- constructive search, then UNDETERMINED",,witness,-5.971865884959698,,,,,,,one_aux_S,0 27 115 57 114 68 18 133 43 52 120 7 25 26 61 138 21 96,0.0797098652 0.165191844 0.356942654 0.134612873 0.101796955 0.724271059 0.240322024 1.02596736 0.915327847 0.58904016 1.35521019 1.39071906 0.511156797 0.145469472 0.300174594 0.223993286 0.260342956,WITNESS,pure-path one_aux_S,,0.0001304149627685547,0.0007190704345703125,0.09049439430236816,57.59765625,57.59765625,57.59765625
mtn_knn,140,21,mtnknn_N140_seed21,ok,140,343,0,139,0,16,18,12.144593007862568,3.5817275047302246,1.3379449043422937,1.2242683786898851,0.22611530497670174,1,-10.920324629172683,-10.915612848475575,-14.388375608250499,0.10595963288510708,0.09792706586753577,1.151043230324721,0.09487782677955069,0.9411764705882353,OPEN,-10.920324629172683,"neither certificate fires -- constructive search, then UNDETERMINED",,witness,-4.985128581523895,,,,,,,one_aux_S,0 21 12 64 24 45 10 105 110 3 75 125 61 129 18 43 7 15,0.160006776 0.208389387 0.0359908119 0.178478882 0.299419314 1.67463815 0.86726886 0.313301325 0.102043867 0.401209295 0.527661026 0.45320645 0.433984905 0.0609601289 0.357400566 0.76468724 0.641634881,WITNESS,pure-path one_aux_S,,0.0002288818359375,0.0011234283447265625,0.14747405052185059,57.84765625,57.84765625,57.84765625
mtn_knn,140,23,mtnknn_N140_seed23,ok,140,343,0,139,0,16,18,11.506510451436043,3.9666569232940674,0.7491810247302055,0.6833150535821915,0.13885358534753323,1,-10.823195397853851,-10.82301477715373,-14.723986349999905,0.09065025248232668,0.05787494753163507,1.1953169132696635,0.055891840810002896,0.9411764705882353,OPEN,-10.823195397853851,"neither certificate fires -- constructive search, then UNDETERMINED",,witness,-1.9439149461686611,,,,,,,one_aux_S,0 43 131 37 111 39 69 16 10 61 73 72 114 67 2 30 116 66,0.133440226 0.103066772 0.871443927 2.39884996 0.292418003 0.734000266 1.6562047 0.166458249 0.362544328 1.20922172 0.878268182 0.132061109 0.422880262 0.051817432 0.0880131945 0.0341942087 0.0554259196,WITNESS,pure-path one_aux_S,,0.00012564659118652344,0.0007393360137939453,0.09019589424133301,57.84765625,57.84765625,57.84765625
mtn_knn,140,24,mtnknn_N140_seed24,ok,140,341,0,139,0,18,20,18.454706512391567,4.187530517578125,1.6624997183680534,1.5417070761322975,0.2343151569366455,1,-16.91299943625927,-16.911078710108995,-20.97973731160164,0.12241838818927661,0.08107686489224733,1.104217686327861,0.07914320379250765,0.9473684210526315,OPEN,-16.91299943625927,"neither certificate fires -- constructive search, then UNDETERMINED",,witness,-7.3912261463701725,,,,,,,one_aux_S,0 134 89 136 17 66 29 108 100 49 12 123 65 84 53 37 85 10 87 26,0.102698311 0.0550014749 0.41727972 0.147410929 0.121563815 0.187033504 0.056198258 0.155394077 0.554366231 1.83821404 0.295311123 0.55068171 0.355112731 0.650630832 0.462846786 0.120792642 1.29940844 2.73627734 1.91451681,WITNESS,pure-path one_aux_S,,0.00012612342834472656,0.0008168220520019531,0.09182357788085938,57.70703125,57.70703125,57.70703125
mtn_knn,140,26,mtnknn_N140_seed26,ok,140,340,0,139,0,18,20,9.88199757039547,6.029809951782227,1.5500130522996187,1.421997832134366,0.26543407514691353,1,-8.459999738261104,-8.452827086672187,-14.361794469878078,0.04552381164680846,0.14116697936142375,1.4491631543061416,0.13632424328915185,0.9473684210526315,OPEN,-8.459999738261104,"neither certificate fires -- constructive search, then UNDETERMINED",,witness,-2.151104722172022,,,,,,,one_aux_S,0 47 133 46 27 41 107 84 94 86 62 106 70 12 99 90 105 131 121 132,0.0588168986 0.309218436 0.0938293561 0.113669917 0.219249889 0.311278075 0.163385764 0.101624012 0.459361613 0.189703092 0.141454279 0.071505487 0.951002419 0.726187468 0.892622471 0.87420696 1.00505078 0.898151875 0.301148117,WITNESS,pure-path one_aux_S,,0.0002377033233642578,0.0013475418090820312,0.09363198280334473,57.89453125,57.89453125,57.89453125
mtn_knn,140,27,mtnknn_N140_seed27,ok,140,342,0,139,0,15,17,13.781297385692596,4.010161399841309,1.0075331879779696,0.9112762911245227,0.11012274585664272,1,-12.870021094568074,-12.868339241482317,-16.783925597555935,0.11455313981658323,0.06450770539704086,1.13910508915753,0.06199137127801738,0.9375,OPEN,-12.870021094568074,"neither certificate fires -- constructive search, then UNDETERMINED",,witness,-3.1774401534348726,,,,,,,one_aux_S,0 70 114 17 120 87 26 24 60 42 7 53 95 125 89 99 30,0.301682234 0.687338114 0.294004381 0.0984183103 0.172556385 0.255864143 0.987812042 0.0301209372 2.62697959 1.54353273 2.19964027 0.505583882 0.205558583 0.102317959 0.193674237 0.797546864,WITNESS,pure-path one_aux_S,,0.000152587890625,0.0010504722595214844,0.1415565013885498,57.796875,57.796875,57.796875
mtn_knn,140,29,mtnknn_N140_seed29,ok,140,341,0,139,0,15,17,6.982309725135565,4.171717166900635,0.664989585056901,0.6059797089546919,0.11100329458713531,1,-6.376330016180873,-6.374572537839413,-10.489037306979299,0.05579085258971069,0.08403458731061736,1.409531920178248,0.08136361741443568,0.9375,OPEN,-6.376330016180873,"neither certificate fires -- constructive search, then UNDETERMINED",,witness,-0.220027269795537,,,,,,,one_aux_S,0 66 74 17 38 12 111 67 130 11 1 41 132 86 13 36 123,0.329420626 0.814926267 0.694742501 0.436777622 1.11590791 1.73703265 0.74837774 0.0493420362 0.0881564245 0.296147287 0.0476508923 0.196272627 0.0265539847 0.044529926 0.106939025 0.0590098761,WITNESS,pure-path one_aux_S,,0.00010585784912109375,0.0006392002105712891,0.0920109748840332,57.80078125,57.80078125,57.80078125
mtn_knn,140,30,mtnknn_N140_seed30,ok,140,344,0,139,0,15,17,16.618438594043255,3.9074394702911377,0.4999974062666297,0.4423872968181968,0.053503040224313736,1,-16.176051297225058,-16.174490046687424,-20.025880658067763,0.14176750717356634,0.026547270340915342,1.089817721310281,0.024956501684563735,0.9375,OPEN,-16.176051297225058,"neither certificate fires -- constructive search, then UNDETERMINED",,witness,-3.6511675510555506,,,,,,,one_aux_S,0 112 138 105 10 104 97 83 14 71 94 73 80 119 131 128 74,0.0208147299 0.216387525 0.515717149 0.989748657 0.0275961459 1.69293487 3.04573631 0.882743061 1.64006829 0.446776986 0.527428985 1.11979818 0.242099985 0.510875523 0.36873731 1.43961465,WITNESS,pure-path one_aux_S,,9.083747863769531e-05,0.0006525516510009766,0.09086155891418457,57.84765625,57.84765625,57.84765625
mtn_knn,140,31,mtnknn_N140_seed31,ok,140,334,0,139,0,18,20,14.678381375968456,3.30788516998291,0.9110791264101863,0.8496004296466708,0.09583968389779329,1,-13.828780946321785,-13.828022203408182,-17.07518741954118,0.12326087365397581,0.05586250913957243,1.1028218627606134,0.054834698523214986,0.9473684210526315,OPEN,-13.828780946321785,"neither certificate fires -- constructive search, then UNDETERMINED",,witness,-5.597687862813473,,,,,,,one_aux_S,0 107 43 132 65 8 61 13 42 47 133 91 37 16 12 53 79 118 18 46,0.259684414 0.772200227 0.717959881 0.227835819 0.143640891 0.0633395538 1.06593287 1.40483952 0.14438802 0.336308777 0.164261997 0.32317698 0.124982558 0.406370699 0.505662441 0.134278163 0.97400558 0.8321504 0.959349453,WITNESS,pure-path one_aux_S,,0.00010228157043457031,0.0007958412170410156,0.09591221809387207,57.4375,57.4375,57.4375
mtn_knn,140,34,mtnknn_N140_seed34,ok,140,343,0,139,0,15,17,8.779983341693878,4.619986057281494,0.6617821366526186,0.5964215979911387,0.027804883662611246,1,-8.18356174370274,-8.182464545127004,-12.738187262322754,0.0633478343356749,0.06650643765126248,1.3466429206891382,0.06368408986170349,0.9375,OPEN,-8.18356174370274,"neither certificate fires -- constructive search, then UNDETERMINED",,witness,-2.9299148209393024,,,,,,,one_aux_S,0 15 138 114 25 61 2 83 130 32 75 120 125 20 9 80 30,0.154298529 0.40238297 0.28409788 0.106294081 0.252060592 0.821636975 0.0854204744 0.248157069 1.33091581 0.675584435 0.116249226 0.033243183 0.206857905 0.529917777 0.267347217 0.671208799,WITNESS,pure-path one_aux_S,,9.512901306152344e-05,0.0006477832794189453,0.09226417541503906,57.69140625,57.69140625,57.69140625
mtn_knn,140,35,mtnknn_N140_seed35,ok,140,338,0,139,0,16,18,13.106435675173998,2.4457614421844482,1.2851427309215069,1.1896737553179264,0.14943111687898636,1,-11.916761919856071,-11.914606932550669,-14.26705438643694,0.16746364047810475,0.08715940187432271,1.054762374610762,0.0854307741579568,0.9411764705882353,OPEN,-11.916761919856071,"neither certificate fires -- constructive search, then UNDETERMINED",,witness,-6.482733640819788,,,,,,,one_aux_S,0 11 47 75 103 109 68 119 71 106 48 83 9 113 108 138 21 57,0.924966395 0.489904702 0.214280382 0.221040875 0.549699128 0.451625943 0.0991450101 0.182041615 0.362162501 0.40857771 1.0512265 0.170033902 0.688842952 0.474238813 0.176294506 0.091159001 0.136924207,WITNESS,pure-path one_aux_S,,0.000110626220703125,0.0006761550903320312,0.09099745750427246,57.95703125,57.95703125,57.95703125
mtn_knn,140,36,mtnknn_N140_seed36,ok,140,338,0,139,0,18,20,9.517975643277168,4.1064066886901855,0.9656322281807661,0.8913430478423834,0.07820889167487621,1,-8.626632595434785,-8.626308040693402,-12.658750103786588,0.0643843224397207,0.09130817706772963,1.2882932840274284,0.0887195226694161,0.9473684210526315,OPEN,-8.626632595434785,"neither certificate fires -- constructive search, then UNDETERMINED",,witness,-5.394267447292805,,,,,,,one_aux_S,0 46 115 6 111 79 22 114 75 26 50 89 81 120 78 84 34 136 57 76,0.0937332585 0.0602547228 0.0987048 0.110829584 0.0526660271 0.0418723114 0.166178152 0.156198248 0.451592952 0.288149625 0.11344628 0.466712922 0.476295054 0.290274531 0.540268064 0.227613986 0.139406413 0.0261501372 0.646722257,WITNESS,pure-path one_aux_S,,9.083747863769531e-05,0.0007958412170410156,0.09086990356445312,57.95703125,57.95703125,57.95703125
mtn_knn,140,37,mtnknn_N140_seed37,ok,140,349,0,139,0,17,19,7.350631318986416,3.325542449951172,0.8924039220437407,0.8136542057618499,0.17862813360989094,1,-6.536977113224566,-6.534124457277358,-9.783769846893847,0.06501045830790476,0.10862559043457361,1.2995300116757107,0.10454220338132784,0.9444444444444444,OPEN,-6.536977113224566,"neither certificate fires -- constructive search, then UNDETERMINED",,witness,-4.1968466797843575,,,,,,,one_aux_S,0 129 55 130 65 49 18 99 92 8 5 134 35 135 72 51 52 27 28,0.022859484 0.218023837 0.0258848388 0.0730444044 0.141370818 0.145981103 0.137205288 0.112738527 0.00998860318 0.125414357 0.277870089 0.206280455 0.357117653 0.386995405 0.0346235186 0.10544461 0.501902342 0.542078614,WITNESS,pure-path one_aux_S,,0.00012826919555664062,0.0007486343383789062,0.08982729911804199,57.625,57.625,57.625
mtn_knn,140,40,mtnknn_N140_seed40,ok,140,348,0,139,0,15,17,10.720371827483177,3.463667154312134,0.6334681324660778,0.5779378972947598,0.11888087075203657,1,-10.142433930188417,-10.140746988356113,-13.550570849329233,0.10316976535631917,0.05213834732766288,1.1674341818316416,0.050540856924832955,0.9375,OPEN,-10.142433930188417,"neither certificate fires -- constructive search, then UNDETERMINED",,witness,-8.622709199786186,,,,,,,one_aux_S,0 65 37 123 50 55 103 76 13 99 10 9 49 66 8 39 14,0.025683336 0.0810183436 0.0284008197 0.0819424242 0.0994869322 0.129039079 0.0996986553 0.106741503 0.111266933 0.0575765036 0.038634412 0.163637921 0.675794542 0.153993845 0.191818535 0.105857685,WITNESS,pure-path one_aux_S,,0.00011587142944335938,0.0006382465362548828,0.08761906623840332,57.34765625,57.34765625,57.34765625
grid,4,1,grid_k4_N16_seed1,ok,16,24,0,15,0,6,8,6.590715050697327,1.245184302330017,8.416741251945496,7.338783383369446,4.311211585998535,1,0.7480683326721191,0.749147891998291,0.5808418989181519,0.44108029084293193,0.9577953060330268,0.8916975577860408,0.9544314552801461,0.8571428571428571,LIGHT_EDGE_SUM,0.7480683326721191,closes BOTH legs at once,,ok,0.07230758666992188,0.07230758666992188,0.4275413751602173,0.500192403793335,0.9542763233184814,both_aux,123,,,,CERTIFIED,LIGHT_EDGE_SUM,,0.0001609325408935547,0.0001552104949951172,0.005515098571777344,34.80078125,34.80078125,34.80078125
grid,4,2,grid_k4_N16_seed2,ok,16,24,0,15,0,6,8,6.544070243835449,1.241858959197998,8.376837730407715,7.302214980125427,4.176791429519653,1,0.758144736289978,0.7610849142074585,0.5909085273742676,0.43913133850439157,0.9600490312163223,0.8923264397682584,0.9564447168690056,0.8571428571428571,LIGHT_EDGE_SUM,0.758144736289978,closes BOTH legs at once,,ok,0.0012241601943969727,0.0012241601943969727,0.46718651056289673,0.532728910446167,1.0221580266952515,both_aux,137,,,,CERTIFIED,LIGHT_EDGE_SUM,,0.0001010894775390625,0.00011277198791503906,0.004287004470825195,34.80078125,34.80078125,34.80078125
grid,4,3,grid_k4_N16_seed3,ok,16,24,0,15,0,6,8,6.386889100074768,1.2433650493621826,8.317102909088135,7.243922710418701,4.266090154647827,1,0.8570336103439331,0.858098566532135,0.6868487596511841,0.42806475750029416,0.9766612640484205,0.8960059463081519,0.972159765363333,0.8571428571428571,LIGHT_EDGE_SUM,0.8570336103439331,closes BOTH legs at once,,ok,0.01692366600036621,0.01692366600036621,0.5001862645149231,0.5107061266899109,1.0441210269927979,both_aux,135,,,,CERTIFIED,LIGHT_EDGE_SUM,,0.000125885009765625,0.00011610984802246094,0.004281520843505859,34.80078125,34.80078125,34.80078125
grid,4,4,grid_k4_N16_seed4,ok,16,24,0,15,0,6,8,6.600635051727295,1.2460381984710693,8.555078387260437,7.435790061950684,4.406201124191284,1,0.8351550102233887,0.8409871459007263,0.7084051370620728,0.4414414595412949,0.9720744655874087,0.8915816268479726,0.9655941116070348,0.8571428571428571,LIGHT_EDGE_SUM,0.8351550102233887,closes BOTH legs at once,,ok,0.035077571868896484,0.035077571868896484,0.5517520308494568,0.5919646620750427,1.0877177119255066,both_aux,187,,,,CERTIFIED,LIGHT_EDGE_SUM,,0.0001201629638671875,0.0001277923583984375,0.004114389419555664,34.80078125,34.80078125,34.80078125
grid,4,5,grid_k4_N16_seed5,ok,16,24,0,15,0,6,8,6.505751729011536,1.2497940063476562,8.266185998916626,7.194735646247864,4.270070791244507,1,0.6889839172363281,0.6907776594161987,0.5106402635574341,0.4337882680378439,0.9529474467248729,0.8940795074581119,0.9479175543560802,0.8571428571428571,LIGHT_EDGE_SUM,0.6889839172363281,closes BOTH legs at once,,ok,0.059396982192993164,0.059396982192993164,0.5527487993240356,0.372883677482605,1.029897928237915,both_aux,110,,,,CERTIFIED,LIGHT_EDGE_SUM,,0.0001556873321533203,0.00015497207641601562,0.005510807037353516,34.80078125,34.80078125,34.80078125
grid,4,6,grid_k4_N16_seed6,ok,16,24,0,15,0,6,8,6.404001832008362,1.246861219406128,8.269425749778748,7.18693482875824,4.057920217514038,1,0.7829329967498779,0.7982485294342041,0.6185626983642578,0.4280081945192042,0.9684677604767372,0.8960252415732561,0.9619344301919782,0.8571428571428571,LIGHT_EDGE_SUM,0.7829329967498779,closes BOTH legs at once,,ok,0.021700501441955566,0.021700501441955566,0.3764398694038391,0.4049924612045288,0.9269883036613464,both_aux,88,,,,CERTIFIED,LIGHT_EDGE_SUM,,0.00015354156494140625,0.00015091896057128906,0.005514621734619141,34.80078125,34.80078125,34.80078125
grid,4,7,grid_k4_N16_seed7,ok,16,24,0,15,0,6,8,6.56426215171814,1.2488750219345093,8.370849132537842,7.295807600021362,4.364352583885193,1,0.7315454483032227,0.734263002872467,0.5577119588851929,0.4380116796067984,0.9564116582029152,0.8926902589814638,0.9526660006730642,0.8571428571428571,LIGHT_EDGE_SUM,0.7315454483032227,closes BOTH legs at once,,ok,0.027387261390686035,0.027387261390686035,0.5054927468299866,0.4517521262168884,0.9632386565208435,both_aux,177,,,,CERTIFIED,LIGHT_EDGE_SUM,,9.655952453613281e-05,0.00011968612670898438,0.003464221954345703,34.80078125,34.80078125,34.80078125
grid,4,8,grid_k4_N16_seed8,ok,16,24,0,15,0,6,8,6.538244605064392,1.246819257736206,8.41869854927063,7.347543358802795,4.290242314338684,1,0.8092987537384033,0.8127331733703613,0.6336346864700317,0.4369949483118875,0.9657062856079531,0.893022248292429,0.963239323084828,0.8571428571428571,LIGHT_EDGE_SUM,0.8092987537384033,closes BOTH legs at once,,ok,0.042612552642822266,0.042612552642822266,0.4380419850349426,0.4191495180130005,0.9571332335472107,both_aux,51,,,,CERTIFIED,LIGHT_EDGE_SUM,,9.870529174804688e-05,7.891654968261719e-05,0.0034151077270507812,34.80078125,34.80078125,34.80078125
grid,4,9,grid_k4_N16_seed9,ok,16,24,0,15,0,6,8,6.547809600830078,1.2469351291656494,8.428991198539734,7.319679141044617,4.300145626068115,1,0.7718695402145386,0.7870751619338989,0.6342464685440063,0.43759357428183104,0.9654745303075674,0.8928265945234082,0.958184656366396,0.8571428571428571,LIGHT_EDGE_SUM,0.7718695402145386,closes BOTH legs at once,,ok,0.008904695510864258,0.008904695510864258,0.47679072618484497,0.5302090644836426,1.0797346234321594,both_aux,432,,,,CERTIFIED,LIGHT_EDGE_SUM,,0.00011992454528808594,0.0002105236053466797,0.0035734176635742188,34.80078125,34.80078125,34.80078125
grid,4,10,grid_k4_N16_seed10,ok,16,24,0,15,0,6,8,6.492688775062561,1.242457628250122,8.411969184875488,7.327415347099304,4.418993949890137,1,0.8347265720367432,0.8387137651443481,0.6768227815628052,0.43547352088288566,0.9717048063182152,0.8935219295843443,0.9673406417088888,0.8571428571428571,LIGHT_EDGE_SUM,0.8347265720367432,closes BOTH legs at once,,ok,0.10361695289611816,0.10361695289611816,0.621228814125061,0.6026812791824341,1.2073805332183838,both_aux,107,,,,CERTIFIED,LIGHT_EDGE_SUM,,0.0001068115234375,9.655952453613281e-05,0.0034177303314208984,34.80078125,34.80078125,34.80078125
grid,4,11,grid_k4_N16_seed11,ok,16,24,0,15,0,6,8,6.518997550010681,1.2452284097671509,8.280791401863098,7.211964249610901,4.196577787399292,1,0.6929666996002197,0.7018166184425354,0.5165654420852661,0.4362651796033206,0.9526914995369415,0.8932614907676768,0.9482567825958919,0.8571428571428571,LIGHT_EDGE_SUM,0.6929666996002197,closes BOTH legs at once,,ok,0.032161712646484375,0.032161712646484375,0.38481247425079346,0.5234131813049316,0.9589083194732666,both_aux,133,,,,CERTIFIED,LIGHT_EDGE_SUM,,0.00015926361083984375,0.00017499923706054688,0.004946231842041016,34.80078125,34.80078125,34.80078125
grid,4,12,grid_k4_N16_seed12,ok,16,24,0,15,0,6,8,6.42670464515686,1.236688256263733,8.315656304359436,7.252950191497803,4.291260838508606,1,0.8262455463409424,0.8287809491157532,0.6522634029388428,0.43305879045683,0.9704417073172269,0.8943222060775381,0.9673409302449002,0.8571428571428571,LIGHT_EDGE_SUM,0.8262455463409424,closes BOTH legs at once,,ok,0.030888080596923828,0.030888080596923828,0.3998081088066101,0.4824700951576233,0.9938474893569946,both_aux,104,,,,CERTIFIED,LIGHT_EDGE_SUM,,0.00012826919555664062,0.00010228157043457031,0.0034799575805664062,34.80078125,34.80078125,34.80078125
grid,4,13,grid_k4_N16_seed13,ok,16,24,0,15,0,6,8,6.674547553062439,1.2462009191513062,8.371008276939392,7.268824934959412,4.4678144454956055,1,0.5942773818969727,0.6095820069313049,0.450259804725647,0.44632634075356886,0.9406264855846195,0.8900320668828916,0.9334597324074333,0.8571428571428571,LIGHT_EDGE_SUM,0.5942773818969727,closes BOTH legs at once,,ok,0.00651860237121582,0.00651860237121582,0.5078156590461731,0.4382862448692322,0.9872767329216003,both_aux,695,,,,CERTIFIED,LIGHT_EDGE_SUM,,0.0001418590545654297,0.0002682209014892578,0.003603696823120117,35.01953125,35.01953125,35.01953125
grid,4,14,grid_k4_N16_seed14,ok,16,24,0,15,0,6,8,6.543943285942078,1.2428210973739624,8.675541996955872,7.558749794960022,4.432257175445557,1,1.0148065090179443,1.015348732471466,0.8887776136398315,0.43878286932375077,0.9943020917822936,0.8924394714778282,0.9900648756535335,0.8571428571428571,LIGHT_EDGE_SUM,1.0148065090179443,closes BOTH legs at once,,ok,0.16854023933410645,0.16854023933410645,0.5578538775444031,0.6038728952407837,1.159034788608551,both_aux,167,,,,CERTIFIED,LIGHT_EDGE_SUM,,0.0001227855682373047,0.00011706352233886719,0.0034558773040771484,35.01953125,35.01953125,35.01953125
grid,4,15,grid_k4_N16_seed15,ok,16,24,0,15,0,6,8,6.636575937271118,1.2439844608306885,8.46291732788086,7.365477681159973,4.377856969833374,1,0.728901743888855,0.7344520092010498,0.5823569297790527,0.44457789641784384,0.9563949928252511,0.8905827876365189,0.9512837106852042,0.8571428571428571,LIGHT_EDGE_SUM,0.728901743888855,closes BOTH legs at once,,ok,0.01439964771270752,0.01439964771270752,0.3693438172340393,0.3879896402359009,0.9057567119598389,both_aux,166,,,,CERTIFIED,LIGHT_EDGE_SUM,,0.00012612342834472656,0.00011897087097167969,0.0034651756286621094,35.01953125,35.01953125,35.01953125
grid,4,16,grid_k4_N16_seed16,ok,16,24,0,15,0,6,8,6.380751609802246,1.2462462186813354,8.310189247131348,7.235352993011475,4.31655740737915,1,0.8546013832092285,0.8572701215744019,0.6831914186477661,0.42666472551425794,0.9767880520178521,0.8964850414448228,0.971943669980782,0.8571428571428571,LIGHT_EDGE_SUM,0.8546013832092285,closes BOTH legs at once,,ok,0.1663050651550293,0.1663050651550293,0.5588764548301697,0.4683901071548462,1.0315597653388977,both_aux,85,,,,CERTIFIED,LIGHT_EDGE_SUM,,0.00012993812561035156,9.34600830078125e-05,0.003442525863647461,35.01953125,35.01953125,35.01953125
grid,4,17,grid_k4_N16_seed17,ok,16,24,0,15,0,6,8,6.26079785823822,1.2494409084320068,8.215662956237793,7.1619274616241455,4.200710415840149,1,0.9011296033859253,0.9056118726730347,0.7054241895675659,0.4175732932483675,0.984179230298972,0.899674323072251,0.9805132039247565,0.8571428571428571,LIGHT_EDGE_SUM,0.9011296033859253,closes BOTH legs at once,,ok,0.11020970344543457,0.11020970344543457,0.5564886331558228,0.5652449131011963,1.1637310981750488,both_aux,80,,,,CERTIFIED,LIGHT_EDGE_SUM,,0.00010538101196289062,8.869171142578125e-05,0.003414630889892578,35.01953125,35.01953125,35.01953125
grid,4,18,grid_k4_N16_seed18,ok,16,24,0,15,0,6,8,6.539211869239807,1.2424428462982178,8.339482069015503,7.239655613899231,4.262469291687012,1,0.7004437446594238,0.7111574411392212,0.557827353477478,0.4385991066391899,0.9564778870651173,0.8924991502579943,0.9489551985336271,0.8571428571428571,LIGHT_EDGE_SUM,0.7004437446594238,closes BOTH legs at once,,ok,0.02646815776824951,0.02646815776824951,0.5157838463783264,0.5463310480117798,1.0621148943901062,both_aux,368,,,,CERTIFIED,LIGHT_EDGE_SUM,,0.00013256072998046875,0.0001850128173828125,0.004157304763793945,35.01953125,35.01953125,35.01953125
grid,4,19,grid_k4_N16_seed19,ok,16,24,0,15,0,6,8,6.611739993095398,1.2320188283920288,8.480949878692627,7.375855207443237,4.4663180112838745,1,0.7641152143478394,0.7654509544372559,0.6371910572052002,0.44721583798931064,0.962033052670239,0.8897535478193281,0.9562023934670926,0.8571428571428571,LIGHT_EDGE_SUM,0.7641152143478394,closes BOTH legs at once,,ok,0.01188504695892334,0.01188504695892334,0.45363563299179077,0.4772549271583557,1.010445773601532,both_aux,291,,,,CERTIFIED,LIGHT_EDGE_SUM,,0.0001685619354248047,0.0002357959747314453,0.00541377067565918,35.01953125,35.01953125,35.01953125
grid,4,20,grid_k4_N16_seed20,ok,16,24,0,15,0,6,8,6.249614596366882,1.2465721368789673,8.161593437194824,7.128077983856201,4.212565779685974,1,0.8784633874893188,0.8800061345100403,0.6654067039489746,0.4177866654936093,0.9794516099368081,0.8995978813161907,0.9776252654958002,0.8571428571428571,LIGHT_EDGE_SUM,0.8784633874893188,closes BOTH legs at once,,ok,0.07168865203857422,0.07168865203857422,0.5483515858650208,0.5077689290046692,1.0412356853485107,both_aux,66,,,,CERTIFIED,LIGHT_EDGE_SUM,,0.00011754035949707031,9.012222290039062e-05,0.00444340705871582,35.01953125,35.01953125,35.01953125
grid,4,21,grid_k4_N16_seed21,ok,16,24,0,15,0,6,8,6.369454860687256,1.248185396194458,8.338831901550293,7.253722548484802,4.296796441078186,1,0.8842676877975464,0.8991129994392395,0.7211916446685791,0.425247648847334,0.981893123187611,0.8969731817904485,0.9761394979819313,0.8571428571428571,LIGHT_EDGE_SUM,0.8842676877975464,closes BOTH legs at once,,ok,0.015740275382995605,0.015740275382995605,0.5551742911338806,0.5976396799087524,1.0608034133911133,both_aux,82,,,,CERTIFIED,LIGHT_EDGE_SUM,,0.00011658668518066406,9.1552734375e-05,0.0032236576080322266,35.01953125,35.01953125,35.01953125
grid,4,22,grid_k4_N16_seed22,ok,16,24,0,15,0,6,8,6.287327766418457,1.2469189167022705,8.240793704986572,7.186672329902649,4.306525826454163,1,0.8993445634841919,0.9014933109283447,0.7065470218658447,0.42019089895640316,0.9830241890285087,0.8987419174361619,0.9797492803069314,0.8571428571428571,LIGHT_EDGE_SUM,0.8993445634841919,closes BOTH legs at once,,ok,0.12436878681182861,0.12436878681182861,0.5486996173858643,0.545793354511261,1.113682746887207,both_aux,66,,,,CERTIFIED,LIGHT_EDGE_SUM,,0.00010371208190917969,8.368492126464844e-05,0.003282785415649414,35.01953125,35.01953125,35.01953125
grid,4,23,grid_k4_N16_seed23,ok,16,24,0,15,0,6,8,6.496291160583496,1.2133642435073853,8.348705530166626,7.261418581008911,4.372518420219421,1,0.765127420425415,0.7710892558097839,0.6390501260757446,0.4461624772709864,0.963862147315232,0.8900834968962199,0.958096383856841,0.8571428571428571,LIGHT_EDGE_SUM,0.765127420425415,closes BOTH legs at once,,ok,0.012958884239196777,0.012958884239196777,0.5365906953811646,0.4235513210296631,1.0080336332321167,both_aux,91,,,,CERTIFIED,LIGHT_EDGE_SUM,,0.00016880035400390625,0.00014066696166992188,0.005204200744628906,35.01953125,35.01953125,35.01953125
grid,4,24,grid_k4_N16_seed24,ok,16,24,0,15,0,6,8,6.448094129562378,1.2357383966445923,8.436732292175293,7.342164158821106,4.3163440227508545,1,0.894070029258728,0.8949244618415833,0.7528997659683228,0.43483408699007586,0.9813053426316701,0.8937329820038382,0.9759912678462901,0.8571428571428571,LIGHT_EDGE_SUM,0.894070029258728,closes BOTH legs at once,,ok,0.0862652063369751,0.0862652063369751,0.5166754722595215,0.5412836074829102,1.0858707427978516,both_aux,119,,,,CERTIFIED,LIGHT_EDGE_SUM,,0.0001590251922607422,0.00016641616821289062,0.005355119705200195,35.01953125,35.01953125,35.01953125
grid,4,25,grid_k4_N16_seed25,ok,16,24,0,15,0,6,8,6.379969239234924,1.2477155923843384,8.244662404060364,7.190512776374817,4.2508704662323,1,0.8105435371398926,0.8134829998016357,0.6169775724411011,0.4261100097768167,0.9692047988285893,0.8966757376404642,0.9660386177979788,0.8571428571428571,LIGHT_EDGE_SUM,0.8105435371398926,closes BOTH legs at once,,ok,0.06079244613647461,0.06079244613647461,0.4733036160469055,0.5148016214370728,1.0731646418571472,both_aux,107,,,,CERTIFIED,LIGHT_EDGE_SUM,,0.00016379356384277344,0.00015544891357421875,0.005309581756591797,35.01953125,35.01953125,35.01953125
grid,4,26,grid_k4_N16_seed26,ok,16,24,0,15,0,6,8,6.420386075973511,1.2406045198440552,8.42104434967041,7.336756706237793,4.358115315437317,1,0.9163706302642822,0.9263514280319214,0.7600537538528442,0.43126730915428757,0.983707706595379,0.8949217194842848,0.9794813786791075,0.8571428571428571,LIGHT_EDGE_SUM,0.9163706302642822,closes BOTH legs at once,,ok,0.08912765979766846,0.08912765979766846,0.5930012464523315,0.5614498853683472,1.139275312423706,both_aux,104,,,,CERTIFIED,LIGHT_EDGE_SUM,,0.00010228157043457031,9.751319885253906e-05,0.003351449966430664,35.01953125,35.01953125,35.01953125
grid,4,27,grid_k4_N16_seed27,ok,16,24,0,15,0,6,8,6.38781201839447,1.235853910446167,8.351121664047241,7.275684714317322,4.299307942390442,1,0.8878726959228516,0.8889519572257996,0.727455735206604,0.4307286352376085,0.9805143341725444,0.8951029601631252,0.9762812627770486,0.8571428571428571,LIGHT_EDGE_SUM,0.8878726959228516,closes BOTH legs at once,,ok,0.0018771886825561523,0.0018771886825561523,0.5808834433555603,0.5117287039756775,1.096280574798584,both_aux,121,,,,CERTIFIED,LIGHT_EDGE_SUM,,0.00010228157043457031,0.00010347366333007812,0.0032117366790771484,35.01953125,35.01953125,35.01953125
grid,4,28,grid_k4_N16_seed28,ok,16,24,0,15,0,6,8,6.502685546875,1.2406444549560547,8.262312769889832,7.179978728294373,4.233968615531921,1,0.6772931814193726,0.6907305121421814,0.5189827680587769,0.4367814324844404,0.9529500592867115,0.8930921631546836,0.9464193581300785,0.8571428571428571,LIGHT_EDGE_SUM,0.6772931814193726,closes BOTH legs at once,,ok,0.03773093223571777,0.03773093223571777,0.44769513607025146,0.4659683108329773,0.9271872639656067,both_aux,73,,,,CERTIFIED,LIGHT_EDGE_SUM,,0.00011134147644042969,8.440017700195312e-05,0.0033631324768066406,35.01953125,35.01953125,35.01953125
grid,4,29,grid_k4_N16_seed29,ok,16,24,0,15,0,6,8,6.451060652732849,1.24569833278656,8.235441088676453,7.169140338897705,4.260844945907593,1,0.718079686164856,0.7214536070823669,0.5386821031570435,0.4315558378609861,0.9574519833247526,0.894824828021751,0.9525530395901187,0.8571428571428571,LIGHT_EDGE_SUM,0.718079686164856,closes BOTH legs at once,,ok,0.1216435432434082,0.1216435432434082,0.38022685050964355,0.4982529878616333,0.9375036358833313,both_aux,89,,,,CERTIFIED,LIGHT_EDGE_SUM,,0.00012063980102539062,0.00010228157043457031,0.003306150436401367,35.01953125,35.01953125,35.01953125
grid,4,30,grid_k4_N16_seed30,ok,16,24,0,15,0,6,8,6.495980739593506,1.2413324117660522,8.413827180862427,7.316069722175598,4.309395670890808,1,0.8200889825820923,0.8281608819961548,0.6765140295028687,0.43608925632522755,0.971426892814602,0.8933192840536035,0.9653533709698701,0.8571428571428571,LIGHT_EDGE_SUM,0.8200889825820923,closes BOTH legs at once,,ok,0.019634246826171875,0.019634246826171875,0.6192815899848938,0.5536383986473083,1.1507760286331177,both_aux,168,,,,CERTIFIED,LIGHT_EDGE_SUM,,0.0001232624053955078,0.000125885009765625,0.003200054168701172,35.01953125,35.01953125,35.01953125
grid,4,31,grid_k4_N16_seed31,ok,16,24,0,15,0,6,8,6.508892297744751,1.245957612991333,8.238257765769958,7.167043447494507,4.336990833282471,1,0.6581511497497559,0.667504072189331,0.4834078550338745,0.43533398393585826,0.9492695595022071,0.8935679324525436,0.9438134504055273,0.8571428571428571,LIGHT_EDGE_SUM,0.6581511497497559,closes BOTH legs at once,,ok,0.03302717208862305,0.03302717208862305,0.3460279107093811,0.5093008875846863,0.866237223148346,both_aux,66,,,,CERTIFIED,LIGHT_EDGE_SUM,,0.00010561943054199219,8.416175842285156e-05,0.004007577896118164,35.23828125,35.23828125,35.23828125
grid,4,32,grid_k4_N16_seed32,ok,16,24,0,15,0,6,8,6.3551342487335205,1.2430579662322998,8.403047680854797,7.308763742446899,4.201185584068298,1,0.9536294937133789,0.9604045748710632,0.804855465888977,0.4260416932389651,0.9916841271916554,0.8966992573540074,0.9857627535770004,0.8571428571428571,LIGHT_EDGE_SUM,0.9536294937133789,closes BOTH legs at once,,ok,0.10963261127471924,0.10963261127471924,0.44856172800064087,0.5251479148864746,1.009572148323059,both_aux,51,,,,CERTIFIED,LIGHT_EDGE_SUM,,0.00011205673217773438,7.796287536621094e-05,0.0031256675720214844,35.23828125,35.23828125,35.23828125
grid,4,33,grid_k4_N16_seed33,ok,16,24,0,15,0,6,8,6.501873970031738,1.2350280284881592,8.242209315299988,7.178646922111511,4.220144867897034,1,0.676772952079773,0.6782971620559692,0.5053073167800903,0.4387129832990449,0.9507500475966341,0.8924621617760453,0.9463619199017483,0.8571428571428571,LIGHT_EDGE_SUM,0.676772952079773,closes BOTH legs at once,,ok,0.009000897407531738,0.009000897407531738,0.37688374519348145,0.4001809358596802,0.9613401889801025,both_aux,154,,,,CERTIFIED,LIGHT_EDGE_SUM,,9.751319885253906e-05,0.00011658668518066406,0.0033349990844726562,35.23828125,35.23828125,35.23828125
grid,4,34,grid_k4_N16_seed34,ok,16,24,0,15,0,6,8,6.47044563293457,1.2498754262924194,8.45430052280426,7.333277463912964,4.501261115074158,1,0.8628318309783936,0.8748866319656372,0.7339794635772705,0.4314060356751073,0.9799518845856461,0.8948751172481715,0.9714425797267563,0.8571428571428571,LIGHT_EDGE_SUM,0.8628318309783936,closes BOTH legs at once,,ok,0.025371193885803223,0.025371193885803223,0.5784369707107544,0.6090221405029297,1.2402994632720947,both_aux,405,,,,CERTIFIED,LIGHT_EDGE_SUM,,0.00011491775512695312,0.0001804828643798828,0.0036084651947021484,35.23828125,35.23828125,35.23828125
grid,4,35,grid_k4_N16_seed35,ok,16,24,0,15,0,6,8,6.433642625808716,1.2447456121444702,8.14889371395111,7.108204960823059,4.178430199623108,1,0.6745623350143433,0.6749241948127747,0.4705054759979248,0.43072004452411233,0.9499548919528444,0.8951058542424095,0.9470136070094571,0.8571428571428571,LIGHT_EDGE_SUM,0.6745623350143433,closes BOTH legs at once,,ok,0.1203843355178833,0.1203843355178833,0.5389406085014343,0.38253116607666016,0.8788704872131348,both_aux,136,,,,CERTIFIED,LIGHT_EDGE_SUM,,0.0001533031463623047,0.00016927719116210938,0.005201816558837891,35.23828125,35.23828125,35.23828125
grid,4,36,grid_k4_N16_seed36,ok,16,24,0,15,0,6,8,6.456823945045471,1.2336047887802124,8.38855755329132,7.318646430969238,4.331590294837952,1,0.8618224859237671,0.8631208539009094,0.6981288194656372,0.43617588629755927,0.9743827953983628,0.8932908190558762,0.9715497225339277,0.8571428571428571,LIGHT_EDGE_SUM,0.8618224859237671,closes BOTH legs at once,,ok,0.012881159782409668,0.012881159782409668,0.5235791206359863,0.5225791335105896,1.0515899062156677,both_aux,186,,,,CERTIFIED,LIGHT_EDGE_SUM,,0.00016427040100097656,0.000194549560546875,0.005247592926025391,35.23828125,35.23828125,35.23828125
grid,4,37,grid_k4_N16_seed37,ok,16,24,0,15,0,6,8,6.412676215171814,1.2482144832611084,8.264304399490356,7.20313560962677,4.2846187353134155,1,0.790459394454956,0.7969620823860168,0.6034137010574341,0.42812328471104955,0.966558748896961,0.8959859863548013,0.9627986864852999,0.8571428571428571,LIGHT_EDGE_SUM,0.790459394454956,closes BOTH legs at once,,ok,0.12968647480010986,0.12968647480010986,0.5063245296478271,0.40458476543426514,1.0212193131446838,both_aux,95,,,,CERTIFIED,LIGHT_EDGE_SUM,,0.0001773834228515625,0.00015544891357421875,0.005313873291015625,35.23828125,35.23828125,35.23828125
grid,4,38,grid_k4_N16_seed38,ok,16,24,0,15,0,6,8,6.504154205322266,1.2331429719924927,8.426084876060486,7.326351165771484,4.367172598838806,1,0.8221969604492188,0.8226348161697388,0.6887876987457275,0.4395377200810271,0.9716195922713744,0.8921948495989795,0.9654951854497316,0.8571428571428571,LIGHT_EDGE_SUM,0.8221969604492188,closes BOTH legs at once,,ok,0.025215744972229004,0.025215744972229004,0.5223783850669861,0.5344920754432678,1.0292161703109741,both_aux,141,,,,CERTIFIED,LIGHT_EDGE_SUM,,9.965896606445312e-05,0.000110626220703125,0.0031316280364990234,35.23828125,35.23828125,35.23828125
grid,4,39,grid_k4_N16_seed39,ok,16,24,0,15,0,6,8,6.543399095535278,1.2440215349197388,8.38881254196167,7.325300097465515,4.394149303436279,1,0.7819010019302368,0.7848394513130188,0.6013919115066528,0.4383230053943186,0.9615200470905362,0.8925889109876278,0.9595668189113882,0.8571428571428571,LIGHT_EDGE_SUM,0.7819010019302368,closes BOTH legs at once,,ok,0.0014483928680419922,0.0014483928680419922,0.47067320346832275,0.4798141121864319,1.004026710987091,both_aux,110,,,,CERTIFIED,LIGHT_EDGE_SUM,,0.00012063980102539062,9.989738464355469e-05,0.0032472610473632812,35.23828125,35.23828125,35.23828125
grid,4,40,grid_k4_N16_seed40,ok,16,24,0,15,0,6,8,6.4527833461761475,1.2354803085327148,8.223394274711609,7.170592904090881,4.275062441825867,1,0.7178095579147339,0.7227367162704468,0.5351306200027466,0.4352412108885021,0.9557961851746549,0.8935985344136241,0.9524916860664387,0.8571428571428571,LIGHT_EDGE_SUM,0.7178095579147339,closes BOTH legs at once,,ok,0.004009604454040527,0.004009604454040527,0.5172348022460938,0.3675944209098816,0.9487884044647217,both_aux,130,,,,CERTIFIED,LIGHT_EDGE_SUM,,9.72747802734375e-05,0.00010800361633300781,0.003139972686767578,35.23828125,35.23828125,35.23828125
grid,5,1,grid_k5_N25_seed1,ok,25,40,0,24,0,8,10,8.72779929637909,1.245184302330017,10.356720328330994,9.287497520446777,4.248301148414612,1,0.559698224067688,0.5615204572677612,0.3837367296218872,0.43807768456682644,0.9493087525628776,0.9141350079254555,0.9458917501612619,0.8888888888888888,LIGHT_EDGE_SUM,0.559698224067688,closes BOTH legs at once,,ok,0.06081545352935791,0.06081545352935791,0.4205508232116699,0.2871507406234741,0.9016098976135254,both_aux,713,,,,CERTIFIED,LIGHT_EDGE_SUM,,0.00014138221740722656,0.0003192424774169922,0.003452301025390625,35.23828125,35.23828125,35.23828125
grid,5,2,grid_k5_N25_seed2,ok,25,40,0,24,0,8,10,8.7532958984375,1.241858959197998,10.405629634857178,9.336887240409851,4.287800431251526,1,0.5835913419723511,0.5852610468864441,0.4104747772216797,0.44053391860670943,0.9510136301197931,0.9134986385569052,0.9481520356566768,0.8888888888888888,LIGHT_EDGE_SUM,0.5835913419723511,closes BOTH legs at once,,ok,0.08068466186523438,0.08068466186523438,0.30088144540786743,0.48266708850860596,0.8579906821250916,both_aux,203,,,,CERTIFIED,LIGHT_EDGE_SUM,,0.00016546249389648438,0.000152587890625,0.00437164306640625,35.23828125,35.23828125,35.23828125
grid,5,3,grid_k5_N25_seed3,ok,25,40,0,24,0,8,10,8.40333640575409,1.2433650493621826,10.309648633003235,9.25044596195221,4.254573464393616,1,0.8471095561981201,0.8493714928627014,0.6629471778869629,0.42240895031515513,0.9814814626194253,0.9183687039838894,0.9784945212018483,0.8888888888888888,LIGHT_EDGE_SUM,0.8471095561981201,closes BOTH legs at once,,ok,0.07933199405670166,0.07933199405670166,0.5555722117424011,0.5107061266899109,1.132964015007019,both_aux,421,,,,CERTIFIED,LIGHT_EDGE_SUM,,0.00014853477478027344,0.00024247169494628906,0.0036134719848632812,35.23828125,35.23828125,35.23828125
grid,5,4,grid_k5_N25_seed4,ok,25,40,0,24,0,8,10,8.854658246040344,1.2460381984710693,10.592796444892883,9.498674750328064,4.4776798486709595,1,0.6440165042877197,0.64486163854599,0.4921000003814697,0.444140589796189,0.9570371798035056,0.9125769658272945,0.95353950543622,0.8888888888888888,LIGHT_EDGE_SUM,0.6440165042877197,closes BOTH legs at once,,ok,0.007844328880310059,0.007844328880310059,0.5716420412063599,0.4428514242172241,0.9731426239013672,both_aux,1079,,,,CERTIFIED,LIGHT_EDGE_SUM,,0.0001995563507080078,0.0004210472106933594,0.004132986068725586,35.23828125,35.23828125,35.23828125
grid,5,5,grid_k5_N25_seed5,ok,25,40,0,24,0,8,10,8.644632339477539,1.2497940063476562,10.218076825141907,9.161247253417969,4.214213848114014,1,0.5166149139404297,0.5196231007575989,0.3236504793167114,0.4323028582896351,0.945611234706087,0.9156596562831443,0.9420100904394562,0.8888888888888888,LIGHT_EDGE_SUM,0.5166149139404297,closes BOTH legs at once,,ok,0.03503882884979248,0.03503882884979248,0.4372270107269287,0.38851016759872437,0.8806346654891968,both_aux,864,,,,CERTIFIED,LIGHT_EDGE_SUM,,0.0001575946807861328,0.0003592967987060547,0.0040891170501708984,35.23828125,35.23828125,35.23828125
grid,5,6,grid_k5_N25_seed6,ok,25,40,0,24,0,8,10,8.543055057525635,1.246861219406128,10.317565441131592,9.24856960773468,4.258365750312805,1,0.7055145502090454,0.7140825390815735,0.5276491641998291,0.42822804397562775,0.9661710356922284,0.9167602185410484,0.9622963573422058,0.8888888888888888,LIGHT_EDGE_SUM,0.7055145502090454,closes BOTH legs at once,,ok,0.11814308166503906,0.11814308166503906,0.4842327833175659,0.4811764359474182,0.9865665435791016,both_aux,495,,,,CERTIFIED,LIGHT_EDGE_SUM,,0.00015020370483398438,0.0002529621124267578,0.003648996353149414,35.23828125,35.23828125,35.23828125
grid,5,7,grid_k5_N25_seed7,ok,25,40,0,24,0,8,10,8.5012366771698,1.2488750219345093,10.25585162639618,9.202024459838867,4.233395099639893,1,0.7007877826690674,0.7026255130767822,0.5057399272918701,0.42544472664693517,0.9651162075219879,0.9175240797883802,0.9621632249812462,0.8888888888888888,LIGHT_EDGE_SUM,0.7007877826690674,closes BOTH legs at once,,ok,0.08894467353820801,0.08894467353820801,0.5147884488105774,0.4189159870147705,1.0001279711723328,both_aux,204,,,,CERTIFIED,LIGHT_EDGE_SUM,,0.00025343894958496094,0.00023674964904785156,0.005552530288696289,35.23828125,35.23828125,35.23828125
grid,5,8,grid_k5_N25_seed8,ok,25,40,0,24,0,8,10,8.454012632369995,1.246819257736206,10.334770679473877,9.279005646705627,4.210768342018127,1,0.8249930143356323,0.8286424875259399,0.6339387893676758,0.4237789769805713,0.977975418669478,0.9179860321440445,0.9756319724094911,0.8888888888888888,LIGHT_EDGE_SUM,0.8249930143356323,closes BOTH legs at once,,ok,0.11194825172424316,0.11194825172424316,0.5457299947738647,0.43799257278442383,1.0599075555801392,both_aux,208,,,,CERTIFIED,LIGHT_EDGE_SUM,,0.00015544891357421875,0.0001614093780517578,0.003454923629760742,35.23828125,35.23828125,35.23828125
grid,5,9,grid_k5_N25_seed9,ok,25,40,0,24,0,8,10,8.609653949737549,1.2469351291656494,10.302394270896912,9.232457518577576,4.306749939918518,1,0.6228035688400269,0.6295096278190613,0.4458051919937134,0.4315407909140014,0.957287652306719,0.9158639022144355,0.9531891703559648,0.8888888888888888,LIGHT_EDGE_SUM,0.6228035688400269,closes BOTH legs at once,,ok,0.04763031005859375,0.04763031005859375,0.5077816843986511,0.5300867557525635,1.0378684401512146,both_aux,930,,,,CERTIFIED,LIGHT_EDGE_SUM,,0.00015544891357421875,0.0003802776336669922,0.0036444664001464844,35.23828125,35.23828125,35.23828125
grid,5,10,grid_k5_N25_seed10,ok,25,40,0,24,0,8,10,8.663620233535767,1.242457628250122,10.423223495483398,9.360993266105652,4.3077110052108765,1,0.6973730325698853,0.7002238631248474,0.5171456336975098,0.43581064841511,0.9624820307922947,0.9147287249217806,0.9604394789831565,0.8888888888888888,LIGHT_EDGE_SUM,0.6973730325698853,closes BOTH legs at once,,ok,0.030643701553344727,0.030643701553344727,0.5355150103569031,0.45376914739608765,1.0577685832977295,both_aux,215,,,,CERTIFIED,LIGHT_EDGE_SUM,,0.00014162063598632812,0.0001575946807861328,0.003434419631958008,35.23828125,35.23828125,35.23828125
grid,5,11,grid_k5_N25_seed11,ok,25,40,0,24,0,8,10,8.519403219223022,1.2452284097671509,10.30128300189972,9.250728964805603,4.220291614532471,1,0.7313257455825806,0.7381120324134827,0.5366513729095459,0.42760243584629243,0.9673243758347858,0.9169310457762995,0.9651932159267194,0.8888888888888888,LIGHT_EDGE_SUM,0.7313257455825806,closes BOTH legs at once,,ok,0.004750490188598633,0.004750490188598633,0.5028204917907715,0.5510275959968567,1.01833975315094,both_aux,220,,,,CERTIFIED,LIGHT_EDGE_SUM,,0.00015497207641601562,0.00016069412231445312,0.0033888816833496094,35.23828125,35.23828125,35.23828125
grid,5,12,grid_k5_N25_seed12,ok,25,40,0,24,0,8,10,8.712620496749878,1.236688256263733,10.283820986747742,9.236490845680237,4.23836624622345,1,0.5238703489303589,0.5240491628646851,0.33451223373413086,0.4403201682306106,0.9442689248851346,0.9135537356849239,0.9423357861290762,0.8888888888888888,LIGHT_EDGE_SUM,0.5238703489303589,closes BOTH legs at once,,ok,0.06214737892150879,0.06214737892150879,0.33334892988204956,0.45667409896850586,0.8228318095207214,both_aux,334,,,,CERTIFIED,LIGHT_EDGE_SUM,,0.0002429485321044922,0.00031828880310058594,0.005639553070068359,35.23828125,35.23828125,35.23828125
grid,5,13,grid_k5_N25_seed13,ok,25,40,0,24,0,8,10,8.59077262878418,1.24819016456604,10.255905866622925,9.193836092948914,4.345866799354553,1,0.6030634641647339,0.6062106490135193,0.4169430732727051,0.43016144858478683,0.9550624894677866,0.91623542780158,0.9512879810025329,0.8888888888888888,LIGHT_EDGE_SUM,0.6030634641647339,closes BOTH legs at once,,ok,0.1556335687637329,0.1556335687637329,0.5825762152671814,0.3594632148742676,0.9375655055046082,both_aux,385,,,,CERTIFIED,LIGHT_EDGE_SUM,,0.0001647472381591797,0.00021195411682128906,0.0036644935607910156,35.23828125,35.23828125,35.23828125
grid,5,14,grid_k5_N25_seed14,ok,25,40,0,24,0,8,10,8.770520329475403,1.244357705116272,10.458272218704224,9.368035554885864,4.393007397651672,1,0.5975152254104614,0.5995818972587585,0.44339418411254883,0.4405144263087865,0.9539477089911513,0.9135036607517403,0.9494468289947147,0.8888888888888888,LIGHT_EDGE_SUM,0.5975152254104614,closes BOTH legs at once,,ok,0.0036545991897583008,0.0036545991897583008,0.5002573132514954,0.509510338306427,1.066407561302185,both_aux,5247,,,,CERTIFIED,LIGHT_EDGE_SUM,,0.0002522468566894531,0.002594470977783203,0.007577180862426758,35.23828125,35.23828125,35.23828125
grid,5,15,grid_k5_N25_seed15,ok,25,40,0,24,0,8,10,8.656746745109558,1.2439844608306885,10.356383919715881,9.294246673583984,4.279978513717651,1,0.6374999284744263,0.6377098560333252,0.45565271377563477,0.4349304099892499,0.9570693679416228,0.9149609198428683,0.9543484223341182,0.8888888888888888,LIGHT_EDGE_SUM,0.6374999284744263,closes BOTH legs at once,,ok,0.061086058616638184,0.061086058616638184,0.5215069055557251,0.39230746030807495,0.9461265206336975,both_aux,699,,,,CERTIFIED,LIGHT_EDGE_SUM,,0.0001499652862548828,0.0003070831298828125,0.0037441253662109375,35.23828125,35.23828125,35.23828125
grid,5,16,grid_k5_N25_seed16,ok,25,40,0,24,0,8,10,8.798100709915161,1.2462462186813354,10.326398372650146,9.25689959526062,4.289858102798462,1,0.458798885345459,0.4704488515853882,0.2820514440536499,0.4412300604221949,0.938966144000843,0.9133195683724654,0.9352422150060343,0.8888888888888888,LIGHT_EDGE_SUM,0.458798885345459,closes BOTH legs at once,,ok,0.16935944557189941,0.16935944557189941,0.25551438331604004,0.449190616607666,0.7908307313919067,both_aux,430,,,,CERTIFIED,LIGHT_EDGE_SUM,,0.0002391338348388672,0.00036978721618652344,0.0054891109466552734,35.23828125,35.23828125,35.23828125
grid,5,17,grid_k5_N25_seed17,ok,25,40,0,24,0,8,10,8.614743709564209,1.2494409084320068,10.32566487789154,9.266453385353088,4.089998483657837,1,0.6517096757888794,0.6544476747512817,0.4614802598953247,0.43092992890993,0.9588830707920276,0.916028144358594,0.9561337784782299,0.8888888888888888,LIGHT_EDGE_SUM,0.6517096757888794,closes BOTH legs at once,,ok,0.023183465003967285,0.023183465003967285,0.27524739503860474,0.4396490454673767,0.8823354840278625,both_aux,128,,,,CERTIFIED,LIGHT_EDGE_SUM,,0.00016427040100097656,0.00015211105346679688,0.0038132667541503906,35.23828125,35.23828125,35.23828125
grid,5,18,grid_k5_N25_seed18,ok,25,40,0,24,0,8,10,8.704718947410583,1.2424428462982178,10.34499478340149,9.266595721244812,4.327316641807556,1,0.5618767738342285,0.5659734010696411,0.397832989692688,0.43788326830011537,0.9507481949412133,0.9141856828512825,0.9462653560905729,0.8888888888888888,LIGHT_EDGE_SUM,0.5618767738342285,closes BOTH legs at once,,ok,0.06669473648071289,0.06669473648071289,0.32863742113113403,0.4282822012901306,0.8421676754951477,both_aux,266,,,,CERTIFIED,LIGHT_EDGE_SUM,,0.000148773193359375,0.0001773834228515625,0.003467559814453125,35.23828125,35.23828125,35.23828125
grid,5,19,grid_k5_N25_seed19,ok,25,40,0,24,0,8,10,8.615501523017883,1.2385437488555908,10.537602663040161,9.435179471969604,4.311078071594238,1,0.8196779489517212,0.8248423337936401,0.683557391166687,0.4347596487295347,0.9784783982580268,0.9150060732317528,0.9734576884351281,0.8888888888888888,LIGHT_EDGE_SUM,0.8196779489517212,closes BOTH legs at once,,ok,0.09647643566131592,0.09647643566131592,0.5721208453178406,0.5021907687187195,1.0804982781410217,both_aux,938,,,,CERTIFIED,LIGHT_EDGE_SUM,,0.0001499652862548828,0.0004017353057861328,0.0038008689880371094,35.23828125,35.23828125,35.23828125
grid,5,20,grid_k5_N25_seed20,ok,25,40,0,24,0,8,10,8.477917432785034,1.2465721368789673,10.218644261360168,9.182453393936157,4.165665864944458,1,0.704535961151123,0.7058736681938171,0.494154691696167,0.4250615137890821,0.9642598520097451,0.9176300332492824,0.9627577597118215,0.8888888888888888,LIGHT_EDGE_SUM,0.704535961151123,closes BOTH legs at once,,ok,0.016896724700927734,0.016896724700927734,0.34577369689941406,0.4508199095726013,0.8823173642158508,both_aux,105,,,,CERTIFIED,LIGHT_EDGE_SUM,,0.00017213821411132812,0.00013065338134765625,0.003992319107055664,35.23828125,35.23828125,35.23828125
grid,5,21,grid_k5_N25_seed21,ok,25,40,0,24,0,8,10,8.716009736061096,1.248185396194458,10.386027574539185,9.333656191825867,4.274981379508972,1,0.6176464557647705,0.6184582710266113,0.42183244228363037,0.4364340507144905,0.9532827877939288,0.9145648464370378,0.9518786156579435,0.8888888888888888,LIGHT_EDGE_SUM,0.6176464557647705,closes BOTH legs at once,,ok,0.023079991340637207,0.023079991340637207,0.4488239288330078,0.43494081497192383,0.9400690793991089,both_aux,1139,,,,CERTIFIED,LIGHT_EDGE_SUM,,0.00016236305236816406,0.0004658699035644531,0.003909111022949219,35.23828125,35.23828125,35.23828125
grid,5,22,grid_k5_N25_seed22,ok,25,40,0,24,0,8,10,8.595053315162659,1.2469189167022705,10.282326579093933,9.232502698898315,4.258421063423157,1,0.6374493837356567,0.6389443278312683,0.4403543472290039,0.4308145662096266,0.9570459846669926,0.9160592141531048,0.9548130494094652,0.8888888888888888,LIGHT_EDGE_SUM,0.6374493837356567,closes BOTH legs at once,,ok,0.09871983528137207,0.09871983528137207,0.4215925931930542,0.465973436832428,0.9600148797035217,both_aux,182,,,,CERTIFIED,LIGHT_EDGE_SUM,,0.00014662742614746094,0.00014901161193847656,0.003478527069091797,35.23828125,35.23828125,35.23828125
grid,5,23,grid_k5_N25_seed23,ok,25,40,0,24,0,8,10,8.597910046577454,1.235150694847107,10.35094678401947,9.287615776062012,4.183168053627014,1,0.6897057294845581,0.6922011375427246,0.5178860425949097,0.4350638186521921,0.963112824204514,0.9149256680431339,0.9601936311135268,0.8888888888888888,LIGHT_EDGE_SUM,0.6897057294845581,closes BOTH legs at once,,ok,0.03638184070587158,0.03638184070587158,0.5080704092979431,0.4403459429740906,0.9750179648399353,both_aux,918,,,,CERTIFIED,LIGHT_EDGE_SUM,,0.000148773193359375,0.0004050731658935547,0.0037136077880859375,35.23828125,35.23828125,35.23828125
grid,5,24,grid_k5_N25_seed24,ok,25,40,0,24,0,8,10,8.708066582679749,1.2357383966445923,10.33194899559021,9.255088448524475,4.257438659667969,1,0.5470218658447266,0.5585623383522034,0.38814401626586914,0.4404283001121441,0.9491841981218054,0.9135258565066522,0.9447269620032785,0.8888888888888888,LIGHT_EDGE_SUM,0.5470218658447266,closes BOTH legs at once,,ok,0.05702507495880127,0.05702507495880127,0.44476258754730225,0.47714269161224365,0.8950983285903931,both_aux,689,,,,CERTIFIED,LIGHT_EDGE_SUM,,0.00016736984252929688,0.0003094673156738281,0.003602266311645508,35.23828125,35.23828125,35.23828125
grid,5,25,grid_k5_N25_seed25,ok,25,40,0,24,0,8,10,8.613105177879333,1.2477155923843384,10.208301305770874,9.168120980262756,4.188708424568176,1,0.5550158023834229,0.5567660331726074,0.34748053550720215,0.4314437335745324,0.9481645557505477,0.9158899668926642,0.94616757871186,0.8888888888888888,LIGHT_EDGE_SUM,0.5550158023834229,closes BOTH legs at once,,ok,0.06347250938415527,0.06347250938415527,0.31216251850128174,0.4332488179206848,0.8587377071380615,both_aux,233,,,,CERTIFIED,LIGHT_EDGE_SUM,,0.00023651123046875,0.0002574920654296875,0.0055539608001708984,35.23828125,35.23828125,35.23828125
grid,5,26,grid_k5_N25_seed26,ok,25,40,0,24,0,8,10,8.747418999671936,1.2406045198440552,10.43640661239624,9.376320958137512,4.243122458457947,1,0.6289019584655762,0.6289750933647156,0.448383092880249,0.44068329490546937,0.9544672880343469,0.9134601664688139,0.9527961926434567,0.8888888888888888,LIGHT_EDGE_SUM,0.6289019584655762,closes BOTH legs at once,,ok,0.013016581535339355,0.013016581535339355,0.3517945408821106,0.5198994874954224,0.9040154814720154,both_aux,222,,,,CERTIFIED,LIGHT_EDGE_SUM,,0.00016617774963378906,0.00016427040100097656,0.0039348602294921875,35.23828125,35.23828125,35.23828125
grid,5,27,grid_k5_N25_seed27,ok,25,40,0,24,0,8,10,8.600094676017761,1.2425172328948975,10.255189180374146,9.19932222366333,4.214316010475159,1,0.5992275476455688,0.602294385433197,0.4125772714614868,0.43259433593431446,0.9539605845476825,0.9155817259881832,0.9508238708959618,0.8888888888888888,LIGHT_EDGE_SUM,0.5992275476455688,closes BOTH legs at once,,ok,0.0589754581451416,0.0589754581451416,0.5055029392242432,0.4096373915672302,0.8814961314201355,both_aux,380,,,,CERTIFIED,LIGHT_EDGE_SUM,,0.000141143798828125,0.00021195411682128906,0.003724813461303711,35.23828125,35.23828125,35.23828125
grid,5,28,grid_k5_N25_seed28,ok,25,40,0,24,0,8,10,8.747847318649292,1.2462913990020752,10.258869528770447,9.203410148620605,4.28163480758667,1,0.4555628299713135,0.4611055254936218,0.2647308111190796,0.43869391849559763,0.9381845983433981,0.9139746823285442,0.9351796759821877,0.8888888888888888,LIGHT_EDGE_SUM,0.4555628299713135,closes BOTH legs at once,,ok,0.02973806858062744,0.02973806858062744,0.3654661774635315,0.3093760013580322,0.7733044028282166,both_aux,273,,,,CERTIFIED,LIGHT_EDGE_SUM,,0.00015807151794433594,0.00018739700317382812,0.0035865306854248047,35.23828125,35.23828125,35.23828125
grid,5,29,grid_k5_N25_seed29,ok,25,40,0,24,0,8,10,8.765716910362244,1.24569833278656,10.244740962982178,9.186880946159363,4.246000051498413,1,0.42116403579711914,0.42274123430252075,0.23332571983337402,0.4397993418455598,0.9349825980231262,0.9136882101509783,0.9315970935512032,0.8888888888888888,LIGHT_EDGE_SUM,0.42116403579711914,closes BOTH legs at once,,ok,0.003359675407409668,0.003359675407409668,0.2611621618270874,0.4813578128814697,0.7934501767158508,both_aux,855,,,,CERTIFIED,LIGHT_EDGE_SUM,,0.0001621246337890625,0.00037407875061035156,0.0042912960052490234,35.23828125,35.23828125,35.23828125
grid,5,30,grid_k5_N25_seed30,ok,25,40,0,24,0,8,10,8.515043020248413,1.2458393573760986,10.357753872871399,9.299038648605347,4.264862656593323,1,0.7839956283569336,0.7904708981513977,0.5968714952468872,0.4271740057132151,0.9731252183450955,0.9170483206638929,0.9707305192044113,0.8888888888888888,LIGHT_EDGE_SUM,0.7839956283569336,closes BOTH legs at once,,ok,0.013593554496765137,0.013593554496765137,0.5328060984611511,0.45624440908432007,1.0580621361732483,both_aux,182,,,,CERTIFIED,LIGHT_EDGE_SUM,,0.00025200843811035156,0.00024127960205078125,0.005265951156616211,35.23828125,35.23828125,35.23828125
grid,5,31,grid_k5_N25_seed31,ok,25,40,0,24,0,8,10,8.793896079063416,1.248602271080017,10.283923387527466,9.212709069252014,4.275912523269653,1,0.41881299018859863,0.42816591262817383,0.2414250373840332,0.4401870136485127,0.9355510499617132,0.9135880851767354,0.9312225951499055,0.8888888888888888,LIGHT_EDGE_SUM,0.41881299018859863,closes BOTH legs at once,,ok,0.014669299125671387,0.014669299125671387,0.32100915908813477,0.3719053864479065,0.8871409893035889,both_aux,1801,,,,CERTIFIED,LIGHT_EDGE_SUM,,0.00014638900756835938,0.0006554126739501953,0.003874063491821289,35.23828125,35.23828125,35.23828125
grid,5,32,grid_k5_N25_seed32,ok,25,40,0,24,0,8,10,8.65253484249115,1.2468187808990479,10.329358458518982,9.254703998565674,4.292450785636902,1,0.6021691560745239,0.6103485226631165,0.4300048351287842,0.43373057571827106,0.9550365201922778,0.9152789376612394,0.9507506995386034,0.8888888888888888,LIGHT_EDGE_SUM,0.6021691560745239,closes BOTH legs at once,,ok,0.08554208278656006,0.08554208278656006,0.3343527913093567,0.46608108282089233,0.9336276054382324,both_aux,476,,,,CERTIFIED,LIGHT_EDGE_SUM,,0.00016450881958007812,0.0002396106719970703,0.0034418106079101562,35.23828125,35.23828125,35.23828125
grid,5,33,grid_k5_N25_seed33,ok,25,40,0,24,0,8,10,8.651340007781982,1.2350280284881592,10.35570228099823,9.292923092842102,4.144766330718994,1,0.6415830850601196,0.6420298218727112,0.4693342447280884,0.43781091441971104,0.9576044655910555,0.9142045535029013,0.9548088591011343,0.8888888888888888,LIGHT_EDGE_SUM,0.6415830850601196,closes BOTH legs at once,,ok,0.04987943172454834,0.04987943172454834,0.3586806058883667,0.4031270742416382,0.8209549784660339,both_aux,236,,,,CERTIFIED,LIGHT_EDGE_SUM,,0.00022983551025390625,0.0002694129943847656,0.0052988529205322266,35.23828125,35.23828125,35.23828125
grid,5,34,grid_k5_N25_seed34,ok,25,40,0,24,0,8,10,8.662094235420227,1.2498754262924194,10.349978804588318,9.277377367019653,4.26238489151001,1,0.6152831315994263,0.6157640814781189,0.4380091428756714,0.43314787884076966,0.9558869735927047,0.9154340179012642,0.9520281626413126,0.8888888888888888,LIGHT_EDGE_SUM,0.6152831315994263,closes BOTH legs at once,,ok,0.020234107971191406,0.020234107971191406,0.554982602596283,0.4183449149131775,0.9670808911323547,both_aux,1839,,,,CERTIFIED,LIGHT_EDGE_SUM,,0.00014638900756835938,0.0006589889526367188,0.003929853439331055,35.23828125,35.23828125,35.23828125
grid,5,35,grid_k5_N25_seed35,ok,25,40,0,24,0,8,10,8.48334288597107,1.2447456121444702,10.161068797111511,9.132610201835632,4.199376702308655,1,0.649267315864563,0.649491012096405,0.4329802989959717,0.42595766171028177,0.9582136602225431,0.9173825581613974,0.9569194413194783,0.8888888888888888,LIGHT_EDGE_SUM,0.649267315864563,closes BOTH legs at once,,ok,0.04174768924713135,0.04174768924713135,0.5328028798103333,0.3394653797149658,0.9381777048110962,both_aux,306,,,,CERTIFIED,LIGHT_EDGE_SUM,,0.00024318695068359375,0.00029206275939941406,0.005491733551025391,35.23828125,35.23828125,35.23828125
grid,5,36,grid_k5_N25_seed36,ok,25,40,0,24,0,8,10,8.475510001182556,1.2336047887802124,10.390719652175903,9.323405265808105,4.281100749969482,1,0.8478952646255493,0.8507959842681885,0.6816048622131348,0.42940768379936,0.9807758731428434,0.9164394627445986,0.9778138833213179,0.8888888888888888,LIGHT_EDGE_SUM,0.8478952646255493,closes BOTH legs at once,,ok,0.010908842086791992,0.010908842086791992,0.5194146037101746,0.5162532329559326,1.0156823992729187,both_aux,144,,,,CERTIFIED,LIGHT_EDGE_SUM,,0.00017714500427246094,0.00013828277587890625,0.0034291744232177734,35.23828125,35.23828125,35.23828125
grid,5,37,grid_k5_N25_seed37,ok,25,40,0,24,0,8,10,8.430517792701721,1.2482144832611084,10.1537846326828,9.121466636657715,4.159356474876404,1,0.6909488439559937,0.693304717540741,0.4750523567199707,0.42212886415742396,0.9635265479397156,0.9184472426442593,0.9617404936520978,0.8888888888888888,LIGHT_EDGE_SUM,0.6909488439559937,closes BOTH legs at once,,ok,0.12023890018463135,0.12023890018463135,0.5225747227668762,0.47906494140625,1.0051891803741455,both_aux,227,,,,CERTIFIED,LIGHT_EDGE_SUM,,0.00018143653869628906,0.00016617774963378906,0.003879070281982422,35.23828125,35.23828125,35.23828125
grid,5,38,grid_k5_N25_seed38,ok,25,40,0,24,0,8,10,8.608898997306824,1.2421220541000366,10.385555982589722,9.317155361175537,4.241305947303772,1,0.7082563638687134,0.7112396955490112,0.5345349311828613,0.433174973067778,0.9650995776197353,0.9154267977346342,0.9620180094099561,0.8888888888888888,LIGHT_EDGE_SUM,0.7082563638687134,closes BOTH legs at once,,ok,0.05637073516845703,0.05637073516845703,0.4309456944465637,0.5020598769187927,0.9544183015823364,both_aux,290,,,,CERTIFIED,LIGHT_EDGE_SUM,,0.0001595020294189453,0.0001881122589111328,0.003873109817504883,35.23828125,35.23828125,35.23828125
grid,5,39,grid_k5_N25_seed39,ok,25,40,0,24,0,8,10,8.576589941978455,1.2440215349197388,10.434809923171997,9.375813245773315,4.318419575691223,1,0.7992233037948608,0.7999038696289062,0.6141984462738037,0.4308903474152778,0.9733294928417563,0.9160388026789834,0.971721427145981,0.8888888888888888,LIGHT_EDGE_SUM,0.7992233037948608,closes BOTH legs at once,,ok,0.1520862579345703,0.1520862579345703,0.5696180462837219,0.4809386730194092,1.0421457886695862,both_aux,388,,,,CERTIFIED,LIGHT_EDGE_SUM,,0.00015687942504882812,0.00021600723266601562,0.003523111343383789,35.45703125,35.45703125,35.45703125
grid,5,40,grid_k5_N25_seed40,ok,25,40,0,24,0,8,10,8.492644786834717,1.2354803085327148,10.31634509563446,9.259525895118713,4.207722306251526,1,0.7668811082839966,0.7688900232315063,0.5882200002670288,0.4296226297670003,0.9717910360858931,0.9163812065186528,0.9691550619553956,0.8888888888888888,LIGHT_EDGE_SUM,0.7668811082839966,closes BOTH legs at once,,ok,0.04650998115539551,0.04650998115539551,0.49440330266952515,0.44855695962905884,0.9840119481086731,both_aux,178,,,,CERTIFIED,LIGHT_EDGE_SUM,,0.0002467632293701172,0.00023221969604492188,0.005265235900878906,35.45703125,35.45703125,35.45703125
grid,6,1,grid_k6_N36_seed1,ok,36,60,0,35,0,10,12,10.708216547966003,1.245184302330017,12.375022768974304,11.324158906936646,4.327198266983032,1,0.6159423589706421,0.6174222826957703,0.4216219186782837,0.42998520491820147,0.9630472943792016,0.9302358922820608,0.961382305754024,0.9090909090909091,LIGHT_EDGE_SUM,0.6159423589706421,closes BOTH legs at once,,ok,0.0389484167098999,0.0389484167098999,0.4824609160423279,0.49862444400787354,0.9723172187805176,both_aux,1969,,,,CERTIFIED,LIGHT_EDGE_SUM,,0.00022363662719726562,0.0007529258728027344,0.004435062408447266,35.45703125,35.45703125,35.45703125
grid,6,2,grid_k6_N36_seed2,ok,36,60,0,35,0,10,12,10.85936176776886,1.2434196472167969,12.409409523010254,11.355353713035583,4.200520277023315,1,0.49599194526672363,0.4977813959121704,0.30662810802459717,0.4366732418968876,0.9522819870686764,0.9287517438722266,0.9506128491521191,0.9090909090909091,LIGHT_EDGE_SUM,0.49599194526672363,closes BOTH legs at once,,ok,0.041880130767822266,0.041880130767822266,0.41117197275161743,0.46001237630844116,0.9219514727592468,both_aux,3939,,,,CERTIFIED,LIGHT_EDGE_SUM,,0.00021839141845703125,0.0013689994812011719,0.004839420318603516,35.45703125,35.45703125,35.45703125
grid,6,3,grid_k6_N36_seed3,ok,36,60,0,35,0,10,12,10.709383726119995,1.2433650493621826,12.361769318580627,11.307090520858765,4.261719703674316,1,0.5977067947387695,0.5991473197937012,0.4090205430984497,0.4306612821236072,0.9619110394770348,0.9300837689917393,0.9598286384780459,0.9090909090909091,LIGHT_EDGE_SUM,0.5977067947387695,closes BOTH legs at once,,ok,0.11630022525787354,0.11630022525787354,0.5503985285758972,0.5165148973464966,1.0057401657104492,both_aux,6188,,,,CERTIFIED,LIGHT_EDGE_SUM,,0.00021958351135253906,0.0020422935485839844,0.005880832672119141,35.45703125,35.45703125,35.45703125
grid,6,4,grid_k6_N36_seed4,ok,36,60,0,35,0,10,12,10.978947043418884,1.2460381984710693,12.543952822685242,11.474968314170837,4.357964873313904,1,0.4960212707519531,0.49703437089920044,0.3189675807952881,0.4405541923550346,0.9521217269346782,0.9279111795772484,0.9501630106479177,0.9090909090909091,LIGHT_EDGE_SUM,0.4960212707519531,closes BOTH legs at once,,ok,0.0018069744110107422,0.0018069744110107422,0.36027753353118896,0.3744707703590393,0.8020598888397217,both_aux,1252,,,,CERTIFIED,LIGHT_EDGE_SUM,,0.00023245811462402344,0.0005099773406982422,0.003934621810913086,35.45703125,35.45703125,35.45703125
grid,6,5,grid_k6_N36_seed5,ok,36,60,0,35,0,10,12,10.771354794502258,1.2497940063476562,12.243167400360107,11.18633782863617,4.232142806053162,1,0.41498303413391113,0.4179912209510803,0.22201859951019287,0.43092520606575796,0.9472011362495976,0.9300245133343205,0.9441150365990526,0.9090909090909091,LIGHT_EDGE_SUM,0.41498303413391113,closes BOTH legs at once,,ok,0.08274924755096436,0.08274924755096436,0.42823314666748047,0.3084591031074524,0.7036818861961365,both_aux,600,,,,CERTIFIED,LIGHT_EDGE_SUM,,0.00022220611572265625,0.0003159046173095703,0.003630399703979492,35.45703125,35.45703125,35.45703125
grid,6,6,grid_k6_N36_seed6,ok,36,60,0,35,0,10,12,10.719897389411926,1.246861219406128,12.243385910987854,11.205719828605652,4.186176657676697,1,0.4858224391937256,0.4871981143951416,0.2766273021697998,0.42987532303385556,0.951764855750134,0.9302606618726948,0.9502906283475145,0.9090909090909091,LIGHT_EDGE_SUM,0.4858224391937256,closes BOTH legs at once,,ok,0.058176636695861816,0.058176636695861816,0.3762279152870178,0.45269930362701416,0.909716010093689,both_aux,2151,,,,CERTIFIED,LIGHT_EDGE_SUM,,0.0002105236053466797,0.0008139610290527344,0.0045316219329833984,35.45703125,35.45703125,35.45703125
grid,6,7,grid_k6_N36_seed7,ok,36,60,0,35,0,10,12,10.650979995727539,1.2488750219345093,12.27726125717163,11.227109551429749,4.323278784751892,1,0.5761295557022095,0.5771551132202148,0.3774062395095825,0.4264229730221185,0.9605736797690954,0.9310453922577605,0.9582651767881123,0.9090909090909091,LIGHT_EDGE_SUM,0.5761295557022095,closes BOTH legs at once,,ok,0.00884711742401123,0.00884711742401123,0.4324982762336731,0.37345385551452637,0.8678538203239441,both_aux,654,,,,CERTIFIED,LIGHT_EDGE_SUM,,0.00037860870361328125,0.0005261898040771484,0.006022214889526367,35.45703125,35.45703125,35.45703125
grid,6,8,grid_k6_N36_seed8,ok,36,60,0,35,0,10,12,10.736639380455017,1.247193455696106,12.364950060844421,11.316483974456787,4.239371657371521,1,0.57984459400177,0.5809862017631531,0.38111722469329834,0.43043199639235163,0.9597160420104375,0.9301353067365518,0.9581874122343514,0.9090909090909091,LIGHT_EDGE_SUM,0.57984459400177,closes BOTH legs at once,,ok,0.08140003681182861,0.08140003681182861,0.4252476692199707,0.3861162066459656,0.8476877212524414,both_aux,1692,,,,CERTIFIED,LIGHT_EDGE_SUM,,0.00021386146545410156,0.0006542205810546875,0.004146575927734375,35.45703125,35.45703125,35.45703125
grid,6,9,grid_k6_N36_seed9,ok,36,60,0,35,0,10,12,10.757338762283325,1.2469351291656494,12.254515886306763,11.209657311439514,4.160627603530884,1,0.45231854915618896,0.4535737633705139,0.2502419948577881,0.4313511790096606,0.9493143980672324,0.9299290277332632,0.9473158539529969,0.9090909090909091,LIGHT_EDGE_SUM,0.45231854915618896,closes BOTH legs at once,,ok,0.0030444860458374023,0.0030444860458374023,0.5507307648658752,0.3543752431869507,0.8971804976463318,both_aux,2893,,,,CERTIFIED,LIGHT_EDGE_SUM,,0.00021409988403320312,0.0010232925415039062,0.00459742546081543,35.45703125,35.45703125,35.45703125
grid,6,10,grid_k6_N36_seed10,ok,36,60,0,35,0,10,12,10.956745028495789,1.2467811107635498,12.485069155693054,11.426796555519104,4.310811758041382,1,0.47005152702331543,0.4709235429763794,0.2815430164337158,0.4394013084536424,0.949572548174851,0.9281593292169177,0.9480915036023121,0.9090909090909091,LIGHT_EDGE_SUM,0.47005152702331543,closes BOTH legs at once,,ok,0.02035987377166748,0.02035987377166748,0.3248981237411499,0.486336886882782,0.8308961987495422,both_aux,937,,,,CERTIFIED,LIGHT_EDGE_SUM,,0.00022172927856445312,0.0004107952117919922,0.0039010047912597656,35.45703125,35.45703125,35.45703125
grid,6,11,grid_k6_N36_seed11,ok,36,60,0,35,0,10,12,10.42801833152771,1.249108910560608,12.23380160331726,11.199309587478638,4.2570260763168335,1,0.7712912559509277,0.772315502166748,0.5566743612289429,0.4174182988914694,0.9776387368449803,0.9331532664251986,0.9763303257043603,0.9090909090909091,LIGHT_EDGE_SUM,0.7712912559509277,closes BOTH legs at once,,ok,0.056041717529296875,0.056041717529296875,0.5009852051734924,0.5348978638648987,1.0631747245788574,both_aux,261,,,,CERTIFIED,LIGHT_EDGE_SUM,,0.0002288818359375,0.00020170211791992188,0.003668546676635742,35.45703125,35.45703125,35.45703125
grid,6,12,grid_k6_N36_seed12,ok,36,60,0,35,0,10,12,10.778972744941711,1.2373164892196655,12.346808314323425,11.29947817325592,4.214277029037476,1,0.520505428314209,0.5206842422485352,0.33051908016204834,0.43557864292827986,0.9545442939756218,0.9289915281120137,0.9529899673972744,0.9090909090909091,LIGHT_EDGE_SUM,0.520505428314209,closes BOTH legs at once,,ok,0.016602754592895508,0.016602754592895508,0.4068284034729004,0.5143610835075378,0.9588983058929443,both_aux,3142,,,,CERTIFIED,LIGHT_EDGE_SUM,,0.0003552436828613281,0.0016794204711914062,0.0071258544921875,35.45703125,35.45703125,35.45703125
grid,6,13,grid_k6_N36_seed13,ok,36,60,0,35,0,10,12,10.918321132659912,1.24819016456604,12.265580892562866,11.209805488586426,4.2667858600616455,1,0.29148435592651367,0.29929792881011963,0.09906959533691406,0.4373660938297771,0.9361620057037969,0.9286005871385251,0.9333607372902614,0.9090909090909091,LIGHT_EDGE_SUM,0.29148435592651367,closes BOTH legs at once,,ok,0.06193435192108154,0.06193435192108154,0.4507562518119812,0.31044334173202515,0.7859280109405518,both_aux,6567,,,,CERTIFIED,LIGHT_EDGE_SUM,,0.00023031234741210938,0.0021741390228271484,0.005723714828491211,35.45703125,35.45703125,35.45703125
grid,6,14,grid_k6_N36_seed14,ok,36,60,0,35,0,10,12,10.596450448036194,1.2489917278289795,12.370109915733337,11.316543102264404,4.168390154838562,1,0.7200926542282104,0.722959578037262,0.5246677398681641,0.42420018531488357,0.9728186792670944,0.9315573985485277,0.9708691138654456,0.9090909090909091,LIGHT_EDGE_SUM,0.7200926542282104,closes BOTH legs at once,,ok,0.03381979465484619,0.03381979465484619,0.5274597406387329,0.453862726688385,0.9975757002830505,both_aux,734,,,,CERTIFIED,LIGHT_EDGE_SUM,,0.0003592967987060547,0.0005767345428466797,0.006018161773681641,35.45703125,35.45703125,35.45703125
grid,6,15,grid_k6_N36_seed15,ok,36,60,0,35,0,10,12,10.851836323738098,1.2440506219863892,12.385094404220581,11.322957158088684,4.124520540237427,1,0.47112083435058594,0.47133076190948486,0.28920745849609375,0.4361493066259174,0.9510751632827742,0.928866367626115,0.9485581158211254,0.9090909090909091,LIGHT_EDGE_SUM,0.47112083435058594,closes BOTH legs at once,,ok,0.013255000114440918,0.013255000114440918,0.3644091486930847,0.3535693883895874,0.7760081887245178,both_aux,1831,,,,CERTIFIED,LIGHT_EDGE_SUM,,0.00021195411682128906,0.0007297992706298828,0.00473785400390625,35.45703125,35.45703125,35.45703125
grid,6,16,grid_k6_N36_seed16,ok,36,60,0,35,0,10,12,10.708450675010681,1.2473007440567017,12.280366897583008,11.23946988582611,4.288857102394104,1,0.5310192108154297,0.5320926904678345,0.324615478515625,0.4292649838475475,0.9556601035853364,0.9303984754588427,0.9541716356829895,0.9090909090909091,LIGHT_EDGE_SUM,0.5310192108154297,closes BOTH legs at once,,ok,0.1695467233657837,0.1695467233657837,0.5714197754859924,0.5708646178245544,1.0418842434883118,both_aux,6229,,,,CERTIFIED,LIGHT_EDGE_SUM,,0.00021648406982421875,0.002043485641479492,0.005672454833984375,35.45703125,35.45703125,35.45703125
grid,6,17,grid_k6_N36_seed17,ok,36,60,0,35,0,10,12,10.574522733688354,1.2494409084320068,12.26580262184143,11.221031665802002,4.253102421760559,1,0.6465089321136475,0.6474739909172058,0.44183897972106934,0.4231701820520233,0.966615935516802,0.9317964775572908,0.9646712324428254,0.9090909090909091,LIGHT_EDGE_SUM,0.6465089321136475,closes BOTH legs at once,,ok,0.01888573169708252,0.01888573169708252,0.5399341583251953,0.5145987272262573,1.016053557395935,both_aux,2477,,,,CERTIFIED,LIGHT_EDGE_SUM,,0.000217437744140625,0.0009043216705322266,0.004378318786621094,35.45703125,35.45703125,35.45703125
grid,6,18,grid_k6_N36_seed18,ok,36,60,0,35,0,10,12,10.807488679885864,1.2424428462982178,12.24163818359375,11.207939743995667,4.1170724630355835,1,0.40045106410980225,0.4009714126586914,0.19170665740966797,0.434929007482562,0.9439163394157288,0.9291344087958322,0.9427755543124711,0.9090909090909091,LIGHT_EDGE_SUM,0.40045106410980225,closes BOTH legs at once,,ok,0.005682110786437988,0.005682110786437988,0.42984580993652344,0.20702898502349854,0.702720582485199,both_aux,2169,,,,CERTIFIED,LIGHT_EDGE_SUM,,0.000339508056640625,0.001262664794921875,0.006642818450927734,35.45703125,35.45703125,35.45703125
grid,6,19,grid_k6_N36_seed19,ok,36,60,0,35,0,10,12,10.78819465637207,1.2385437488555908,12.251841068267822,11.216236591339111,4.202062964439392,1,0.428041934967041,0.42969924211502075,0.22510266304016113,0.4355193212327104,0.9463925969169801,0.9290045576288061,0.9451608025423013,0.9090909090909091,LIGHT_EDGE_SUM,0.428041934967041,closes BOTH legs at once,,ok,0.05969381332397461,0.05969381332397461,0.467604398727417,0.2707166075706482,0.8342404365539551,both_aux,1354,,,,CERTIFIED,LIGHT_EDGE_SUM,,0.00020074844360351562,0.0005900859832763672,0.0040187835693359375,35.45703125,35.45703125,35.45703125
grid,6,20,grid_k6_N36_seed20,ok,36,60,0,35,0,10,12,10.648177981376648,1.2465721368789673,12.22711968421936,11.19668972492218,4.197327375411987,1,0.5485117435455322,0.5502399206161499,0.3323695659637451,0.4270983469932356,0.9569023377836905,0.9308908794114187,0.9559202389968298,0.9090909090909091,LIGHT_EDGE_SUM,0.5485117435455322,closes BOTH legs at once,,ok,0.0009506940841674805,0.0009506940841674805,0.39935946464538574,0.40315812826156616,0.8761072754859924,both_aux,811,,,,CERTIFIED,LIGHT_EDGE_SUM,,0.0002372264862060547,0.0003764629364013672,0.004150390625,35.67578125,35.67578125,35.67578125
grid,6,21,grid_k6_N36_seed21,ok,36,60,0,35,0,10,12,10.671861052513123,1.248185396194458,12.243140816688538,11.196359992027283,4.271120667457581,1,0.5244989395141602,0.5247929096221924,0.32309436798095703,0.4274950293862646,0.956029814953206,0.9308003535381896,0.9537707653403362,0.9090909090909091,LIGHT_EDGE_SUM,0.5244989395141602,closes BOTH legs at once,,ok,0.05572831630706787,0.05572831630706787,0.5183531641960144,0.310916543006897,0.8746789693832397,both_aux,2376,,,,CERTIFIED,LIGHT_EDGE_SUM,,0.0002243518829345703,0.0008664131164550781,0.004373073577880859,35.67578125,35.67578125,35.67578125
grid,6,22,grid_k6_N36_seed22,ok,36,60,0,35,0,10,12,10.9014253616333,1.247043490409851,12.343042373657227,11.288920998573303,4.202672719955444,1,0.38749563694000244,0.3896443843841553,0.1945735216140747,0.43709082503812513,0.9435342905630167,0.9286605840552681,0.9414049184216824,0.9090909090909091,LIGHT_EDGE_SUM,0.38749563694000244,closes BOTH legs at once,,ok,0.03764820098876953,0.03764820098876953,0.29605633020401,0.4352875351905823,0.7993627786636353,both_aux,2577,,,,CERTIFIED,LIGHT_EDGE_SUM,,0.00020933151245117188,0.0009417533874511719,0.004315853118896484,35.67578125,35.67578125,35.67578125
grid,6,23,grid_k6_N36_seed23,ok,36,60,0,35,0,10,12,10.801551699638367,1.248111367225647,12.388184905052185,11.32984471321106,4.31412935256958,1,0.5282930135726929,0.5302107930183411,0.3385218381881714,0.432715861071296,0.9557411479336295,0.9296243880765324,0.9535536297564273,0.9090909090909091,LIGHT_EDGE_SUM,0.5282930135726929,closes BOTH legs at once,,ok,0.00017333030700683594,0.00017333030700683594,0.49672943353652954,0.4403459429740906,0.9004413485527039,both_aux,4056,,,,CERTIFIED,LIGHT_EDGE_SUM,,0.0002162456512451172,0.0014007091522216797,0.0047168731689453125,35.67578125,35.67578125,35.67578125
grid,6,24,grid_k6_N36_seed24,ok,36,60,0,35,0,10,12,10.597567796707153,1.2357383966445923,12.349501729011536,11.298850536346436,4.215794324874878,1,0.7012827396392822,0.7026447653770447,0.51619553565979,0.4287949547203029,0.9710955983731112,0.9305048746679212,0.9692490298539139,0.9090909090909091,LIGHT_EDGE_SUM,0.7012827396392822,closes BOTH legs at once,,ok,0.005391478538513184,0.005391478538513184,0.400124728679657,0.5412836074829102,0.9079140424728394,both_aux,327,,,,CERTIFIED,LIGHT_EDGE_SUM,,0.0003445148468017578,0.0003707408905029297,0.0058176517486572266,35.67578125,35.67578125,35.67578125
grid,6,25,grid_k6_N36_seed25,ok,36,60,0,35,0,10,12,10.753788232803345,1.2477155923843384,12.211612343788147,11.177135229110718,4.172273516654968,1,0.42334699630737305,0.4251244068145752,0.21010851860046387,0.4309390817282829,0.9463031444846149,0.9300214000075425,0.9448793119683245,0.9090909090909091,LIGHT_EDGE_SUM,0.42334699630737305,closes BOTH legs at once,,ok,0.013634800910949707,0.013634800910949707,0.2724721431732178,0.4060502052307129,0.7686605453491211,both_aux,1203,,,,CERTIFIED,LIGHT_EDGE_SUM,,0.0002186298370361328,0.0005068778991699219,0.0038728713989257812,35.67578125,35.67578125,35.67578125
grid,6,26,grid_k6_N36_seed26,ok,36,60,0,35,0,10,12,10.870740175247192,1.2491271495819092,12.47742509841919,11.41748571395874,4.256506085395813,1,0.5467455387115479,0.5473238825798035,0.3575577735900879,0.43513345214238996,0.9564991970242006,0.9290893972753719,0.9548137753185876,0.9090909090909091,LIGHT_EDGE_SUM,0.5467455387115479,closes BOTH legs at once,,ok,0.0028383731842041016,0.0028383731842041016,0.4056967496871948,0.460332989692688,0.8261427879333496,both_aux,1601,,,,CERTIFIED,LIGHT_EDGE_SUM,,0.0002200603485107422,0.0006279945373535156,0.00421595573425293,35.67578125,35.67578125,35.67578125
grid,6,27,grid_k6_N36_seed27,ok,36,60,0,35,0,10,12,10.598147749900818,1.2486698627471924,12.183500528335571,11.148429870605469,4.254233002662659,1,0.5502821207046509,0.5526677966117859,0.33668291568756104,0.4243774942475141,0.957989768263169,0.9315163596046676,0.9562931641616167,0.9090909090909091,LIGHT_EDGE_SUM,0.5502821207046509,closes BOTH legs at once,,ok,0.028103113174438477,0.028103113174438477,0.40445446968078613,0.4157599210739136,0.9449821710586548,both_aux,1101,,,,CERTIFIED,LIGHT_EDGE_SUM,,0.000286102294921875,0.00048351287841796875,0.004117488861083984,35.67578125,35.67578125,35.67578125
grid,6,28,grid_k6_N36_seed28,ok,36,60,0,35,0,10,12,10.798320889472961,1.248885989189148,12.301416516304016,11.253252148628235,4.300010681152344,1,0.45493125915527344,0.45682644844055176,0.25420963764190674,0.4323181212275382,0.9493309686922705,0.9297129774443804,0.9473907407214476,0.9090909090909091,LIGHT_EDGE_SUM,0.45493125915527344,closes BOTH legs at once,,ok,0.0882495641708374,0.0882495641708374,0.5203697085380554,0.4250003695487976,0.9105823636054993,both_aux,4569,,,,CERTIFIED,LIGHT_EDGE_SUM,,0.00022220611572265625,0.0015406608581542969,0.0051496028900146484,35.67578125,35.67578125,35.67578125
grid,6,29,grid_k6_N36_seed29,ok,36,60,0,35,0,10,12,10.445426106452942,1.248404622077942,12.274406909942627,11.227783918380737,4.179168224334717,1,0.7823578119277954,0.7828633189201355,0.5805761814117432,0.4183509866002723,0.9792489383112053,0.932930724044111,0.9771814175327265,0.9090909090909091,LIGHT_EDGE_SUM,0.7823578119277954,closes BOTH legs at once,,ok,0.14658737182617188,0.14658737182617188,0.5194799900054932,0.49137353897094727,1.076179325580597,both_aux,445,,,,CERTIFIED,LIGHT_EDGE_SUM,,0.0003466606140136719,0.0004208087921142578,0.005921602249145508,35.67578125,35.67578125,35.67578125
grid,6,30,grid_k6_N36_seed30,ok,36,60,0,35,0,10,12,10.809845328330994,1.2458393573760986,12.412985682487488,11.367220997810364,4.258355617523193,1,0.5573756694793701,0.5583526492118835,0.3573009967803955,0.4338378485288002,0.9569197727830343,0.9293753610355351,0.9559653220618474,0.9090909090909091,LIGHT_EDGE_SUM,0.5573756694793701,closes BOTH legs at once,,ok,0.05104422569274902,0.05104422569274902,0.41387277841567993,0.4087145924568176,0.9381473064422607,both_aux,452,,,,CERTIFIED,LIGHT_EDGE_SUM,,0.00035071372985839844,0.00041866302490234375,0.005558967590332031,35.67578125,35.67578125,35.67578125
grid,6,31,grid_k6_N36_seed31,ok,36,60,0,35,0,10,12,10.835258483886719,1.248602271080017,12.25183355808258,11.19932508468628,4.20803165435791,1,0.36406660079956055,0.36825454235076904,0.16797280311584473,0.4338955140020059,0.9422812860058108,0.9293625968819628,0.9396365243692802,0.9090909090909091,LIGHT_EDGE_SUM,0.36406660079956055,closes BOTH legs at once,,ok,0.05002415180206299,0.05002415180206299,0.4013392925262451,0.3552793264389038,0.7787101864814758,both_aux,3084,,,,CERTIFIED,LIGHT_EDGE_SUM,,0.00020813941955566406,0.0011036396026611328,0.0045928955078125,35.67578125,35.67578125,35.67578125
grid,6,32,grid_k6_N36_seed32,ok,36,60,0,35,0,10,12,10.760085940361023,1.247744083404541,12.416516542434692,11.348481059074402,4.237505555152893,1,0.5883951187133789,0.5904200077056885,0.4086865186691284,0.43118160540587436,0.9616184458047562,0.9299670165523694,0.9588028404212503,0.9090909090909091,LIGHT_EDGE_SUM,0.5883951187133789,closes BOTH legs at once,,ok,0.017609000205993652,0.017609000205993652,0.5182332992553711,0.39299267530441284,0.8749921917915344,both_aux,4497,,,,CERTIFIED,LIGHT_EDGE_SUM,,0.00021147727966308594,0.0015370845794677734,0.005017518997192383,35.67578125,35.67578125,35.67578125
grid,6,33,grid_k6_N36_seed33,ok,36,60,0,35,0,10,12,10.921060919761658,1.2445015907287598,12.335027575492859,11.284506440162659,4.261064767837524,1,0.363445520401001,0.36409610509872437,0.1694650650024414,0.43877247731625896,0.9412262894389553,0.9282952300355144,0.9393448396361088,0.9090909090909091,LIGHT_EDGE_SUM,0.363445520401001,closes BOTH legs at once,,ok,0.0708380937576294,0.0708380937576294,0.3473329544067383,0.4140230417251587,0.7488255500793457,both_aux,4645,,,,CERTIFIED,LIGHT_EDGE_SUM,,0.0002162456512451172,0.0015697479248046875,0.00550079345703125,35.67578125,35.67578125,35.67578125
grid,6,34,grid_k6_N36_seed34,ok,36,60,0,35,0,10,12,10.85273265838623,1.2498754262924194,12.2945317029953,11.243735194206238,4.261229634284973,1,0.3910025358200073,0.39406222105026245,0.1919236183166504,0.4341525735320416,0.944042704112172,0.9293057384435648,0.941843660120005,0.9090909090909091,LIGHT_EDGE_SUM,0.3910025358200073,closes BOTH legs at once,,ok,0.016348719596862793,0.016348719596862793,0.3577879071235657,0.3550769090652466,0.7259641289710999,both_aux,3354,,,,CERTIFIED,LIGHT_EDGE_SUM,,0.0002148151397705078,0.0011796951293945312,0.0046656131744384766,35.67578125,35.67578125,35.67578125
grid,6,35,grid_k6_N36_seed35,ok,36,60,0,35,0,10,12,10.728703141212463,1.2447456121444702,12.204330563545227,11.17415452003479,4.126494407653809,1,0.44545137882232666,0.4463101029396057,0.23088181018829346,0.4309596690495201,0.947950123678384,0.9300167811338255,0.9468359928721742,0.9090909090909091,LIGHT_EDGE_SUM,0.44545137882232666,closes BOTH legs at once,,ok,0.07367193698883057,0.07367193698883057,0.3274955153465271,0.3685286045074463,0.7697081565856934,both_aux,1038,,,,CERTIFIED,LIGHT_EDGE_SUM,,0.00021266937255859375,0.0004596710205078125,0.0038995742797851562,35.67578125,35.67578125,35.67578125
grid,6,36,grid_k6_N36_seed36,ok,36,60,0,35,0,10,12,10.72405743598938,1.2336047887802124,12.373840689659119,11.324350118637085,4.270542860031128,1,0.6002926826477051,0.6024588346481323,0.41617846488952637,0.43466341625478455,0.9615328871182929,0.9291929458714244,0.9599784228743967,0.9090909090909091,LIGHT_EDGE_SUM,0.6002926826477051,closes BOTH legs at once,,ok,0.01056206226348877,0.01056206226348877,0.3948279619216919,0.38228607177734375,0.9170631170272827,both_aux,1195,,,,CERTIFIED,LIGHT_EDGE_SUM,,0.00022220611572265625,0.0005035400390625,0.004161357879638672,35.67578125,35.67578125,35.67578125
grid,6,37,grid_k6_N36_seed37,ok,36,60,0,35,0,10,12,10.676563382148743,1.2482144832611084,12.166650652885437,11.138780355453491,4.217677593231201,1,0.46221697330474854,0.462348997592926,0.24187278747558594,0.4276734297400137,0.9496384914478603,0.930759695995134,0.9484478850595465,0.9090909090909091,LIGHT_EDGE_SUM,0.46221697330474854,closes BOTH legs at once,,ok,0.06483876705169678,0.06483876705169678,0.376242458820343,0.41862523555755615,0.8184913396835327,both_aux,651,,,,CERTIFIED,LIGHT_EDGE_SUM,,0.0003540515899658203,0.0005366802215576172,0.006018638610839844,35.67578125,35.67578125,35.67578125
grid,6,38,grid_k6_N36_seed38,ok,36,60,0,35,0,10,12,10.520305752754211,1.2421220541000366,12.301767110824585,11.253880739212036,4.136963248252869,1,0.7335749864578247,0.7342143058776855,0.5393393039703369,0.4234811594411534,0.9744462597648352,0.9317241725424544,0.9724813054347327,0.9090909090909091,LIGHT_EDGE_SUM,0.7335749864578247,closes BOTH legs at once,,ok,0.09552597999572754,0.09552597999572754,0.5549553632736206,0.44224756956100464,1.0581846237182617,both_aux,346,,,,CERTIFIED,LIGHT_EDGE_SUM,,0.00021719932556152344,0.0002334117889404297,0.003674745559692383,35.67578125,35.67578125,35.67578125
grid,6,39,grid_k6_N36_seed39,ok,36,60,0,35,0,10,12,10.768192172050476,1.2442021369934082,12.394145250320435,11.338083624839783,4.288370251655579,1,0.5698914527893066,0.5714239478111267,0.3817509412765503,0.43273483672321994,0.9591632662421445,0.9296201656627511,0.957203269143703,0.9090909090909091,LIGHT_EDGE_SUM,0.5698914527893066,closes BOTH legs at once,,ok,0.04945576190948486,0.04945576190948486,0.5153068900108337,0.4601384997367859,0.9560592770576477,both_aux,1945,,,,CERTIFIED,LIGHT_EDGE_SUM,,0.0002117156982421875,0.0007193088531494141,0.004151105880737305,35.67578125,35.67578125,35.67578125
grid,6,40,grid_k6_N36_seed40,ok,36,60,0,35,0,10,12,10.608773469924927,1.2453489303588867,12.305049300193787,11.264325022697449,4.170342922210693,1,0.655551552772522,0.6578478813171387,0.45092689990997314,0.4259357843936828,0.9665780666569416,0.9311571560628064,0.9652666733067651,0.9090909090909091,LIGHT_EDGE_SUM,0.655551552772522,closes BOTH legs at once,,ok,0.0031232833862304688,0.0031232833862304688,0.5538045167922974,0.4508645534515381,1.0122088193893433,both_aux,705,,,,CERTIFIED,LIGHT_EDGE_SUM,,0.0003383159637451172,0.0005600452423095703,0.0060269832611083984,35.67578125,35.67578125,35.67578125
grid,7,1,grid_k7_N49_seed1,ok,49,84,0,48,0,12,14,12.907772064208984,1.245184302330017,14.369685769081116,13.321781754493713,4.237911820411682,1,0.414009690284729,0.4140462279319763,0.21672940254211426,0.4319230775735925,0.954221491910893,0.9398295381021551,0.9526841077352057,0.9230769230769231,LIGHT_EDGE_SUM,0.414009690284729,closes BOTH legs at once,,ok,0.014611244201660156,0.014611244201660156,0.4179617762565613,0.472118616104126,0.8900803923606873,both_aux,16023,,,,CERTIFIED,LIGHT_EDGE_SUM,,0.0003020763397216797,0.0052547454833984375,0.008802652359008789,35.67578125,35.67578125,35.67578125
grid,7,2,grid_k7_N49_seed2,ok,49,84,0,48,0,12,14,12.886362314224243,1.2434196472167969,14.365596532821655,13.318783402442932,4.260020732879639,1,0.43242108821868896,0.4331768751144409,0.23581457138061523,0.4318186255899331,0.955534863637391,0.9398495390639862,0.9540521446214768,0.9230769230769231,LIGHT_EDGE_SUM,0.43242108821868896,closes BOTH legs at once,,ok,0.019736051559448242,0.019736051559448242,0.46332478523254395,0.34431588649749756,0.821647047996521,both_aux,10303,,,,CERTIFIED,LIGHT_EDGE_SUM,,0.00030303001403808594,0.003441333770751953,0.007246732711791992,35.67578125,35.67578125,35.67578125
grid,7,3,grid_k7_N49_seed3,ok,49,84,0,48,0,12,14,12.99664556980133,1.2433650493621826,14.359887480735779,13.314815640449524,4.261295795440674,1,0.31817007064819336,0.31958258152008057,0.11987686157226562,0.43553331261765227,0.9470501382362435,0.9391441293294436,0.9456747117333688,0.9230769230769231,LIGHT_EDGE_SUM,0.31817007064819336,closes BOTH legs at once,,ok,0.03315246105194092,0.03315246105194092,0.3050771951675415,0.38976389169692993,0.8090304732322693,both_aux,15030,,,,CERTIFIED,LIGHT_EDGE_SUM,,0.00029397010803222656,0.004873037338256836,0.008425474166870117,35.67578125,35.67578125,35.67578125
grid,7,4,grid_k7_N49_seed4,ok,49,84,0,48,0,12,14,13.127269625663757,1.2460381984710693,14.494454860687256,13.438512086868286,4.325259327888489,1,0.3112424612045288,0.31154489517211914,0.1211470365524292,0.4389669340852792,0.9464129865763656,0.938502711248286,0.9449627181898606,0.9230769230769231,LIGHT_EDGE_SUM,0.3112424612045288,closes BOTH legs at once,,ok,0.01416778564453125,0.01416778564453125,0.395017147064209,0.32690858840942383,0.7521992921829224,both_aux,8248,,,,CERTIFIED,LIGHT_EDGE_SUM,,0.0004942417144775391,0.004266023635864258,0.010125398635864258,35.67578125,35.67578125,35.67578125
grid,7,5,grid_k7_N49_seed5,ok,49,84,0,48,0,12,14,12.971475601196289,1.2497940063476562,14.299832820892334,13.249019622802734,4.243899464607239,1,0.2775440216064453,0.2786974310874939,0.07856321334838867,0.43245378622779224,0.9449194476867737,0.9397280647457649,0.9428275273535288,0.9230769230769231,LIGHT_EDGE_SUM,0.2775440216064453,closes BOTH legs at once,,ok,0.03306770324707031,0.03306770324707031,0.4176791310310364,0.32982343435287476,0.7471463084220886,both_aux,17367,,,,CERTIFIED,LIGHT_EDGE_SUM,,0.00031256675720214844,0.00567626953125,0.009565591812133789,35.67578125,35.67578125,35.67578125
grid,7,6,grid_k7_N49_seed6,ok,49,84,0,48,0,12,14,12.932462453842163,1.2484490871429443,14.30478584766388,13.258201718330383,4.236021876335144,1,0.3257392644882202,0.3301982879638672,0.12387430667877197,0.43161760282638273,0.9480982493508479,0.9398880591003679,0.9463271276734805,0.9230769230769231,LIGHT_EDGE_SUM,0.3257392644882202,closes BOTH legs at once,,ok,0.011983394622802734,0.011983394622802734,0.5343325138092041,0.4240090847015381,0.8984103202819824,both_aux,26650,,,,CERTIFIED,LIGHT_EDGE_SUM,,0.0004982948303222656,0.01333165168762207,0.019080162048339844,35.67578125,35.67578125,35.67578125
grid,7,7,grid_k7_N49_seed7,ok,49,84,0,48,0,12,14,13.00283169746399,1.2488750219345093,14.310150861740112,13.270097851753235,4.209161877632141,1,0.2672661542892456,0.2679850459098816,0.05844414234161377,0.4338181519731048,0.9433209535557946,0.939468332810136,0.9420502686591807,0.9230769230769231,LIGHT_EDGE_SUM,0.2672661542892456,closes BOTH legs at once,,ok,0.10981214046478271,0.10981214046478271,0.3385355472564697,0.25801753997802734,0.5796080827713013,both_aux,4158,,,,CERTIFIED,LIGHT_EDGE_SUM,,0.0003113746643066406,0.0015120506286621094,0.005255937576293945,35.67578125,35.67578125,35.67578125
grid,7,8,grid_k7_N49_seed8,ok,49,84,0,48,0,12,14,12.855895400047302,1.247193455696106,14.384214520454407,13.338826060295105,4.1586209535598755,1,0.48293066024780273,0.4843675494194031,0.28112566471099854,0.42949416218378955,0.9590406850831018,0.940297155521895,0.9577522322677094,0.9230769230769231,LIGHT_EDGE_SUM,0.48293066024780273,closes BOTH legs at once,,ok,0.03668248653411865,0.03668248653411865,0.42962580919265747,0.22648674249649048,0.764109194278717,both_aux,3240,,,,CERTIFIED,LIGHT_EDGE_SUM,,0.00029158592224121094,0.0011878013610839844,0.005017757415771484,35.67578125,35.67578125,35.67578125
grid,7,9,grid_k7_N49_seed9,ok,49,84,0,48,0,12,14,13.153242945671082,1.2469351291656494,14.258445620536804,13.216097474098206,4.257977843284607,1,0.06285452842712402,0.06743180751800537,-0.14173245429992676,0.4395190869068504,0.929164379315692,0.9384005016415927,0.9274879694585346,0.9230769230769231,LIGHT_EDGE_SUM,0.06285452842712402,closes BOTH legs at once,,ok,0.00938260555267334,0.00938260555267334,0.25628435611724854,0.07348275184631348,0.4989323616027832,both_aux,9562,,,,CERTIFIED,LIGHT_EDGE_SUM,,0.0002961158752441406,0.003139495849609375,0.006669282913208008,35.67578125,35.67578125,35.67578125
grid,7,10,grid_k7_N49_seed10,ok,49,84,0,48,0,12,14,13.03829538822174,1.2467811107635498,14.494980335235596,13.443059921264648,4.220794916152954,1,0.4047645330429077,0.40661507844924927,0.20990383625030518,0.4357319044638634,0.9529059197413905,0.939106755926513,0.9517331843907629,0.9230769230769231,LIGHT_EDGE_SUM,0.4047645330429077,closes BOTH legs at once,,ok,0.022240877151489258,0.022240877151489258,0.32124292850494385,0.3591281771659851,0.7595913410186768,both_aux,3101,,,,CERTIFIED,LIGHT_EDGE_SUM,,0.0002987384796142578,0.0011496543884277344,0.004720926284790039,35.67578125,35.67578125,35.67578125
grid,7,11,grid_k7_N49_seed11,ok,49,84,0,48,0,12,14,12.760067224502563,1.249108910560608,14.190412521362305,13.15861177444458,4.162659764289856,1,0.3985445499420166,0.4028322696685791,0.1812363862991333,0.4256390000844604,0.9532246592901809,0.9410503132434468,0.9519080624743016,0.9230769230769231,LIGHT_EDGE_SUM,0.3985445499420166,closes BOTH legs at once,,ok,0.01123189926147461,0.01123189926147461,0.22549647092819214,0.3008090853691101,0.7533054947853088,both_aux,425,,,,CERTIFIED,LIGHT_EDGE_SUM,,0.000308990478515625,0.0003123283386230469,0.0038809776306152344,35.67578125,35.67578125,35.67578125
grid,7,12,grid_k7_N49_seed12,ok,49,84,0,48,0,12,14,12.80665385723114,1.240557312965393,14.36149251461029,13.314520001411438,4.263192296028137,1,0.5078661441802979,0.5089409947395325,0.3142813444137573,0.4301377871120708,0.9612074210827675,0.9401727298589236,0.9596828564402418,0.9230769230769231,LIGHT_EDGE_SUM,0.5078661441802979,closes BOTH legs at once,,ok,0.011547088623046875,0.011547088623046875,0.5355583429336548,0.5143610835075378,1.0178390741348267,both_aux,8015,,,,CERTIFIED,LIGHT_EDGE_SUM,,0.0003044605255126953,0.002631664276123047,0.006411552429199219,35.67578125,35.67578125,35.67578125
grid,7,13,grid_k7_N49_seed13,ok,49,84,0,48,0,12,14,13.069645166397095,1.24819016456604,14.253008961677551,13.212860703468323,4.2208110094070435,1,0.14321553707122803,0.1476994752883911,-0.0648263692855835,0.4362865243287747,0.9347510715673748,0.9390025610822167,0.933191884547829,0.9230769230769231,LIGHT_EDGE_SUM,0.14321553707122803,closes BOTH legs at once,,ok,0.04183459281921387,0.04183459281921387,0.30117958784103394,0.3119201064109802,0.6562869548797607,both_aux,17928,,,,CERTIFIED,LIGHT_EDGE_SUM,,0.0004794597625732422,0.00900888442993164,0.015387773513793945,35.67578125,35.67578125,35.67578125
grid,7,14,grid_k7_N49_seed14,ok,49,84,0,48,0,12,14,12.640242457389832,1.2494935989379883,14.322569131851196,13.281467080116272,4.069033145904541,1,0.6412246227264404,0.6419956684112549,0.43283307552337646,0.4215121786182502,0.9712224958251379,0.9418718104826158,0.9699035289543636,0.9230769230769231,LIGHT_EDGE_SUM,0.6412246227264404,closes BOTH legs at once,,ok,0.009209632873535156,0.009209632873535156,0.48196738958358765,0.5604203939437866,1.0161206722259521,both_aux,7265,,,,CERTIFIED,LIGHT_EDGE_SUM,,0.0004799365997314453,0.0036993026733398438,0.010067462921142578,35.67578125,35.67578125,35.67578125
grid,7,15,grid_k7_N49_seed15,ok,49,84,0,48,0,12,14,12.93833339214325,1.2494980096817017,14.34211015701294,13.29159414768219,4.21075177192688,1,0.35326075553894043,0.35329335927963257,0.15427875518798828,0.43145104713689425,0.9501407101555043,0.939920001737326,0.9482800803448235,0.9230769230769231,LIGHT_EDGE_SUM,0.35326075553894043,closes BOTH legs at once,,ok,0.007723093032836914,0.007723093032836914,0.3848612308502197,0.35409897565841675,0.7854811549186707,both_aux,17296,,,,CERTIFIED,LIGHT_EDGE_SUM,,0.00029206275939941406,0.005692005157470703,0.009168386459350586,35.67578125,35.67578125,35.67578125
grid,7,16,grid_k7_N49_seed16,ok,49,84,0,48,0,12,14,12.77153193950653,1.2473007440567017,14.275652289390564,13.240474224090576,4.183369278907776,1,0.4689422845840454,0.4691903591156006,0.25681960582733154,0.4266390176400907,0.9580897145984028,0.9408536389457864,0.9569702573460483,0.9230769230769231,LIGHT_EDGE_SUM,0.4689422845840454,closes BOTH legs at once,,ok,0.12075531482696533,0.12075531482696533,0.4332026243209839,0.47008174657821655,0.9364384412765503,both_aux,12531,,,,CERTIFIED,LIGHT_EDGE_SUM,,0.0004825592041015625,0.00637054443359375,0.012197017669677734,35.67578125,35.67578125,35.67578125
grid,7,17,grid_k7_N49_seed17,ok,49,84,0,48,0,12,14,12.875747561454773,1.2494409084320068,14.228041768074036,13.185200929641724,4.174444794654846,1,0.3094533681869507,0.31025850772857666,0.10285329818725586,0.42938363719861933,0.9471655384999624,0.94031855975531,0.945261985464829,0.9230769230769231,LIGHT_EDGE_SUM,0.3094533681869507,closes BOTH legs at once,,ok,0.05150783061981201,0.05150783061981201,0.3799055218696594,0.34965062141418457,0.7526137232780457,both_aux,20035,,,,CERTIFIED,LIGHT_EDGE_SUM,,0.0002956390380859375,0.006486415863037109,0.010268211364746094,35.67578125,35.67578125,35.67578125
grid,7,18,grid_k7_N49_seed18,ok,49,84,0,48,0,12,14,12.973099946975708,1.2424428462982178,14.264525771141052,13.230827331542969,4.238219738006592,1,0.25772738456726074,0.2582477331161499,0.048982977867126465,0.4350669592042088,0.9424683711092552,0.9392320274618617,0.9414150382622971,0.9230769230769231,LIGHT_EDGE_SUM,0.25772738456726074,closes BOTH legs at once,,ok,0.05350923538208008,0.05350923538208008,0.22618889808654785,0.3750962018966675,0.7550364136695862,both_aux,12943,,,,CERTIFIED,LIGHT_EDGE_SUM,,0.0002944469451904297,0.00420379638671875,0.007646322250366211,35.67578125,35.67578125,35.67578125
grid,7,19,grid_k7_N49_seed19,ok,49,84,0,48,0,12,14,12.832524299621582,1.2385437488555908,14.260931968688965,13.228642106056213,4.086612820625305,1,0.39611780643463135,0.39751654863357544,0.189863920211792,0.43170740878413255,0.9525527236696861,0.9398708460251235,0.951570709443682,0.9230769230769231,LIGHT_EDGE_SUM,0.39611780643463135,closes BOTH legs at once,,ok,0.054236769676208496,0.054236769676208496,0.30418217182159424,0.3818197250366211,0.8360891938209534,both_aux,7861,,,,CERTIFIED,LIGHT_EDGE_SUM,,0.0002827644348144531,0.0027170181274414062,0.006264686584472656,35.67578125,35.67578125,35.67578125
grid,7,20,grid_k7_N49_seed20,ok,49,84,0,48,0,12,14,12.846321105957031,1.2490953207015991,14.248970985412598,13.218541026115417,4.236934304237366,1,0.37221992015838623,0.3739480972290039,0.15355455875396729,0.4285208426801459,0.950731621998666,0.9404860277828517,0.9498229164063607,0.9230769230769231,LIGHT_EDGE_SUM,0.37221992015838623,closes BOTH legs at once,,ok,0.025215864181518555,0.025215864181518555,0.32661235332489014,0.45725417137145996,0.7847920656204224,both_aux,6333,,,,CERTIFIED,LIGHT_EDGE_SUM,,0.00029969215393066406,0.0021789073944091797,0.0055849552154541016,35.67578125,35.67578125,35.67578125
grid,7,21,grid_k7_N49_seed21,ok,49,84,0,48,0,12,14,12.986774802207947,1.248185396194458,14.2290780544281,13.18664002418518,4.233936786651611,1,0.1998652219772339,0.20418483018875122,-0.005882143974304199,0.43352182969649383,0.9391363755693728,0.9395246041918791,0.9372829886276605,0.9230769230769231,LIGHT_EDGE_SUM,0.1998652219772339,closes BOTH legs at once,,ok,0.01367330551147461,0.01367330551147461,0.2590785026550293,0.20308375358581543,0.6632980108261108,both_aux,11579,,,,CERTIFIED,LIGHT_EDGE_SUM,,0.0004894733428955078,0.003945112228393555,0.009640216827392578,35.67578125,35.67578125,35.67578125
grid,7,22,grid_k7_N49_seed22,ok,49,84,0,48,0,12,14,13.261879205703735,1.247043490409851,14.432568311691284,13.37844693660736,4.211065292358398,1,0.11656773090362549,0.11871647834777832,-0.07635438442230225,0.4431106889913248,0.9328069308060086,0.93774187359986,0.9311904777778511,0.9230769230769231,LIGHT_EDGE_SUM,0.11656773090362549,closes BOTH legs at once,,ok,0.03166043758392334,0.03166043758392334,0.0334014892578125,0.3494143486022949,0.5211870670318604,both_aux,4381,,,,CERTIFIED,LIGHT_EDGE_SUM,,0.0002944469451904297,0.0015707015991210938,0.005632877349853516,35.67578125,35.67578125,35.67578125
grid,7,23,grid_k7_N49_seed23,ok,49,84,0,48,0,12,14,13.073709964752197,1.2488226890563965,14.397610902786255,13.3454030752182,4.250645160675049,1,0.2716931104660034,0.27257460355758667,0.07507824897766113,0.43620116768506917,0.9439408843027116,0.939018579539068,0.9422599737263805,0.9230769230769231,LIGHT_EDGE_SUM,0.2716931104660034,closes BOTH legs at once,,ok,0.03861045837402344,0.03861045837402344,0.3774920701980591,0.23054563999176025,0.713886559009552,both_aux,10622,,,,CERTIFIED,LIGHT_EDGE_SUM,,0.0004825592041015625,0.005466938018798828,0.01128387451171875,35.89453125,35.89453125,35.89453125
grid,7,24,grid_k7_N49_seed24,ok,49,84,0,48,0,12,14,12.839650511741638,1.2430970668792725,14.394070029258728,13.343418836593628,4.214060664176941,1,0.5037683248519897,0.5051303505897522,0.3113224506378174,0.430364974902794,0.9609120045370794,0.9401288987517322,0.9592941795219284,0.9230769230769231,LIGHT_EDGE_SUM,0.5037683248519897,closes BOTH legs at once,,ok,0.04912686347961426,0.04912686347961426,0.3893101215362549,0.4836665391921997,0.8920941352844238,both_aux,5606,,,,CERTIFIED,LIGHT_EDGE_SUM,,0.0003178119659423828,0.00194549560546875,0.005722761154174805,35.89453125,35.89453125,35.89453125
grid,7,25,grid_k7_N49_seed25,ok,49,84,0,48,0,12,14,12.64845323562622,1.2477155923843384,14.220277547836304,13.189355254173279,4.210155487060547,1,0.5409020185470581,0.5412030220031738,0.32410871982574463,0.4223870311748253,0.9636600697060148,0.941696318964235,0.9625516447417176,0.9230769230769231,LIGHT_EDGE_SUM,0.5409020185470581,closes BOTH legs at once,,ok,0.051450371742248535,0.051450371742248535,0.4498637914657593,0.49671250581741333,0.9441550970077515,both_aux,3196,,,,CERTIFIED,LIGHT_EDGE_SUM,,0.000507354736328125,0.0011763572692871094,0.006570100784301758,35.89453125,35.89453125,35.89453125
grid,7,26,grid_k7_N49_seed26,ok,49,84,0,48,0,12,14,12.788273334503174,1.2491271495819092,14.39465081691742,13.344014644622803,4.251812100410461,1,0.5557413101196289,0.5557642579078674,0.3572503328323364,0.4265736458048423,0.9648114179337489,0.9408664675100692,0.9631911719011094,0.9230769230769231,LIGHT_EDGE_SUM,0.5557413101196289,closes BOTH legs at once,,ok,0.031160473823547363,0.031160473823547363,0.47919172048568726,0.5250281095504761,0.999804675579071,both_aux,20280,,,,CERTIFIED,LIGHT_EDGE_SUM,,0.00029730796813964844,0.0064182281494140625,0.010036945343017578,35.89453125,35.89453125,35.89453125
grid,7,27,grid_k7_N49_seed27,ok,49,84,0,48,0,12,14,12.97699761390686,1.2486698627471924,14.230460405349731,13.195389747619629,4.256409645080566,1,0.21839213371276855,0.21904200315475464,0.004792928695678711,0.4330273758054642,0.9399352495239901,0.9396186720907098,0.9386115440123348,0.9230769230769231,LIGHT_EDGE_SUM,0.21839213371276855,closes BOTH legs at once,,ok,0.07129919528961182,0.07129919528961182,0.3147289752960205,0.35474658012390137,0.811288595199585,both_aux,21063,,,,CERTIFIED,LIGHT_EDGE_SUM,,0.00030732154846191406,0.006770610809326172,0.010414600372314453,35.89453125,35.89453125,35.89453125
grid,7,28,grid_k7_N49_seed28,ok,49,84,0,48,0,12,14,13.122287154197693,1.248885989189148,14.311956644058228,13.27358078956604,4.118267297744751,1,0.15129363536834717,0.15189743041992188,-0.05921649932861328,0.43779974272369576,0.9348516203799538,0.9387196198245696,0.9337195543328821,0.9230769230769231,LIGHT_EDGE_SUM,0.15129363536834717,closes BOTH legs at once,,ok,0.03592574596405029,0.03592574596405029,0.2291874885559082,0.09792065620422363,0.6484472751617432,both_aux,14487,,,,CERTIFIED,LIGHT_EDGE_SUM,,0.0002968311309814453,0.004763603210449219,0.008862733840942383,35.89453125,35.89453125,35.89453125
grid,7,29,grid_k7_N49_seed29,ok,49,84,0,48,0,12,14,12.82228672504425,1.248404622077942,14.262888789176941,13.22266972064972,4.202058434486389,1,0.40038299560546875,0.4027012586593628,0.19219744205474854,0.4279557584363767,0.9534440704704922,0.9405960763372316,0.9519005105977006,0.9230769230769231,LIGHT_EDGE_SUM,0.40038299560546875,closes BOTH legs at once,,ok,0.011986613273620605,0.011986613273620605,0.2658321261405945,0.4687327742576599,0.722700297832489,both_aux,964,,,,CERTIFIED,LIGHT_EDGE_SUM,,0.00028967857360839844,0.00048279762268066406,0.004352569580078125,35.89453125,35.89453125,35.89453125
grid,7,30,grid_k7_N49_seed30,ok,49,84,0,48,0,12,14,13.103657841682434,1.2497152090072632,14.525482416152954,13.466767191886902,4.2505717277526855,1,0.3631093502044678,0.36557620763778687,0.17210936546325684,0.4368881321666475,0.9501479396047106,0.93888983785659,0.9486558771198932,0.9230769230769231,LIGHT_EDGE_SUM,0.3631093502044678,closes BOTH legs at once,,ok,0.015277504920959473,0.015277504920959473,0.2397691011428833,0.3270304203033447,0.7245242595672607,both_aux,3398,,,,CERTIFIED,LIGHT_EDGE_SUM,,0.0004801750183105469,0.0019440650939941406,0.007552146911621094,35.89453125,35.89453125,35.89453125
grid,7,31,grid_k7_N49_seed31,ok,49,84,0,48,0,12,14,12.872925996780396,1.248602271080017,14.364006400108337,13.30740225315094,4.269025921821594,1,0.43447625637054443,0.4349939823150635,0.2424781322479248,0.42957787996698504,0.9564263391933164,0.9402809500936173,0.9542318451187969,0.9230769230769231,LIGHT_EDGE_SUM,0.43447625637054443,closes BOTH legs at once,,ok,0.025352954864501953,0.025352954864501953,0.33533579111099243,0.5748980045318604,0.8010037541389465,both_aux,8076,,,,CERTIFIED,LIGHT_EDGE_SUM,,0.00030422210693359375,0.0026764869689941406,0.006521940231323242,35.89453125,35.89453125,35.89453125
grid,7,32,grid_k7_N49_seed32,ok,49,84,0,48,0,12,14,12.687509298324585,1.247744083404541,14.270801663398743,13.230740904808044,4.1689547300338745,1,0.5432316064834595,0.5442132353782654,0.3355482816696167,0.4236816089090024,0.9641069357166828,0.941437962154027,0.9625996180393696,0.9230769230769231,LIGHT_EDGE_SUM,0.5432316064834595,closes BOTH legs at once,,ok,0.09584712982177734,0.09584712982177734,0.5624780058860779,0.3537830114364624,0.9162610173225403,both_aux,5990,,,,CERTIFIED,LIGHT_EDGE_SUM,,0.00048613548278808594,0.003251314163208008,0.008983373641967773,35.89453125,35.89453125,35.89453125
grid,7,33,grid_k7_N49_seed33,ok,49,84,0,48,0,12,14,13.009188294410706,1.2496984004974365,14.287102341651917,13.2460218667984,4.175330877304077,1,0.2368335723876953,0.23733550310134888,0.028215646743774414,0.43374426345696887,0.9413414153346802,0.9394823569892427,0.9398816306677015,0.9230769230769231,LIGHT_EDGE_SUM,0.2368335723876953,closes BOTH legs at once,,ok,0.002634406089782715,0.002634406089782715,0.21880656480789185,0.3768974542617798,0.7279075980186462,both_aux,9701,,,,CERTIFIED,LIGHT_EDGE_SUM,,0.00047898292541503906,0.004863739013671875,0.01024174690246582,35.89453125,35.89453125,35.89453125
grid,7,34,grid_k7_N49_seed34,ok,49,84,0,48,0,12,14,12.889896392822266,1.2498754262924194,14.317086219787598,13.272409081459045,4.221055269241333,1,0.3825126886367798,0.3833668828010559,0.1773144006729126,0.42970603715344985,0.9520470773700642,0.9402561546680023,0.9504695897752635,0.9230769230769231,LIGHT_EDGE_SUM,0.3825126886367798,closes BOTH legs at once,,ok,0.023595094680786133,0.023595094680786133,0.4212503433227539,0.5105201005935669,0.9312265515327454,both_aux,36006,,,,CERTIFIED,LIGHT_EDGE_SUM,,0.0002930164337158203,0.011358976364135742,0.014899015426635742,35.89453125,35.89453125,35.89453125
grid,7,35,grid_k7_N49_seed35,ok,49,84,0,48,0,12,14,12.745022296905518,1.2447456121444702,14.241280913352966,13.21110486984253,4.215874910354614,1,0.4660825729370117,0.46656548976898193,0.2515130043029785,0.4266274092659839,0.9577709577180735,0.9408559166852163,0.9568336366631308,0.9230769230769231,LIGHT_EDGE_SUM,0.4660825729370117,closes BOTH legs at once,,ok,0.1518021821975708,0.1518021821975708,0.43700993061065674,0.31912732124328613,0.7561372518539429,both_aux,1010,,,,CERTIFIED,LIGHT_EDGE_SUM,,0.00030612945556640625,0.0005009174346923828,0.004118204116821289,35.89453125,35.89453125,35.89453125
grid,7,36,grid_k7_N49_seed36,ok,49,84,0,48,0,12,14,12.781018257141113,1.2341121435165405,14.372156500816345,13.326998233795166,4.177182555198669,1,0.5459799766540527,0.5460234880447388,0.3570261001586914,0.43151866722859306,0.963850535111398,0.9399070303445842,0.962508954764214,0.9230769230769231,LIGHT_EDGE_SUM,0.5459799766540527,closes BOTH legs at once,,ok,0.04809999465942383,0.04809999465942383,0.33032792806625366,0.4038376808166504,0.7963986992835999,both_aux,2554,,,,CERTIFIED,LIGHT_EDGE_SUM,,0.00031185150146484375,0.00099945068359375,0.005130290985107422,35.89453125,35.89453125,35.89453125
grid,7,37,grid_k7_N49_seed37,ok,49,84,0,48,0,12,14,12.876465678215027,1.2482144832611084,14.205480098724365,13.17760980129242,4.119343996047974,1,0.3011441230773926,0.30127614736557007,0.08079993724822998,0.42982949681631544,0.9456108611780565,0.9402322820865062,0.9446650822410698,0.9230769230769231,LIGHT_EDGE_SUM,0.3011441230773926,closes BOTH legs at once,,ok,0.0415271520614624,0.0415271520614624,0.258547306060791,0.29884153604507446,0.6085331439971924,both_aux,981,,,,CERTIFIED,LIGHT_EDGE_SUM,,0.00029540061950683594,0.0004949569702148438,0.004463911056518555,35.89453125,35.89453125,35.89453125
grid,7,38,grid_k7_N49_seed38,ok,49,84,0,48,0,12,14,12.670271754264832,1.2421220541000366,14.271870613098145,13.238871097564697,4.213186860084534,1,0.5685993432998657,0.5691215991973877,0.35947680473327637,0.42502102592771207,0.965490890119738,0.9411723134181804,0.9645015225216927,0.9230769230769231,LIGHT_EDGE_SUM,0.5685993432998657,closes BOTH legs at once,,ok,0.022394657135009766,0.022394657135009766,0.5872281789779663,0.29791682958602905,0.8931759595870972,both_aux,1528,,,,CERTIFIED,LIGHT_EDGE_SUM,,0.0003006458282470703,0.0006639957427978516,0.004647016525268555,35.89453125,35.89453125,35.89453125
grid,7,39,grid_k7_N49_seed39,ok,49,84,0,48,0,12,14,12.84545373916626,1.2474948167800903,14.4097158908844,13.356719255447388,4.254284501075745,1,0.5112655162811279,0.5117976069450378,0.3167673349380493,0.4290416536666684,0.9615218971728706,0.9403848580280041,0.9598165672519797,0.9230769230769231,LIGHT_EDGE_SUM,0.5112655162811279,closes BOTH legs at once,,ok,0.013674139976501465,0.013674139976501465,0.46803808212280273,0.4562554955482483,0.8746824264526367,both_aux,10274,,,,CERTIFIED,LIGHT_EDGE_SUM,,0.0003037452697753906,0.003439664840698242,0.007025957107543945,35.89453125,35.89453125,35.89453125
grid,7,40,grid_k7_N49_seed40,ok,49,84,0,48,0,12,14,13.186106204986572,1.2489606142044067,14.351550817489624,13.31541919708252,4.165477275848389,1,0.12931299209594727,0.12978553771972656,-0.08351600170135498,0.43990265635752185,0.9329008185511191,0.9383296497164844,0.9321293178477659,0.9230769230769231,LIGHT_EDGE_SUM,0.12931299209594727,closes BOTH legs at once,,ok,0.016221165657043457,0.025454401969909668,0.016221165657043457,0.3125227689743042,0.45385295152664185,one_aux_S,1336,,,,CERTIFIED,LIGHT_EDGE_SUM,,0.0002880096435546875,0.0005936622619628906,0.0046269893646240234,35.89453125,35.89453125,35.89453125
grid,8,1,grid_k8_N64_seed1,ok,64,112,0,63,0,14,16,15.10965347290039,1.2490352392196655,16.335864305496216,15.295701265335083,4.256385087966919,1,0.18604779243469238,0.1873137354850769,-0.022824406623840332,0.43203783546743485,0.9460098666687284,0.9473316280070464,0.9448256290755099,0.9333333333333333,LIGHT_EDGE_SUM,0.18604779243469238,closes BOTH legs at once,,ok,0.04390597343444824,0.04390597343444824,0.34470880031585693,0.33780694007873535,0.7426261305809021,both_aux,61397,,,,CERTIFIED,LIGHT_EDGE_SUM,,0.00040435791015625,0.019885778427124023,0.02385735511779785,35.89453125,35.89453125,35.89453125
grid,8,2,grid_k8_N64_seed2,ok,64,112,0,63,0,14,16,14.899380803108215,1.2454708814620972,16.229701280593872,15.20289945602417,4.198220252990723,1,0.3035186529159546,0.3038516044616699,0.08484959602355957,0.42724462762507737,0.9531260935056519,0.9481431081385604,0.9523464775571384,0.9333333333333333,LIGHT_EDGE_SUM,0.3035186529159546,closes BOTH legs at once,,ok,0.04498636722564697,0.04498636722564697,0.3822660446166992,0.21445590257644653,0.70993572473526,both_aux,10917,,,,CERTIFIED,LIGHT_EDGE_SUM,,0.00040030479431152344,0.0037937164306640625,0.007615566253662109,35.89453125,35.89453125,35.89453125
grid,8,3,grid_k8_N64_seed3,ok,64,112,0,63,0,14,16,14.811324000358582,1.2433650493621826,16.364038825035095,15.321792006492615,4.199950814247131,1,0.5104680061340332,0.5116240382194519,0.30934977531433105,0.42543889859781403,0.9667288333952493,0.948453556087597,0.9655003972442681,0.9333333333333333,LIGHT_EDGE_SUM,0.5104680061340332,closes BOTH legs at once,,ok,0.014270305633544922,0.014270305633544922,0.5393646955490112,0.4291785955429077,0.9647039771080017,both_aux,11314,,,,CERTIFIED,LIGHT_EDGE_SUM,,0.0006380081176757812,0.006030559539794922,0.011854887008666992,35.89453125,35.89453125,35.89453125
grid,8,4,grid_k8_N64_seed4,ok,64,112,0,63,0,14,16,15.341521263122559,1.2460381984710693,16.448871850967407,15.40312659740448,4.213627338409424,1,0.06160533428192139,0.062266409397125244,-0.1386876106262207,0.4397228546887682,0.9381574762206488,0.9460674909588642,0.9370812218908176,0.9333333333333333,LIGHT_EDGE_SUM,0.06160533428192139,closes BOTH legs at once,,ok,0.01328432559967041,0.01328432559967041,0.30853742361068726,0.20035719871520996,0.6429197788238525,both_aux,72157,,,,CERTIFIED,LIGHT_EDGE_SUM,,0.00039839744567871094,0.023082733154296875,0.027034759521484375,35.89453125,35.89453125,35.89453125
grid,8,5,grid_k8_N64_seed5,ok,64,112,0,63,0,14,16,15.054395079612732,1.2497940063476562,16.256722807884216,15.219463109970093,4.135844469070435,1,0.16506803035736084,0.16622424125671387,-0.047466278076171875,0.4301964678965388,0.9448823670213266,0.9476412286758141,0.9435671218173916,0.9333333333333333,LIGHT_EDGE_SUM,0.16506803035736084,closes BOTH legs at once,,ok,0.12388670444488525,0.12388670444488525,0.38093727827072144,0.35333389043807983,0.7582805752754211,both_aux,47596,,,,CERTIFIED,LIGHT_EDGE_SUM,,0.0003867149353027344,0.015419483184814453,0.019153356552124023,35.89453125,35.89453125,35.89453125
grid,8,6,grid_k8_N64_seed6,ok,64,112,0,63,0,14,16,15.244321942329407,1.2484490871429443,16.338833570480347,15.301167488098145,4.274609327316284,1,0.05684554576873779,0.05822122097015381,-0.1539374589920044,0.43609312944819384,0.9378232385969756,0.9466590055879621,0.9368137008379165,0.9333333333333333,LIGHT_EDGE_SUM,0.05684554576873779,closes BOTH legs at once,,ok,0.017778515815734863,0.017778515815734863,0.253096342086792,0.3146589994430542,0.7694982886314392,both_aux,75369,,,,CERTIFIED,LIGHT_EDGE_SUM,,0.0006587505340576172,0.037134408950805664,0.04337882995605469,35.89453125,35.89453125,35.89453125
grid,8,7,grid_k8_N64_seed7,ok,64,112,0,63,0,14,16,15.278868079185486,1.2488750219345093,16.285606741905212,15.247909784317017,4.218922019004822,1,-0.03095829486846924,-0.03088480234146118,-0.24213635921478271,0.4369323193970687,0.9326545543370331,0.9465213743930009,0.9314421979171391,0.9333333333333333,OPEN,-0.03095829486846924,"neither certificate fires -- constructive search, then UNDETERMINED",0.422837495803833,ok,0.0021475553512573242,0.0021475553512573242,0.01594001054763794,0.154100239276886,0.3548917770385742,both_aux,18368,,,,UNDETERMINED,"cycle leg OPEN (neither certificate fired, no witness found)",,0.0004258155822753906,0.0062029361724853516,0.04021000862121582,35.89453125,35.89453125,35.89453125
grid,8,8,grid_k8_N64_seed8,ok,64,112,0,63,0,14,16,14.993774652481079,1.2474230527877808,16.38676631450653,15.34734332561493,4.2184789180755615,1,0.3535686731338501,0.3544221520423889,0.1455686092376709,0.4292785440172761,0.9562915848425518,0.9477965570036557,0.9553422961133397,0.9333333333333333,LIGHT_EDGE_SUM,0.3535686731338501,closes BOTH legs at once,,ok,0.04123246669769287,0.04123246669769287,0.4449833631515503,0.34161871671676636,0.7259500026702881,both_aux,30882,,,,CERTIFIED,LIGHT_EDGE_SUM,,0.0004038810729980469,0.010141372680664062,0.013784408569335938,35.89453125,35.89453125,35.89453125
grid,8,9,grid_k8_N64_seed9,ok,64,112,0,63,0,14,16,14.857610583305359,1.2469351291656494,16.261984944343567,15.228791356086731,4.215980529785156,1,0.37118077278137207,0.37164199352264404,0.1574392318725586,0.42554655570480066,0.9577069439610427,0.9484349734031873,0.9566503657718165,0.9333333333333333,LIGHT_EDGE_SUM,0.37118077278137207,closes BOTH legs at once,,ok,0.12639594078063965,0.12639594078063965,0.46108198165893555,0.309814989566803,0.8140954375267029,both_aux,22148,,,,CERTIFIED,LIGHT_EDGE_SUM,,0.0006487369537353516,0.011331558227539062,0.017425537109375,35.89453125,35.89453125,35.89453125
grid,8,10,grid_k8_N64_seed10,ok,64,112,0,63,0,14,16,14.89513099193573,1.2467811107635498,16.404895067214966,15.367541313171387,4.1937408447265625,1,0.47241032123565674,0.4724269509315491,0.26298296451568604,0.42667390402788336,0.9636896239170067,0.9482409451456816,0.9629347044161831,0.9333333333333333,LIGHT_EDGE_SUM,0.47241032123565674,closes BOTH legs at once,,ok,0.0493699312210083,0.0493699312210083,0.42554599046707153,0.43832284212112427,0.9083839654922485,both_aux,46768,,,,CERTIFIED,LIGHT_EDGE_SUM,,0.0003879070281982422,0.0149993896484375,0.018549680709838867,35.89453125,35.89453125,35.89453125
grid,8,11,grid_k8_N64_seed11,ok,64,112,0,63,0,14,16,14.865802526473999,1.249700665473938,16.194326877593994,15.171101570129395,4.110962867736816,1,0.3052990436553955,0.3057570457458496,0.07882368564605713,0.4248389502147664,0.9531968417217848,0.9485572856118827,0.9525012035893063,0.9333333333333333,LIGHT_EDGE_SUM,0.3052990436553955,closes BOTH legs at once,,ok,0.11571240425109863,0.11571240425109863,0.3072439432144165,0.3595576882362366,0.7063518166542053,both_aux,5389,,,,CERTIFIED,LIGHT_EDGE_SUM,,0.0003838539123535156,0.0020599365234375,0.0056171417236328125,35.89453125,35.89453125,35.89453125
grid,8,12,grid_k8_N64_seed12,ok,64,112,0,63,0,14,16,15.016230463981628,1.240557312965393,16.30513322353363,15.27154529094696,4.12541651725769,1,0.25531482696533203,0.2569296360015869,0.04834544658660889,0.43230082120128666,0.9501047286676342,0.9472876258091804,0.9492024183925002,0.9333333333333333,LIGHT_EDGE_SUM,0.25531482696533203,closes BOTH legs at once,,ok,0.03163254261016846,0.03163254261016846,0.3305160403251648,0.449901819229126,0.823916494846344,both_aux,45263,,,,CERTIFIED,LIGHT_EDGE_SUM,,0.0004107952117919922,0.014420509338378906,0.018909454345703125,35.89453125,35.89453125,35.89453125
grid,8,13,grid_k8_N64_seed13,ok,64,112,0,63,0,14,16,15.378969669342041,1.24819016456604,16.338713765144348,15.293389439582825,4.227620244026184,1,-0.08558022975921631,-0.08310830593109131,-0.2884460687637329,0.4400362479648074,0.9296054841047714,0.9460168767789767,0.9281395600945558,0.9333333333333333,OPEN,-0.08558022975921631,"neither certificate fires -- constructive search, then UNDETERMINED",0.5391438007354736,ok,0.09795916080474854,0.09795916080474854,0.31051021814346313,0.3380547761917114,0.6490928530693054,both_aux,98064,,,,UNDETERMINED,"cycle leg OPEN (neither certificate fired, no witness found)",,0.00039768218994140625,0.03200650215148926,0.16235566139221191,35.89453125,35.89453125,35.89453125
grid,8,14,grid_k8_N64_seed14,ok,64,112,0,63,0,14,16,15.023203015327454,1.2494935989379883,16.288214445114136,15.250316262245178,4.133547067642212,1,0.2271132469177246,0.22760498523712158,0.015517830848693848,0.42940833413565305,0.9486783627255816,0.9477745539985908,0.9474429984675667,0.9333333333333333,LIGHT_EDGE_SUM,0.2271132469177246,closes BOTH legs at once,,ok,0.06363344192504883,0.06363344192504883,0.3974587321281433,0.11116790771484375,0.590921938419342,both_aux,5424,,,,CERTIFIED,LIGHT_EDGE_SUM,,0.0003972053527832031,0.0020551681518554688,0.005675792694091797,35.89453125,35.89453125,35.89453125
grid,8,15,grid_k8_N64_seed15,ok,64,112,0,63,0,14,16,15.229706287384033,1.2494980096817017,16.387858986854553,15.337342977523804,4.191807508468628,1,0.10763669013977051,0.10766929388046265,-0.09134531021118164,0.43530928218992937,0.941539931428367,0.9467880396273409,0.9399297120750782,0.9333333333333333,LIGHT_EDGE_SUM,0.10763669013977051,closes BOTH legs at once,,ok,0.01938331127166748,0.01938331127166748,0.20581811666488647,0.32222747802734375,0.6334044337272644,both_aux,82888,,,,CERTIFIED,LIGHT_EDGE_SUM,,0.00040221214294433594,0.02714681625366211,0.030917644500732422,35.89453125,35.89453125,35.89453125
grid,8,16,grid_k8_N64_seed16,ok,64,112,0,63,0,14,16,14.967764258384705,1.2479950189590454,16.325942754745483,15.289985299110413,4.156849145889282,1,0.322221040725708,0.3226107358932495,0.1101834774017334,0.42833745416220087,0.9543977085555684,0.9479564965574232,0.953425822286197,0.9333333333333333,LIGHT_EDGE_SUM,0.322221040725708,closes BOTH legs at once,,ok,0.10096251964569092,0.10096251964569092,0.4408380389213562,0.4133149981498718,0.9026160836219788,both_aux,36734,,,,CERTIFIED,LIGHT_EDGE_SUM,,0.0003902912139892578,0.012083053588867188,0.015964746475219727,35.89453125,35.89453125,35.89453125
grid,8,17,grid_k8_N64_seed17,ok,64,112,0,63,0,14,16,14.98581850528717,1.2494409084320068,16.27817165851593,15.237991452217102,4.215483665466309,1,0.25217294692993164,0.25257402658462524,0.04291224479675293,0.4283578360115632,0.950458608328681,0.9479530251879329,0.9490389430770764,0.9333333333333333,LIGHT_EDGE_SUM,0.25217294692993164,closes BOTH legs at once,,ok,0.046854257583618164,0.046854257583618164,0.1931004524230957,0.4229588508605957,0.7660519480705261,both_aux,34340,,,,CERTIFIED,LIGHT_EDGE_SUM,,0.0006279945373535156,0.017420291900634766,0.02331376075744629,35.89453125,35.89453125,35.89453125
grid,8,18,grid_k8_N64_seed18,ok,64,112,0,63,0,14,16,14.982585549354553,1.249616265296936,16.235950469970703,15.204530119895935,4.155858635902405,1,0.22194457054138184,0.2223544716835022,0.003748655319213867,0.4282053266337945,0.9481979338230028,0.9479790080979663,0.9471592691276761,0.9333333333333333,LIGHT_EDGE_SUM,0.22194457054138184,closes BOTH legs at once,,ok,0.0753246545791626,0.0753246545791626,0.3912178874015808,0.1911647915840149,0.7238641977310181,both_aux,32086,,,,CERTIFIED,LIGHT_EDGE_SUM,,0.00039958953857421875,0.01073598861694336,0.014423847198486328,35.89453125,35.89453125,35.89453125
grid,8,19,grid_k8_N64_seed19,ok,64,112,0,63,0,14,16,14.875770211219788,1.2475794553756714,16.236167073249817,15.21299123764038,4.16445517539978,1,0.33722102642059326,0.33737921714782715,0.11281740665435791,0.4258466306529434,0.9550192015186196,0.9483832270836214,0.9544912041655834,0.9333333333333333,LIGHT_EDGE_SUM,0.33722102642059326,closes BOTH legs at once,,ok,0.011642217636108398,0.011642217636108398,0.3308374881744385,0.34405606985092163,0.8120375871658325,both_aux,6468,,,,CERTIFIED,LIGHT_EDGE_SUM,,0.0003936290740966797,0.002315044403076172,0.0058786869049072266,35.89453125,35.89453125,35.89453125
grid,8,20,grid_k8_N64_seed20,ok,64,112,0,63,0,14,16,14.766946792602539,1.2490953207015991,16.29364824295044,15.262754917144775,4.180234789848328,1,0.49580812454223633,0.49603980779647827,0.27760612964630127,0.4222183432585706,0.9654630989612294,0.9490138378612845,0.9646704984272422,0.9333333333333333,LIGHT_EDGE_SUM,0.49580812454223633,closes BOTH legs at once,,ok,0.0035262107849121094,0.0035262107849121094,0.42553895711898804,0.5326134562492371,0.9403311610221863,both_aux,40996,,,,CERTIFIED,LIGHT_EDGE_SUM,,0.0004093647003173828,0.013099431991577148,0.017020702362060547,35.89453125,35.89453125,35.89453125
grid,8,21,grid_k8_N64_seed21,ok,64,112,0,63,0,14,16,15.06742775440216,1.249602198600769,16.21038055419922,15.180129885673523,4.136947989463806,1,0.1127021312713623,0.1137007474899292,-0.10664939880371094,0.4306349815986519,0.9413738838588582,0.9475672584330939,0.9403145286354008,0.9333333333333333,LIGHT_EDGE_SUM,0.1127021312713623,closes BOTH legs at once,,ok,0.08729219436645508,0.08729219436645508,0.273124635219574,0.32720112800598145,0.6126681566238403,both_aux,35162,,,,CERTIFIED,LIGHT_EDGE_SUM,,0.0003921985626220703,0.01154327392578125,0.015436649322509766,35.89453125,35.89453125,35.89453125
grid,8,22,grid_k8_N64_seed22,ok,64,112,0,63,0,14,16,15.269380807876587,1.2492942810058594,16.40339481830597,15.356947541236877,4.197573661804199,1,0.08756673336029053,0.08947724103927612,-0.11528027057647705,0.4365144683233986,0.9399837915243989,0.9465898378352214,0.9386858065059267,0.9333333333333333,LIGHT_EDGE_SUM,0.08756673336029053,closes BOTH legs at once,,ok,0.05272948741912842,0.05272948741912842,0.23571044206619263,0.3085073232650757,0.688130795955658,both_aux,52625,,,,CERTIFIED,LIGHT_EDGE_SUM,,0.0006389617919921875,0.026996850967407227,0.03295755386352539,35.89453125,35.89453125,35.89453125
grid,8,23,grid_k8_N64_seed23,ok,64,112,0,63,0,14,16,15.027248978614807,1.2488226890563965,16.31565237045288,15.282867431640625,4.218938827514648,1,0.25561845302581787,0.25593042373657227,0.039580702781677246,0.4297547347794229,0.9500205822411437,0.9477158946044875,0.9492096406443797,0.9333333333333333,LIGHT_EDGE_SUM,0.25561845302581787,closes BOTH legs at once,,ok,0.05572342872619629,0.05572342872619629,0.5591561794281006,0.4403459429740906,0.9705947637557983,both_aux,146957,,,,CERTIFIED,LIGHT_EDGE_SUM,,0.000396728515625,0.046509504318237305,0.0502779483795166,35.89453125,35.89453125,35.89453125
grid,8,24,grid_k8_N64_seed24,ok,64,112,0,63,0,14,16,15.047533869743347,1.2430970668792725,16.40315580368042,15.35599958896637,4.30135440826416,1,0.30846571922302246,0.31003814935684204,0.11252486705780029,0.4323169430916193,0.9538281456923658,0.9472849300712632,0.9524661254860981,0.9333333333333333,LIGHT_EDGE_SUM,0.30846571922302246,closes BOTH legs at once,,ok,0.05868244171142578,0.05868244171142578,0.39327263832092285,0.33505940437316895,0.8346901535987854,both_aux,48408,,,,CERTIFIED,LIGHT_EDGE_SUM,,0.0006818771362304688,0.024965286254882812,0.030601978302001953,35.89453125,35.89453125,35.89453125
grid,8,25,grid_k8_N64_seed25,ok,64,112,0,63,0,14,16,14.959238171577454,1.2477155923843384,16.244044542312622,15.213122248649597,4.194691300392151,1,0.25388407707214355,0.2541850805282593,0.03709077835083008,0.42818933207913024,0.9501512584731262,0.947981734150782,0.9491736100383478,0.9333333333333333,LIGHT_EDGE_SUM,0.25388407707214355,closes BOTH legs at once,,ok,0.04063534736633301,0.04063534736633301,0.20764988660812378,0.31191593408584595,0.6341070532798767,both_aux,20346,,,,CERTIFIED,LIGHT_EDGE_SUM,,0.00041031837463378906,0.006862163543701172,0.010552167892456055,35.89453125,35.89453125,35.89453125
grid,8,26,grid_k8_N64_seed26,ok,64,112,0,63,0,14,16,14.915527105331421,1.2491271495819092,16.35617172718048,15.31221878528595,4.2627445459365845,1,0.3966916799545288,0.3975181579589844,0.19151747226715088,0.42645570292606044,0.9595135431832879,0.9482784197410961,0.9581561616077173,0.9333333333333333,LIGHT_EDGE_SUM,0.3966916799545288,closes BOTH legs at once,,ok,0.010982155799865723,0.010982155799865723,0.5232225060462952,0.33578670024871826,0.8454801440238953,both_aux,24822,,,,CERTIFIED,LIGHT_EDGE_SUM,,0.00041604042053222656,0.007960796356201172,0.011543035507202148,35.89453125,35.89453125,35.89453125
grid,8,27,grid_k8_N64_seed27,ok,64,112,0,63,0,14,16,14.848237872123718,1.2494585514068604,16.24055826663971,15.205487608909607,4.292412161827087,1,0.35724973678588867,0.35789960622787476,0.14286184310913086,0.42441920872173444,0.9570488165460165,0.9486300321894447,0.9557894045882814,0.9333333333333333,LIGHT_EDGE_SUM,0.35724973678588867,closes BOTH legs at once,,ok,0.03202998638153076,0.03202998638153076,0.4456431269645691,0.3378356099128723,0.763529896736145,both_aux,12450,,,,CERTIFIED,LIGHT_EDGE_SUM,,0.0004239082336425781,0.0043451786041259766,0.007859468460083008,35.89453125,35.89453125,35.89453125
grid,8,28,grid_k8_N64_seed28,ok,64,112,0,63,0,14,16,15.03109586238861,1.248885989189148,16.33979856967926,15.302630305290222,4.132877588272095,1,0.27153444290161133,0.2720922827720642,0.059816718101501465,0.42984296154743773,0.951183059396532,0.9477009694133406,0.9501938569457412,0.9333333333333333,LIGHT_EDGE_SUM,0.27153444290161133,closes BOTH legs at once,,ok,0.024760842323303223,0.024760842323303223,0.44820165634155273,0.3006595969200134,0.8223426938056946,both_aux,31529,,,,CERTIFIED,LIGHT_EDGE_SUM,,0.00038695335388183594,0.010282278060913086,0.0137481689453125,35.89453125,35.89453125,35.89453125
grid,8,29,grid_k8_N64_seed29,ok,64,112,0,63,0,14,16,14.854883313179016,1.248480200767517,16.279949426651,15.244366884231567,4.204960227012634,1,0.38948357105255127,0.3900734782218933,0.17658591270446777,0.4249418986164942,0.9589409386798569,0.9485394652815886,0.957804612708954,0.9333333333333333,LIGHT_EDGE_SUM,0.38948357105255127,closes BOTH legs at once,,ok,0.0299302339553833,0.0299302339553833,0.2522151470184326,0.4625195860862732,0.7678459286689758,both_aux,4076,,,,CERTIFIED,LIGHT_EDGE_SUM,,0.0006508827209472656,0.002501249313354492,0.008489847183227539,35.89453125,35.89453125,35.89453125
grid,8,30,grid_k8_N64_seed30,ok,64,112,0,63,0,14,16,15.050312399864197,1.2497152090072632,16.555352687835693,15.50157117843628,4.207734107971191,1,0.4512587785720825,0.45526719093322754,0.2553250789642334,0.4301069181713728,0.9625005260347249,0.9476563528270165,0.9613177929784641,0.9333333333333333,LIGHT_EDGE_SUM,0.4512587785720825,closes BOTH legs at once,,ok,0.06355834007263184,0.06355834007263184,0.34011948108673096,0.5150453448295593,0.8937578797340393,both_aux,17618,,,,CERTIFIED,LIGHT_EDGE_SUM,,0.00040078163146972656,0.005886554718017578,0.009761571884155273,35.89453125,35.89453125,35.89453125
grid,8,31,grid_k8_N64_seed31,ok,64,112,0,63,0,14,16,14.721306681632996,1.248602271080017,16.212437510490417,15.186501741409302,4.081090807914734,1,0.46519505977630615,0.46751338243484497,0.24252855777740479,0.4210796064472083,0.9636293250637934,0.9492139954572174,0.962826778798533,0.9333333333333333,LIGHT_EDGE_SUM,0.46519505977630615,closes BOTH legs at once,,ok,0.030194878578186035,0.030194878578186035,0.5204010009765625,0.49902409315109253,1.0187061429023743,both_aux,14344,,,,CERTIFIED,LIGHT_EDGE_SUM,,0.0006170272827148438,0.0073833465576171875,0.013146162033081055,35.89453125,35.89453125,35.89453125
grid,8,32,grid_k8_N64_seed32,ok,64,112,0,63,0,14,16,15.018040180206299,1.247744083404541,16.30853545665741,15.268474698066711,4.211830139160156,1,0.2504345178604126,0.2514161467552185,0.042751193046569824,0.4298626497198253,0.9501884635641726,0.9476976396306309,0.948897207216455,0.9333333333333333,LIGHT_EDGE_SUM,0.2504345178604126,closes BOTH legs at once,,ok,0.12461090087890625,0.12461090087890625,0.2783924341201782,0.4609265923500061,0.7550766468048096,both_aux,26613,,,,CERTIFIED,LIGHT_EDGE_SUM,,0.0004076957702636719,0.008856058120727539,0.01275491714477539,35.89453125,35.89453125,35.89453125
grid,8,33,grid_k8_N64_seed33,ok,64,112,0,63,0,14,16,14.924267649650574,1.2496984004974365,16.25647008419037,15.221514821052551,4.180564880371094,1,0.29724717140197754,0.2981541156768799,0.0825040340423584,0.42651055542995814,0.953106152850295,0.9482689955785442,0.9519225666425475,0.9333333333333333,LIGHT_EDGE_SUM,0.29724717140197754,closes BOTH legs at once,,ok,0.00498354434967041,0.00498354434967041,0.4614354968070984,0.3675410747528076,0.898828387260437,both_aux,59432,,,,CERTIFIED,LIGHT_EDGE_SUM,,0.0003910064697265625,0.01924610137939453,0.022953510284423828,35.89453125,35.89453125,35.89453125
grid,8,34,grid_k8_N64_seed34,ok,64,112,0,63,0,14,16,15.02998423576355,1.2498754262924194,16.347520112991333,15.30284297466278,4.298316597938538,1,0.27285873889923096,0.2737129330635071,0.06766045093536377,0.4294709216498221,0.9517029342473388,0.9477639484413809,0.9502773402139241,0.9333333333333333,LIGHT_EDGE_SUM,0.27285873889923096,closes BOTH legs at once,,ok,0.06591629981994629,0.06591629981994629,0.3029932379722595,0.5564412474632263,0.7708956599235535,both_aux,40475,,,,CERTIFIED,LIGHT_EDGE_SUM,,0.00041484832763671875,0.013015985488891602,0.017022132873535156,35.89453125,35.89453125,35.89453125
grid,8,35,grid_k8_N64_seed35,ok,64,112,0,63,0,14,16,14.879957795143127,1.2490812540054321,16.288853764533997,15.25867772102356,4.224022746086121,1,0.37871992588043213,0.37920284271240234,0.159814715385437,0.4254543588802778,0.9578486202843528,0.9484508869112179,0.9570882347710988,0.9333333333333333,LIGHT_EDGE_SUM,0.37871992588043213,closes BOTH legs at once,,ok,0.02766871452331543,0.02766871452331543,0.3990912437438965,0.41489577293395996,0.7680455446243286,both_aux,7802,,,,CERTIFIED,LIGHT_EDGE_SUM,,0.0003991127014160156,0.002812623977661133,0.006819009780883789,35.89453125,35.89453125,35.89453125
grid,8,36,grid_k8_N64_seed36,ok,64,112,0,63,0,14,16,14.950251817703247,1.2471022605895996,16.336470365524292,15.296054244041443,4.139882802963257,1,0.3458024263381958,0.3458526134490967,0.1391162872314453,0.42814256840937837,0.9561318260142695,0.9479897055462133,0.9549215269761189,0.9333333333333333,LIGHT_EDGE_SUM,0.3458024263381958,closes BOTH legs at once,,ok,0.04367232322692871,0.04367232322692871,0.376389741897583,0.3038002848625183,0.6574104428291321,both_aux,13137,,,,CERTIFIED,LIGHT_EDGE_SUM,,0.0003917217254638672,0.004450321197509766,0.008172988891601562,35.89453125,35.89453125,35.89453125
grid,8,37,grid_k8_N64_seed37,ok,64,112,0,63,0,14,16,15.06173551082611,1.2482144832611084,16.221300959587097,15.193430662155151,4.169489145278931,1,0.13169515132904053,0.13182717561721802,-0.08864903450012207,0.4309508763119534,0.9423640675031488,0.9475140653325391,0.9414941109864414,0.9333333333333333,LIGHT_EDGE_SUM,0.13169515132904053,closes BOTH legs at once,,ok,0.0022001266479492188,0.0022001266479492188,0.1668723225593567,0.230455219745636,0.544334888458252,both_aux,13889,,,,CERTIFIED,LIGHT_EDGE_SUM,,0.00040841102600097656,0.004795551300048828,0.008436918258666992,35.89453125,35.89453125,35.89453125
grid,8,38,grid_k8_N64_seed38,ok,64,112,0,63,0,14,16,14.976010084152222,1.246457815170288,16.25886595249176,15.22871458530426,4.162999272346497,1,0.2527045011520386,0.2527642250061035,0.03639805316925049,0.4291019691928888,0.9499531336109969,0.9478265126789772,0.9490823568104314,0.9333333333333333,LIGHT_EDGE_SUM,0.2527045011520386,closes BOTH legs at once,,ok,0.0002624988555908203,0.0002624988555908203,0.27270084619522095,0.31289881467819214,0.6282761693000793,both_aux,14917,,,,CERTIFIED,LIGHT_EDGE_SUM,,0.0004019737243652344,0.005095005035400391,0.00868844985961914,35.89453125,35.89453125,35.89453125
grid,8,39,grid_k8_N64_seed39,ok,64,112,0,63,0,14,16,15.117853283882141,1.2474948167800903,16.32102406024933,15.286360502243042,4.201416969299316,1,0.16850721836090088,0.16877633333206177,-0.04432404041290283,0.43280607206113747,0.9446378255267038,0.9472032383953839,0.9437364905045427,0.9333333333333333,LIGHT_EDGE_SUM,0.16850721836090088,closes BOTH legs at once,,ok,0.16661924123764038,0.1667271852493286,0.44343942403793335,0.16661924123764038,0.6737625002861023,one_aux_T,27022,,,,CERTIFIED,LIGHT_EDGE_SUM,,0.00040221214294433594,0.00900721549987793,0.01262521743774414,35.89453125,35.89453125,35.89453125
grid,8,40,grid_k8_N64_seed40,ok,64,112,0,63,0,14,16,14.860177993774414,1.2489606142044067,16.3668794631958,15.33187985420227,4.173719167709351,1,0.47170186042785645,0.47235172986984253,0.25774085521698,0.42492984694547137,0.9637179000343088,0.9485415509751428,0.9629598337640218,0.9333333333333333,LIGHT_EDGE_SUM,0.47170186042785645,closes BOTH legs at once,,ok,0.019655823707580566,0.019655823707580566,0.5273965001106262,0.3284875154495239,0.8833144307136536,both_aux,11792,,,,CERTIFIED,LIGHT_EDGE_SUM,,0.0003895759582519531,0.0040819644927978516,0.0076334476470947266,35.89453125,35.89453125,35.89453125
grid,9,1,grid_k9_N81_seed1,ok,81,144,0,80,0,16,18,17.07963800430298,1.2490352392196655,18.37011694908142,17.333136439323425,4.157776951789856,1,0.2534984350204468,0.2539687156677246,0.041443705558776855,0.42732075995543667,0.9560502886252077,0.9538934016129479,0.9551455466489852,0.9411764705882353,LIGHT_EDGE_SUM,0.2534984350204468,closes BOTH legs at once,,ok,0.038849830627441406,0.038849830627441406,0.4355643391609192,0.2943374514579773,0.7767108082771301,both_aux,131422,,,,CERTIFIED,LIGHT_EDGE_SUM,,0.00080108642578125,0.06532025337219238,0.07126593589782715,34.8203125,34.8203125,34.8203125
grid,9,2,grid_k9_N81_seed2,ok,81,144,0,80,0,16,18,17.08393943309784,1.2454708814620972,18.22326910495758,17.19809317588806,4.068491578102112,1,0.11415374279022217,0.11431533098220825,-0.10614120960235596,0.4286516170153871,0.9481689799980568,0.9536915787076948,0.94746534893298,0.9411764705882353,LIGHT_EDGE_SUM,0.11415374279022217,closes BOTH legs at once,,ok,0.1315019130706787,0.1315019130706787,0.1658058762550354,0.15251940488815308,0.6430782079696655,both_aux,60638,,,,CERTIFIED,LIGHT_EDGE_SUM,,0.00047898292541503906,0.019884586334228516,0.023966550827026367,34.8203125,34.8203125,34.8203125
grid,9,3,grid_k9_N81_seed3,ok,81,144,0,80,0,16,18,17.084497094154358,1.2433650493621826,18.393248081207275,17.353313326835632,4.2226938009262085,1,0.2688162326812744,0.2704917788505554,0.06538593769073486,0.4293916211222095,0.9569818625539873,0.9535798991726501,0.9559854235072156,0.9411764705882353,LIGHT_EDGE_SUM,0.2688162326812744,closes BOTH legs at once,,ok,0.00010466575622558594,0.00010466575622558594,0.4632636308670044,0.4860849380493164,0.8933591246604919,both_aux,194120,,,,CERTIFIED,LIGHT_EDGE_SUM,,0.0007925033569335938,0.06586432456970215,0.07168722152709961,34.8203125,34.8203125,34.8203125
grid,9,4,grid_k9_N81_seed4,ok,81,144,0,80,0,16,18,17.337278604507446,1.2460381984710693,18.425785660743713,17.382153749465942,4.20925760269165,1,0.044875144958496094,0.04534989595413208,-0.15753114223480225,0.4348100700730139,0.9446970609692532,0.9527737427357956,0.9436125755567619,0.9411764705882353,LIGHT_EDGE_SUM,0.044875144958496094,closes BOTH legs at once,,ok,0.03247785568237305,0.03247785568237305,0.3447874188423157,0.33936822414398193,0.7155623435974121,both_aux,226091,,,,CERTIFIED,LIGHT_EDGE_SUM,,0.0004754066467285156,0.07104754447937012,0.07480192184448242,34.8203125,34.8203125,34.8203125
grid,9,5,grid_k9_N81_seed5,ok,81,144,0,80,0,16,18,17.10549831390381,1.2497940063476562,18.208637952804565,17.181865572929382,4.188506603240967,1,0.07636725902557373,0.07647067308425903,-0.14665436744689941,0.42770794194447326,0.9462136478592109,0.9538345563728563,0.9453783398351409,0.9411764705882353,LIGHT_EDGE_SUM,0.07636725902557373,closes BOTH legs at once,,ok,0.0813971757888794,0.0813971757888794,0.3440808057785034,0.160905659198761,0.6607668995857239,both_aux,44055,,,,CERTIFIED,LIGHT_EDGE_SUM,,0.0008075237274169922,0.01570916175842285,0.021558046340942383,34.8203125,34.8203125,34.8203125
grid,9,6,grid_k9_N81_seed6,ok,81,144,0,80,0,16,18,17.11056399345398,1.2489930391311646,18.346781969070435,17.31553876399994,4.171891808509827,1,0.20497477054595947,0.20522481203079224,-0.012775063514709473,0.4281089710214823,0.9531100579392239,0.95377371882249,0.9524512264160316,0.9411764705882353,LIGHT_EDGE_SUM,0.20497477054595947,closes BOTH legs at once,,ok,0.06962263584136963,0.06962263584136963,0.4693516492843628,0.4439935088157654,0.8621219992637634,both_aux,79216,,,,CERTIFIED,LIGHT_EDGE_SUM,,0.0004916191101074219,0.025470495223999023,0.029520511627197266,34.8203125,34.8203125,34.8203125
grid,9,7,grid_k9_N81_seed7,ok,81,144,0,80,0,16,18,17.108182549476624,1.2488750219345093,18.2869633436203,17.24941337108612,4.203356862068176,1,0.14123082160949707,0.14182329177856445,-0.07009422779083252,0.4280898370783337,0.9501347370273279,0.9537766189208795,0.9489460349961606,0.9411764705882353,LIGHT_EDGE_SUM,0.14123082160949707,closes BOTH legs at once,,ok,0.0985943078994751,0.0985943078994751,0.48597121238708496,0.29608482122421265,0.8254058361053467,both_aux,195746,,,,CERTIFIED,LIGHT_EDGE_SUM,,0.0004894733428955078,0.06104636192321777,0.06511330604553223,34.8203125,34.8203125,34.8203125
grid,9,8,grid_k9_N81_seed8,ok,81,144,0,80,0,16,18,17.23892879486084,1.2474230527877808,18.32532560825348,17.291612029075623,4.176937103271484,1,0.052683234214782715,0.05279165506362915,-0.1610262393951416,0.43186353149034756,0.944906641954665,0.9532096192870253,0.9440527641809222,0.9411764705882353,LIGHT_EDGE_SUM,0.052683234214782715,closes BOTH legs at once,,ok,0.12714016437530518,0.12714016437530518,0.21099138259887695,0.35650086402893066,0.6071661710739136,both_aux,141227,,,,CERTIFIED,LIGHT_EDGE_SUM,,0.0005042552947998047,0.04511857032775879,0.04920363426208496,34.8203125,34.8203125,34.8203125
grid,9,9,grid_k9_N81_seed9,ok,81,144,0,80,0,16,18,17.102075219154358,1.248544692993164,18.28404200077057,17.251770853996277,4.25582754611969,1,0.14969563484191895,0.1500164270401001,-0.06657791137695312,0.4280502360851409,0.9503222018495109,0.9537826219979455,0.949414652648456,0.9411764705882353,LIGHT_EDGE_SUM,0.14969563484191895,closes BOTH legs at once,,ok,0.01705002784729004,0.01705002784729004,0.24175870418548584,0.47585350275039673,0.7190665602684021,both_aux,59053,,,,CERTIFIED,LIGHT_EDGE_SUM,,0.000514984130859375,0.019045352935791016,0.02313852310180664,34.8203125,34.8203125,34.8203125
grid,9,10,grid_k9_N81_seed10,ok,81,144,0,80,0,16,18,17.34206211566925,1.2467811107635498,18.471214652061462,17.432608366012573,4.262549996376038,1,0.09054625034332275,0.09117251634597778,-0.11762857437133789,0.43467087882232286,0.9467650017043808,0.9527942000821246,0.9460905344264756,0.9411764705882353,LIGHT_EDGE_SUM,0.09054625034332275,closes BOTH legs at once,,ok,0.014025568962097168,0.014025568962097168,0.24548989534378052,0.3977218270301819,0.5990418195724487,both_aux,197231,,,,CERTIFIED,LIGHT_EDGE_SUM,,0.0008370876312255859,0.09621930122375488,0.10235953330993652,34.8203125,34.8203125,34.8203125
grid,9,11,grid_k9_N81_seed11,ok,81,144,0,80,0,16,18,17.134525418281555,1.249700665473938,18.20158016681671,17.181912779808044,4.181043744087219,1,0.04738736152648926,0.04841846227645874,-0.18264591693878174,0.42846573912820346,0.9442445574384852,0.9537196915437219,0.9437793947185065,0.9411764705882353,LIGHT_EDGE_SUM,0.04738736152648926,closes BOTH legs at once,,ok,1.811981201171875e-05,1.811981201171875e-05,0.016136109828948975,0.195243239402771,0.46894121170043945,both_aux,11584,,,,CERTIFIED,LIGHT_EDGE_SUM,,0.0005102157592773438,0.004047870635986328,0.0076868534088134766,34.8203125,34.8203125,34.8203125
grid,9,12,grid_k9_N81_seed12,ok,81,144,0,80,0,16,18,17.153382182121277,1.240557312965393,18.246257305145264,17.220641374588013,4.097944378852844,1,0.06725919246673584,0.06875079870223999,-0.14768218994140625,0.4320986927318557,0.945521717533704,0.9531746139906208,0.9448668663777279,0.9411764705882353,LIGHT_EDGE_SUM,0.06725919246673584,closes BOTH legs at once,,ok,0.07161831855773926,0.07161831855773926,0.2541123628616333,0.29725784063339233,0.6324973702430725,both_aux,65965,,,,CERTIFIED,LIGHT_EDGE_SUM,,0.00047898292541503906,0.02060413360595703,0.02413320541381836,35.0390625,35.0390625,35.0390625
grid,9,13,grid_k9_N81_seed13,ok,81,144,0,80,0,16,18,17.21730327606201,1.24819016456604,18.348969221115112,17.30858874320984,4.26168954372406,1,0.09128546714782715,0.09140157699584961,-0.11652421951293945,0.4310566952464324,0.9473141409950202,0.9533300124907329,0.946166551346448,0.9411764705882353,LIGHT_EDGE_SUM,0.09128546714782715,closes BOTH legs at once,,ok,0.06905412673950195,0.06905412673950195,0.4883473515510559,0.35661131143569946,0.8624889254570007,both_aux,216376,,,,CERTIFIED,LIGHT_EDGE_SUM,,0.0008332729339599609,0.10497760772705078,0.11115670204162598,35.2578125,35.2578125,35.2578125
grid,9,14,grid_k9_N81_seed14,ok,81,144,0,80,0,16,18,16.735692858695984,1.2494935989379883,18.209092378616333,17.189918160438538,4.127890110015869,1,0.4542253017425537,0.4543260335922241,0.22390592098236084,0.4185618896157348,0.9671460888273365,0.955253692916507,0.9667210458834133,0.9411764705882353,LIGHT_EDGE_SUM,0.4542253017425537,closes BOTH legs at once,,ok,0.0978771448135376,0.0978771448135376,0.4985751509666443,0.35167866945266724,0.7814063429832458,both_aux,3736,,,,CERTIFIED,LIGHT_EDGE_SUM,,0.0004937648773193359,0.0015478134155273438,0.005414009094238281,35.2578125,35.2578125,35.2578125
grid,9,15,grid_k9_N81_seed15,ok,81,144,0,80,0,16,18,17.307888746261597,1.2494980096817017,18.385068774223328,17.335286855697632,4.286120414733887,1,0.027398109436035156,0.03015226125717163,-0.1723179817199707,0.43287105632001527,0.9442100994781942,0.9530599101946934,0.9426663377995304,0.9411764705882353,LIGHT_EDGE_SUM,0.027398109436035156,closes BOTH legs at once,,ok,0.00048422813415527344,0.00048422813415527344,0.3436781167984009,0.43119651079177856,0.7748746275901794,both_aux,285518,,,,CERTIFIED,LIGHT_EDGE_SUM,,0.0005192756652832031,0.08860611915588379,0.09257197380065918,35.2578125,35.2578125,35.2578125
grid,9,16,grid_k9_N81_seed16,ok,81,144,0,80,0,16,18,17.044678926467896,1.2492563724517822,18.305054306983948,17.27037239074707,4.185450911521912,1,0.2256934642791748,0.22761046886444092,0.01111900806427002,0.4263706219138621,0.9546181218303268,0.9540382597650784,0.9536388571818163,0.9411764705882353,LIGHT_EDGE_SUM,0.2256934642791748,closes BOTH legs at once,,ok,0.047420382499694824,0.047420382499694824,0.31528574228286743,0.4657391905784607,0.8116970658302307,both_aux,86998,,,,CERTIFIED,LIGHT_EDGE_SUM,,0.0008130073547363281,0.042977094650268555,0.049117326736450195,35.2578125,35.2578125,35.2578125
grid,9,17,grid_k9_N81_seed17,ok,81,144,0,80,0,16,18,17.107422351837158,1.2494409084320068,18.218847274780273,17.18536400794983,4.218395948410034,1,0.0779416561126709,0.07953190803527832,-0.1380159854888916,0.4278769367058898,0.9466376978280819,0.9538089053581837,0.94546448378527,0.9411764705882353,LIGHT_EDGE_SUM,0.0779416561126709,closes BOTH legs at once,,ok,0.06397783756256104,0.06397783756256104,0.3019590973854065,0.34424054622650146,0.6261777877807617,both_aux,85563,,,,CERTIFIED,LIGHT_EDGE_SUM,,0.0004968643188476562,0.04169058799743652,0.04579663276672363,35.2578125,35.2578125,35.2578125
grid,9,18,grid_k9_N81_seed18,ok,81,144,0,80,0,16,18,17.25840163230896,1.249616265296936,18.22048306465149,17.195003986358643,4.152886986732483,1,-0.06339764595031738,-0.06181877851486206,-0.28753483295440674,0.43159253443416057,0.9384406094731762,0.9532500062891143,0.9377191183994082,0.9411764705882353,OPEN,-0.06339764595031738,"neither certificate fires -- constructive search, then UNDETERMINED",0.4970535635948181,ok,0.04190218448638916,0.04190218448638916,0.07108443975448608,0.27955788373947144,0.5192339420318604,both_aux,78339,,,,UNDETERMINED,"cycle leg OPEN (neither certificate fired, no witness found)",,0.0005056858062744141,0.02526712417602539,0.23378372192382812,35.2578125,35.2578125,35.2578125
grid,9,19,grid_k9_N81_seed19,ok,81,144,0,80,0,16,18,16.924762964248657,1.2475794553756714,18.265657544136047,17.241938829421997,4.241033911705017,1,0.31717586517333984,0.317447304725647,0.09331512451171875,0.4239400066695619,0.9593126990037472,0.9544117868007839,0.9588144405834544,0.9411764705882353,LIGHT_EDGE_SUM,0.31717586517333984,closes BOTH legs at once,,ok,0.06057858467102051,0.06057858467102051,0.49881064891815186,0.433355450630188,0.9166396856307983,both_aux,116325,,,,CERTIFIED,LIGHT_EDGE_SUM,,0.0005097389221191406,0.036916494369506836,0.04066181182861328,35.2578125,35.2578125,35.2578125
grid,9,20,grid_k9_N81_seed20,ok,81,144,0,80,0,16,18,17.2389475107193,1.2490953207015991,18.26845896244049,17.241485357284546,4.177930235862732,1,0.002537846565246582,0.0036538243293762207,-0.21958386898040771,0.43128582805625143,0.9419734110065998,0.9532957763188992,0.9413150266962393,0.9411764705882353,LIGHT_EDGE_SUM,0.002537846565246582,closes BOTH legs at once,,ok,0.008348345756530762,0.06323647499084473,0.008348345756530762,0.36140012741088867,0.5409792065620422,one_aux_S,122751,,,,CERTIFIED,LIGHT_EDGE_SUM,,0.0004889965057373047,0.03903388977050781,0.04272055625915527,35.2578125,35.2578125,35.2578125
grid,9,21,grid_k9_N81_seed21,ok,81,144,0,80,0,16,18,17.286493062973022,1.249602198600769,18.177773356437683,17.149672627449036,4.18140435218811,1,-0.13682043552398682,-0.1347954273223877,-0.3583219051361084,0.43229990217910497,0.934719419515331,0.9531446928753289,0.933727176266842,0.9411764705882353,OPEN,-0.13682043552398682,"neither certificate fires -- constructive search, then UNDETERMINED",0.5576375126838684,ok,0.0922476053237915,0.0922476053237915,0.274753212928772,0.3460702896118164,0.645553469657898,both_aux,390783,,,,UNDETERMINED,"cycle leg OPEN (neither certificate fired, no witness found)",,0.0004961490631103516,0.1214907169342041,0.6896281242370605,35.2578125,35.2578125,35.2578125
grid,9,22,grid_k9_N81_seed22,ok,81,144,0,80,0,16,18,17.117132544517517,1.2492942810058594,18.3716983795166,17.336600303649902,4.248732924461365,1,0.21946775913238525,0.22021538019180298,0.005271553993225098,0.4281700478013023,0.9540382138830146,0.9537644632557077,0.953243789130691,0.9411764705882353,LIGHT_EDGE_SUM,0.21946775913238525,closes BOTH legs at once,,ok,0.031012535095214844,0.031012535095214844,0.4924071431159973,0.3743882179260254,0.849797785282135,both_aux,141042,,,,CERTIFIED,LIGHT_EDGE_SUM,,0.0004858970642089844,0.04441189765930176,0.04807019233703613,35.2578125,35.2578125,35.2578125
grid,9,23,grid_k9_N81_seed23,ok,81,144,0,80,0,16,18,16.995320916175842,1.2488226890563965,18.310983419418335,17.279416680336,4.2504764795303345,1,0.28409576416015625,0.28421467542648315,0.06683981418609619,0.42528357571065123,0.9577006392776036,0.9542047848328151,0.9569092861049362,0.9411764705882353,LIGHT_EDGE_SUM,0.28409576416015625,closes BOTH legs at once,,ok,0.036833763122558594,0.036833763122558594,0.5779384970664978,0.4403459429740906,0.964253842830658,both_aux,163622,,,,CERTIFIED,LIGHT_EDGE_SUM,,0.0004968643188476562,0.050946712493896484,0.05475592613220215,35.2578125,35.2578125,35.2578125
grid,9,24,grid_k9_N81_seed24,ok,81,144,0,80,0,16,18,16.956565380096436,1.245650053024292,18.350560069084167,17.31513237953186,4.142420649528503,1,0.3585669994354248,0.3610561490058899,0.14834463596343994,0.42539448928011236,0.9619642058788365,0.9541877549479807,0.9610787807219946,0.9411764705882353,LIGHT_EDGE_SUM,0.3585669994354248,closes BOTH legs at once,,ok,0.07404696941375732,0.07404696941375732,0.5155564546585083,0.37363356351852417,0.9372045397758484,both_aux,160348,,,,CERTIFIED,LIGHT_EDGE_SUM,,0.0004863739013671875,0.049912452697753906,0.05360150337219238,35.2578125,35.2578125,35.2578125
grid,9,25,grid_k9_N81_seed25,ok,81,144,0,80,0,16,18,17.059805512428284,1.2477155923843384,18.272579789161682,17.24551558494568,4.221921801567078,1,0.18571007251739502,0.18706440925598145,-0.03494131565093994,0.42727599584181947,0.9520796197875045,0.9539002118934727,0.9514219537783732,0.9411764705882353,LIGHT_EDGE_SUM,0.18571007251739502,closes BOTH legs at once,,ok,0.010836243629455566,0.010836243629455566,0.2339928150177002,0.4619908332824707,0.7045536637306213,both_aux,44474,,,,CERTIFIED,LIGHT_EDGE_SUM,,0.0005056858062744141,0.01414942741394043,0.018959760665893555,35.2578125,35.2578125,35.2578125
grid,9,26,grid_k9_N81_seed26,ok,81,144,0,80,0,16,18,17.200150847434998,1.2491271495819092,18.403716206550598,17.359763264656067,4.157009720802307,1,0.15961241722106934,0.1604388952255249,-0.045561790466308594,0.43030424417742413,0.9510881035503674,0.9534426973944922,0.9499103155896345,0.9411764705882353,LIGHT_EDGE_SUM,0.15961241722106934,closes BOTH legs at once,,ok,0.02043771743774414,0.02043771743774414,0.44660037755966187,0.21472454071044922,0.6478077173233032,both_aux,147842,,,,CERTIFIED,LIGHT_EDGE_SUM,,0.0004906654357910156,0.04664182662963867,0.050513505935668945,35.2578125,35.2578125,35.2578125
grid,9,27,grid_k9_N81_seed27,ok,81,144,0,80,0,16,18,17.19075119495392,1.2494585514068604,18.157010674476624,17.133215069770813,4.248276352882385,1,-0.05753612518310547,-0.05681145191192627,-0.2831990718841553,0.42995501870584124,0.9388516453380317,0.9534951304008232,0.9380264251587457,0.9411764705882353,OPEN,-0.05753612518310547,"neither certificate fires -- constructive search, then UNDETERMINED",0.6793063282966614,ok,0.015082597732543945,0.015082597732543945,0.27586936950683594,0.13594454526901245,0.642240047454834,both_aux,79070,,,,UNDETERMINED,"cycle leg OPEN (neither certificate fired, no witness found)",,0.000827789306640625,0.03920793533325195,0.2381296157836914,35.2578125,35.2578125,35.2578125
grid,9,28,grid_k9_N81_seed28,ok,81,144,0,80,0,16,18,17.517838835716248,1.249927043914795,18.315133690834045,17.285916805267334,4.090224027633667,1,-0.23192203044891357,-0.23142677545547485,-0.45263218879699707,0.4379715330436919,0.9293451657463708,0.9523125949565768,0.9287160546592722,0.9411764705882353,OPEN,-0.23192203044891357,"neither certificate fires -- constructive search, then UNDETERMINED",0.2139396071434021,ok,0.02108454704284668,0.02108454704284668,0.1555652618408203,0.3049032688140869,0.5505853295326233,both_aux,158445,,,,UNDETERMINED,"cycle leg OPEN (neither certificate fired, no witness found)",,0.000484466552734375,0.05025315284729004,0.32047271728515625,35.2578125,35.2578125,35.2578125
grid,9,29,grid_k9_N81_seed29,ok,81,144,0,80,0,16,18,17.106942534446716,1.248480200767517,18.25373339653015,17.224882006645203,4.137595057487488,1,0.11793947219848633,0.11957025527954102,-0.10168933868408203,0.42819417870849175,0.9484769568988599,0.9537608071890404,0.9476651728191159,0.9411764705882353,LIGHT_EDGE_SUM,0.11793947219848633,closes BOTH legs at once,,ok,0.07058978080749512,0.07058978080749512,0.2957839369773865,0.4220353960990906,0.7713725566864014,both_aux,116442,,,,CERTIFIED,LIGHT_EDGE_SUM,,0.0004870891571044922,0.03603410720825195,0.04007983207702637,35.2578125,35.2578125,35.2578125
grid,9,30,grid_k9_N81_seed30,ok,81,144,0,80,0,16,18,17.250314474105835,1.2497152090072632,18.454949498176575,17.411500692367554,4.220682621002197,1,0.16118621826171875,0.16153019666671753,-0.04508018493652344,0.4313561389270684,0.9509623478783016,0.9532852780230987,0.9499707842361836,0.9411764705882353,LIGHT_EDGE_SUM,0.16118621826171875,closes BOTH legs at once,,ok,0.042108774185180664,0.042108774185180664,0.22332513332366943,0.27830684185028076,0.6162977814674377,both_aux,37010,,,,CERTIFIED,LIGHT_EDGE_SUM,,0.0008068084716796875,0.01839423179626465,0.024331092834472656,35.4765625,35.4765625,35.4765625
grid,9,31,grid_k9_N81_seed31,ok,81,144,0,80,0,16,18,17.330729365348816,1.248602271080017,18.21604597568512,17.19474685192108,4.273925185203552,1,-0.13598251342773438,-0.13578730821609497,-0.3632856607437134,0.4337532497027172,0.9342965622468344,0.9529293953215574,0.9337916952939234,0.9411764705882353,OPEN,-0.13598251342773438,"neither certificate fires -- constructive search, then UNDETERMINED",0.5283037424087524,ok,0.06485629081726074,0.06485629081726074,0.1585599184036255,0.28154146671295166,0.5259905457496643,both_aux,117157,,,,UNDETERMINED,"cycle leg OPEN (neither certificate fired, no witness found)",,0.0008392333984375,0.05772686004638672,0.5173618793487549,35.4765625,35.4765625,35.4765625
grid,9,32,grid_k9_N81_seed32,ok,81,144,0,80,0,16,18,17.11506474018097,1.247744083404541,18.253781914711,17.223990559577942,4.177703857421875,1,0.10892581939697266,0.10970282554626465,-0.10902690887451172,0.4286502178165398,0.9480293630496656,0.9536917902364546,0.9471664227042382,0.9411764705882353,LIGHT_EDGE_SUM,0.10892581939697266,closes BOTH legs at once,,ok,0.07506799697875977,0.07506799697875977,0.38256174325942993,0.15782010555267334,0.6688324213027954,both_aux,96698,,,,CERTIFIED,LIGHT_EDGE_SUM,,0.0005087852478027344,0.03135251998901367,0.035186052322387695,35.4765625,35.4765625,35.4765625
grid,9,33,grid_k9_N81_seed33,ok,81,144,0,80,0,16,18,17.115054488182068,1.2496984004974365,18.2509104013443,17.217769026756287,4.188288688659668,1,0.10271453857421875,0.10341811180114746,-0.11384248733520508,0.42797962495814745,0.9478807957674683,0.9537933286282672,0.9468248608378915,0.9411764705882353,LIGHT_EDGE_SUM,0.10271453857421875,closes BOTH legs at once,,ok,0.04293346405029297,0.04293346405029297,0.3337029814720154,0.27886784076690674,0.7465049624443054,both_aux,168234,,,,CERTIFIED,LIGHT_EDGE_SUM,,0.0004963874816894531,0.05315375328063965,0.056884050369262695,35.4765625,35.4765625,35.4765625
grid,9,34,grid_k9_N81_seed34,ok,81,144,0,80,0,16,18,17.086748838424683,1.2498754262924194,18.222309708595276,17.18917179107666,4.21670937538147,1,0.10242295265197754,0.10442322492599487,-0.11431455612182617,0.427211296396707,0.9479631721066377,0.9539100575987711,0.9468181566688215,0.9411764705882353,LIGHT_EDGE_SUM,0.10242295265197754,closes BOTH legs at once,,ok,0.009551048278808594,0.009551048278808594,0.3453994393348694,0.3897514343261719,0.8165347576141357,both_aux,166592,,,,CERTIFIED,LIGHT_EDGE_SUM,,0.0008020401000976562,0.08065247535705566,0.08653140068054199,35.4765625,35.4765625,35.4765625
grid,9,35,grid_k9_N81_seed35,ok,81,144,0,80,0,16,18,17.15653705596924,1.2490812540054321,18.30632209777832,17.277111887931824,4.054638624191284,1,0.12057483196258545,0.12095063924789429,-0.0992962121963501,0.42922890827141263,0.9484598352250054,0.9536044223548062,0.9477909869337022,0.9411764705882353,LIGHT_EDGE_SUM,0.12057483196258545,closes BOTH legs at once,,ok,0.03306889533996582,0.03306889533996582,0.29958099126815796,0.33185702562332153,0.599090039730072,both_aux,69631,,,,CERTIFIED,LIGHT_EDGE_SUM,,0.00048732757568359375,0.022046327590942383,0.025704383850097656,35.4765625,35.4765625,35.4765625
grid,9,36,grid_k9_N81_seed36,ok,81,144,0,80,0,16,18,17.272005915641785,1.2471022605895996,18.325060844421387,17.28604292869568,4.195923566818237,1,0.014037013053894043,0.015777587890625,-0.19404733180999756,0.4328034692268339,0.9430834526328817,0.9530699312160227,0.9419413676400422,0.9411764705882353,LIGHT_EDGE_SUM,0.014037013053894043,closes BOTH legs at once,,ok,0.04665076732635498,0.04665076732635498,0.1902836561203003,0.20701098442077637,0.5421329736709595,both_aux,119151,,,,CERTIFIED,LIGHT_EDGE_SUM,,0.0004839897155761719,0.037726402282714844,0.04143047332763672,35.6953125,35.6953125,35.6953125
grid,9,37,grid_k9_N81_seed37,ok,81,144,0,80,0,16,18,17.290583729743958,1.248711347579956,18.267027616500854,17.23915731906891,4.158091902732849,1,-0.05142641067504883,-0.05129438638687134,-0.2722674608230591,0.43271068417987674,0.9390867384888768,0.953083693393024,0.9383771823484229,0.9411764705882353,OPEN,-0.05142641067504883,"neither certificate fires -- constructive search, then UNDETERMINED",0.33718353509902954,ok,0.03820514678955078,0.03820514678955078,0.07460999488830566,0.3192904591560364,0.3481610417366028,both_aux,23457,,,,UNDETERMINED,"cycle leg OPEN (neither certificate fired, no witness found)",,0.0005135536193847656,0.007658243179321289,0.05775117874145508,35.6953125,35.6953125,35.6953125
grid,9,38,grid_k9_N81_seed38,ok,81,144,0,80,0,16,18,17.11868107318878,1.2474048137664795,18.23736572265625,17.21070969104767,4.188450217247009,1,0.09202861785888672,0.09254598617553711,-0.12872016429901123,0.428857398683485,0.9469766791123774,0.9536604839763247,0.9462361576855782,0.9411764705882353,LIGHT_EDGE_SUM,0.09202861785888672,closes BOTH legs at once,,ok,0.08323490619659424,0.08323490619659424,0.2629774212837219,0.143815279006958,0.562596321105957,both_aux,67091,,,,CERTIFIED,LIGHT_EDGE_SUM,,0.0005006790161132812,0.021511316299438477,0.025231122970581055,35.6953125,35.6953125,35.6953125
grid,9,39,grid_k9_N81_seed39,ok,81,144,0,80,0,16,18,17.18778705596924,1.2474948167800903,18.293360710144043,17.261049509048462,4.182939648628235,1,0.07326245307922363,0.07462888956069946,-0.14192116260528564,0.4305575768927002,0.9460650764832641,0.9534047150375025,0.9451882085037219,0.9411764705882353,LIGHT_EDGE_SUM,0.07326245307922363,closes BOTH legs at once,,ok,0.14430534839630127,0.14430534839630127,0.3156384229660034,0.19660580158233643,0.6220102906227112,both_aux,137560,,,,CERTIFIED,LIGHT_EDGE_SUM,,0.0008301734924316406,0.06671261787414551,0.07274222373962402,35.6953125,35.6953125,35.6953125
grid,9,40,grid_k9_N81_seed40,ok,81,144,0,80,0,16,18,17.178542613983154,1.2489606142044067,18.39720070362091,17.363500833511353,4.134434223175049,1,0.18495821952819824,0.1864416003227234,-0.03030252456665039,0.42982096519427576,0.9519473019088505,0.9535152799380607,0.951309945131072,0.9411764705882353,LIGHT_EDGE_SUM,0.18495821952819824,closes BOTH legs at once,,ok,0.04861652851104736,0.04861652851104736,0.3918728828430176,0.36364108324050903,0.7086949348449707,both_aux,61784,,,,CERTIFIED,LIGHT_EDGE_SUM,,0.00048732757568359375,0.0190732479095459,0.022799253463745117,35.6953125,35.6953125,35.6953125
grid,10,1,grid_k10_N100_seed1,ok,100,180,0,99,0,18,20,19.584453225135803,1.2490352392196655,20.405412673950195,19.3684321641922,4.184441328048706,1,-0.21602106094360352,-0.21555078029632568,-0.42807579040527344,0.4355462300062706,0.9377270427435092,0.9573991881404647,0.9369187276622848,0.9473684210526315,OPEN,-0.21602106094360352,"neither certificate fires -- constructive search, then UNDETERMINED",0.41316813230514526,ok,0.05176961421966553,0.05176961421966553,0.18887794017791748,0.13894641399383545,0.3859860897064209,both_aux,354945,,,,UNDETERMINED,"cycle leg OPEN (neither certificate fired, no witness found)",,0.0005850791931152344,0.11276030540466309,1.625077724456787,35.6953125,35.6953125,35.6953125
grid,10,2,grid_k10_N100_seed2,ok,100,180,0,99,0,18,20,19.210711359977722,1.2454708814620972,20.27113401889801,19.24499809741974,4.205688118934631,1,0.0342867374420166,0.03476673364639282,-0.18504822254180908,0.42845712336850966,0.9496795967179306,0.9583488956921784,0.9490592575711149,0.9473684210526315,LIGHT_EDGE_SUM,0.0342867374420166,closes BOTH legs at once,,ok,0.012672901153564453,0.012672901153564453,0.09500163793563843,0.1813860535621643,0.4405473470687866,both_aux,109890,,,,CERTIFIED,LIGHT_EDGE_SUM,,0.0006282329559326172,0.03574967384338379,0.03993821144104004,35.6953125,35.6953125,35.6953125
grid,10,3,grid_k10_N100_seed3,ok,100,180,0,99,0,18,20,19.126041650772095,1.2499507665634155,20.379796028137207,19.34810733795166,4.250245094299316,1,0.22206568717956543,0.22215765714645386,0.0038036108016967773,0.42503988873446175,0.9589969926988552,0.9588180089977824,0.9583679798361283,0.9473684210526315,LIGHT_EDGE_SUM,0.22206568717956543,closes BOTH legs at once,,ok,0.05306839942932129,0.05306839942932129,0.39629703760147095,0.4366081953048706,0.9070031642913818,both_aux,331125,,,,CERTIFIED,LIGHT_EDGE_SUM,,0.0006241798400878906,0.10598278045654297,0.11004304885864258,35.6953125,35.6953125,35.6953125
grid,10,4,grid_k10_N100_seed4,ok,100,180,0,99,0,18,20,19.75952911376953,1.249603271484375,20.424895405769348,19.38221299648285,4.213089227676392,1,-0.37731611728668213,-0.3742835521697998,-0.5842369794845581,0.4392400542164261,0.9303058670756753,0.956916485097422,0.9292780418632561,0.9473684210526315,OPEN,-0.37731611728668213,"neither certificate fires -- constructive search, then UNDETERMINED",0.32499730587005615,ok,0.03715014457702637,0.049379587173461914,0.12731558084487915,0.03715014457702637,0.28206944465637207,one_aux_T,339622,,,,UNDETERMINED,"cycle leg OPEN (neither certificate fired, no witness found)",,0.0006144046783447266,0.10709452629089355,0.8977875709533691,35.6953125,35.6953125,35.6953125
grid,10,5,grid_k10_N100_seed5,ok,100,180,0,99,0,18,20,19.250181794166565,1.2497940063476562,20.195364236831665,19.17390775680542,4.073557138442993,1,-0.07627403736114502,-0.07472997903823853,-0.30461156368255615,0.42785232553870706,0.9441899306455572,0.9584313757521888,0.9436147103025319,0.9473684210526315,OPEN,-0.07627403736114502,"neither certificate fires -- constructive search, then UNDETERMINED",0.4103959798812866,ok,0.06324887275695801,0.06324887275695801,0.31905311346054077,0.2228149175643921,0.65247642993927,both_aux,203665,,,,UNDETERMINED,"cycle leg OPEN (neither certificate fired, no witness found)",,0.0005924701690673828,0.0644068717956543,0.6392285823822021,35.6953125,35.6953125,35.6953125
grid,10,6,grid_k10_N100_seed6,ok,100,180,0,99,0,18,20,19.55234169960022,1.2489930391311646,20.342350959777832,19.311780333518982,4.239577651023865,1,-0.2405613660812378,-0.24003487825393677,-0.45898377895355225,0.4348467811673979,0.9363643570209491,0.9574915144430516,0.9357125158392267,0.9473684210526315,OPEN,-0.2405613660812378,"neither certificate fires -- constructive search, then UNDETERMINED",0.6130504608154297,ok,0.07754230499267578,0.07754230499267578,0.22940516471862793,0.3296409845352173,0.681749165058136,both_aux,773479,,,,UNDETERMINED,"cycle leg OPEN (neither certificate fired, no witness found)",,0.0009999275207519531,0.29121971130371094,2.6178512573242188,35.6953125,35.6953125,35.6953125
grid,10,7,grid_k10_N100_seed7,ok,100,180,0,99,0,18,20,19.423014640808105,1.2488750219345093,20.28058123588562,19.247677326202393,4.203012824058533,1,-0.1753373146057129,-0.17424684762954712,-0.39130842685699463,0.43201135020793496,0.9397368765787871,0.9578688499456485,0.9388162452981725,0.9473684210526315,OPEN,-0.1753373146057129,"neither certificate fires -- constructive search, then UNDETERMINED",0.47183752059936523,ok,0.025193333625793457,0.025193333625793457,0.19943898916244507,0.17078322172164917,0.4248482584953308,both_aux,195739,,,,UNDETERMINED,"cycle leg OPEN (neither certificate fired, no witness found)",,0.0006020069122314453,0.062122344970703125,0.6776652336120605,35.6953125,35.6953125,35.6953125
grid,10,8,grid_k10_N100_seed8,ok,100,180,0,99,0,18,20,19.02190351486206,1.249690294265747,20.351859211921692,19.32216489315033,4.123488783836365,1,0.30026137828826904,0.30055856704711914,0.08026540279388428,0.42281372526512306,0.962925360041831,0.9591276926602227,0.9623226630205708,0.9473684210526315,LIGHT_EDGE_SUM,0.30026137828826904,closes BOTH legs at once,,ok,0.05723989009857178,0.05723989009857178,0.4234408140182495,0.44348257780075073,0.8714711666107178,both_aux,236159,,,,CERTIFIED,LIGHT_EDGE_SUM,,0.0005865097045898438,0.07448816299438477,0.07829809188842773,35.6953125,35.6953125,35.6953125
grid,10,9,grid_k10_N100_seed9,ok,100,180,0,99,0,18,20,19.163585662841797,1.248544692993164,20.34039604663849,19.30876648426056,4.175942301750183,1,0.1451808214187622,0.1452677845954895,-0.07173430919647217,0.42635383975857577,0.95526780656037,0.9586367417592776,0.954545560444729,0.9473684210526315,LIGHT_EDGE_SUM,0.1451808214187622,closes BOTH legs at once,,ok,0.02708566188812256,0.02708566188812256,0.42371928691864014,0.4511946439743042,0.920851469039917,both_aux,712021,,,,CERTIFIED,LIGHT_EDGE_SUM,,0.0006017684936523438,0.22100353240966797,0.2262587547302246,35.6953125,35.6953125,35.6953125
grid,10,10,grid_k10_N100_seed10,ok,100,180,0,99,0,18,20,19.4575617313385,1.2467811107635498,20.389292359352112,19.35509502887726,4.139131307601929,1,-0.10246670246124268,-0.10235798358917236,-0.31505048274993896,0.43350658844960366,0.9430967444323543,0.9576692504014994,0.9423794240004043,0.9473684210526315,OPEN,-0.10246670246124268,"neither certificate fires -- constructive search, then UNDETERMINED",0.3951984643936157,ok,0.02438950538635254,0.02438950538635254,0.22655105590820312,0.28613293170928955,0.5486494302749634,both_aux,499758,,,,UNDETERMINED,"cycle leg OPEN (neither certificate fired, no witness found)",,0.0009837150573730469,0.24477887153625488,1.4422428607940674,35.6953125,35.6953125,35.6953125
grid,10,11,grid_k10_N100_seed11,ok,100,180,0,99,0,18,20,18.931345105171204,1.249700665473938,20.22953450679779,19.208755254745483,4.191106796264648,1,0.2774101495742798,0.27796608209609985,0.048488736152648926,0.4207973252270254,0.9617161884152003,0.9594110240280453,0.9612506684009391,0.9473684210526315,LIGHT_EDGE_SUM,0.2774101495742798,closes BOTH legs at once,,ok,0.08115553855895996,0.08115553855895996,0.39725667238235474,0.3670998811721802,0.8050686120986938,both_aux,151773,,,,CERTIFIED,LIGHT_EDGE_SUM,,0.001033782958984375,0.07453680038452148,0.0809018611907959,35.6953125,35.6953125,35.6953125
grid,10,12,grid_k10_N100_seed12,ok,100,180,0,99,0,18,20,19.400265336036682,1.2489500045776367,20.229223251342773,19.2087961435318,4.1351717710494995,1,-0.1914691925048828,-0.19146853685379028,-0.4199920892715454,0.4314794486242012,0.9384562845328535,0.9579401871391884,0.9380184527175783,0.9473684210526315,OPEN,-0.1914691925048828,"neither certificate fires -- constructive search, then UNDETERMINED",,witness,-0.007315695285797119,,,,,,,one_aux_T,99 89 88 87 86 96 95 85 84 74 75 65 66 67 57 56 55 54 64 63,1.17283475 1.00946212 1.10023928 1.10478139 1.0102433 1.03253841 1.08550024 1.0006814 1.06918406 1.06537569 1.00255859 1.01398981 1.03100133 1.0143137 1.017802 1.04727626 1.07323658 1.03753245 1.00879657,WITNESS,pure-path one_aux_T,,0.0005981922149658203,0.0007660388946533203,0.0045986175537109375,35.6953125,35.6953125,35.6953125
grid,10,13,grid_k10_N100_seed13,ok,100,180,0,99,0,18,20,19.557119488716125,1.2492802143096924,20.299809098243713,19.2708101272583,4.288858532905579,1,-0.2863093614578247,-0.28605586290359497,-0.5065906047821045,0.4348530561105427,0.9341778680117228,0.9574906848387075,0.9334992800549818,0.9473684210526315,OPEN,-0.2863093614578247,"neither certificate fires -- constructive search, then UNDETERMINED",0.5587602853775024,ok,0.036690711975097656,0.036690711975097656,0.2962743043899536,0.17862427234649658,0.5477209091186523,both_aux,420011,,,,UNDETERMINED,"cycle leg OPEN (neither certificate fired, no witness found)",,0.0006248950958251953,0.13299036026000977,1.270427942276001,35.6953125,35.6953125,35.6953125
grid,10,14,grid_k10_N100_seed14,ok,100,180,0,99,0,18,20,19.350544095039368,1.2494935989379883,20.213977932929993,19.194803714752197,4.13262152671814,1,-0.1557403802871704,-0.1556396484375,-0.3860597610473633,0.43018636846795894,0.9401585841868279,0.9581143472514798,0.9397436474316864,0.9473684210526315,OPEN,-0.1557403802871704,"neither certificate fires -- constructive search, then UNDETERMINED",,witness,-0.006852328777313232,,,,,,,one_aux_S,0 10 11 21 22 23 33 43 42 52 62 63 53 54 55 65 75 74 84 85,1.09023666 1.0746783 1.13785017 1.04783297 1.04217601 1.07020438 1.03607893 1.01652098 1.05761397 1.01917422 1.00407183 1.06439912 1.03837895 1.01879883 1.02946448 1.07571983 1.00692475 1.01192272 1.00328934,WITNESS,pure-path one_aux_S,,0.000982522964477539,0.0009176731109619141,0.00715327262878418,35.6953125,35.6953125,35.6953125
grid,10,15,grid_k10_N100_seed15,ok,100,180,0,99,0,18,20,19.434791922569275,1.2494980096817017,20.406579613685608,19.363565802574158,4.1386330127716064,1,-0.07122611999511719,-0.07030612230300903,-0.27771031856536865,0.4320577760023829,0.9450022272164916,0.9578626317788158,0.9438964324094644,0.9473684210526315,OPEN,-0.07122611999511719,"neither certificate fires -- constructive search, then UNDETERMINED",0.6053261756896973,ok,0.0045833587646484375,0.0045833587646484375,0.3415352702140808,0.2425835132598877,0.6594500541687012,both_aux,566274,,,,UNDETERMINED,"cycle leg OPEN (neither certificate fired, no witness found)",,0.001004934310913086,0.23894739151000977,1.64231276512146,35.6953125,35.6953125,35.6953125
grid,10,16,grid_k10_N100_seed16,ok,100,180,0,99,0,18,20,19.121042847633362,1.2492563724517822,20.284363746643066,19.26084530353546,4.190788388252258,1,0.1398024559020996,0.14047884941101074,-0.08593547344207764,0.42516499480288006,0.9547558424219692,0.9588007016231211,0.9542950532955818,0.9473684210526315,LIGHT_EDGE_SUM,0.1398024559020996,closes BOTH legs at once,,ok,0.18977248668670654,0.18977248668670654,0.2307475209236145,0.23738384246826172,0.643774151802063,both_aux,46744,,,,CERTIFIED,LIGHT_EDGE_SUM,,0.0009748935699462891,0.02352309226989746,0.029693603515625,35.6953125,35.6953125,35.6953125
grid,10,17,grid_k10_N100_seed17,ok,100,180,0,99,0,18,20,19.352156400680542,1.2494409084320068,20.191866159439087,19.16818857192993,4.140628218650818,1,-0.18396782875061035,-0.1833145022392273,-0.4097311496734619,0.43024035501888436,0.9390519158297064,0.9581070550643783,0.9383624318574523,0.9473684210526315,OPEN,-0.18396782875061035,"neither certificate fires -- constructive search, then UNDETERMINED",0.5842316150665283,ok,0.023344874382019043,0.023344874382019043,0.1354210376739502,0.4095441699028015,0.6611635088920593,both_aux,867962,,,,UNDETERMINED,"cycle leg OPEN (neither certificate fired, no witness found)",,0.0005853176116943359,0.2682015895843506,1.8222684860229492,35.6953125,35.6953125,35.6953125
grid,10,18,grid_k10_N100_seed18,ok,100,180,0,99,0,18,20,18.923322796821594,1.249616265296936,20.20994246006012,19.18925404548645,4.074933409690857,1,0.26593124866485596,0.2659348249435425,0.037003397941589355,0.42064741798344085,0.9611920913334081,0.959432196493321,0.9606818792576828,0.9473684210526315,LIGHT_EDGE_SUM,0.26593124866485596,closes BOTH legs at once,,ok,0.11345160007476807,0.11345160007476807,0.5109155774116516,0.3192448019981384,0.8396344780921936,both_aux,196645,,,,CERTIFIED,LIGHT_EDGE_SUM,,0.0005972385406494141,0.06285548210144043,0.06675553321838379,35.6953125,35.6953125,35.6953125
grid,10,19,grid_k10_N100_seed19,ok,100,180,0,99,0,18,20,18.980143070220947,1.2475794553756714,20.27497899532318,19.252119541168213,4.202068209648132,1,0.2719764709472656,0.2722007632255554,0.0472564697265625,0.42259929347447284,0.9613985009639048,0.9591576947383376,0.9609437623391278,0.9473684210526315,LIGHT_EDGE_SUM,0.2719764709472656,closes BOTH legs at once,,ok,0.009588122367858887,0.009588122367858887,0.5483523011207581,0.36432963609695435,0.8961220979690552,both_aux,264736,,,,CERTIFIED,LIGHT_EDGE_SUM,,0.001008749008178711,0.1268177032470703,0.1330432891845703,35.6953125,35.6953125,35.6953125
grid,10,20,grid_k10_N100_seed20,ok,100,180,0,99,0,18,20,18.983418345451355,1.2490953207015991,20.297648668289185,19.27380645275116,4.215539216995239,1,0.2903881072998047,0.2909802794456482,0.06513500213623047,0.42215927601614184,0.9623073921161024,0.9592193549219659,0.9618602537509822,0.9473684210526315,LIGHT_EDGE_SUM,0.2903881072998047,closes BOTH legs at once,,ok,0.004158735275268555,0.004158735275268555,0.4912037253379822,0.371717631816864,0.9147506356239319,both_aux,390714,,,,CERTIFIED,LIGHT_EDGE_SUM,,0.0010182857513427734,0.18858695030212402,0.19471383094787598,35.6953125,35.6953125,35.6953125
grid,10,21,grid_k10_N100_seed21,ok,100,180,0,99,0,18,20,19.254595041275024,1.249602198600769,20.111787915229797,19.09583282470703,4.182018876075745,1,-0.15876221656799316,-0.1580560803413391,-0.3924093246459961,0.42801610212956803,0.9400669858236712,0.95840901750101,0.9395569708450101,0.9473684210526315,OPEN,-0.15876221656799316,"neither certificate fires -- constructive search, then UNDETERMINED",0.5122981071472168,ok,0.10388827323913574,0.10388827323913574,0.3800060749053955,0.24440830945968628,0.6512064933776855,both_aux,355742,,,,UNDETERMINED,"cycle leg OPEN (neither certificate fired, no witness found)",,0.0009996891021728516,0.14165282249450684,1.268838882446289,35.6953125,35.6953125,35.6953125
grid,10,22,grid_k10_N100_seed22,ok,100,180,0,99,0,18,20,18.934293508529663,1.2493863105773926,20.331862807273865,19.30443274974823,4.233849883079529,1,0.3701392412185669,0.3708522915840149,0.14818298816680908,0.4209687532242074,0.966430382961115,0.9593868305153876,0.9658881629360498,0.9473684210526315,LIGHT_EDGE_SUM,0.3701392412185669,closes BOTH legs at once,,ok,0.023495197296142578,0.023495197296142578,0.3976427912712097,0.2715514302253723,0.804483950138092,both_aux,23764,,,,CERTIFIED,LIGHT_EDGE_SUM,,0.0010020732879638672,0.012269020080566406,0.018633127212524414,35.6953125,35.6953125,35.6953125
grid,10,23,grid_k10_N100_seed23,ok,100,180,0,99,0,18,20,19.443488359451294,1.2488226890563965,20.290374279022217,19.262218475341797,4.1650230884552,1,-0.18126988410949707,-0.1810169219970703,-0.40193676948547363,0.43248485442055934,0.9392006472050235,0.9578054924801813,0.9385361909137566,0.9473684210526315,OPEN,-0.18126988410949707,"neither certificate fires -- constructive search, then UNDETERMINED",0.47845160961151123,ok,0.04606521129608154,0.04606521129608154,0.07267385721206665,0.06380051374435425,0.4799025058746338,both_aux,144093,,,,UNDETERMINED,"cycle leg OPEN (neither certificate fired, no witness found)",,0.0009965896606445312,0.07167768478393555,1.6593191623687744,35.6953125,35.6953125,35.6953125
grid,10,24,grid_k10_N100_seed24,ok,100,180,0,99,0,18,20,19.338160395622253,1.245650053024292,20.368289470672607,19.33784008026123,4.233253121376038,1,-0.0003203153610229492,-0.00024503469467163086,-0.215520977973938,0.43123758618757313,0.9479423145003596,0.95797268327424,0.947352728936546,0.9473684210526315,OPEN,-0.0003203153610229492,"neither certificate fires -- constructive search, then UNDETERMINED",0.6607950925827026,ok,0.06806826591491699,0.06806826591491699,0.33861279487609863,0.25514811277389526,0.7063905000686646,both_aux,480116,,,,UNDETERMINED,"cycle leg OPEN (neither certificate fired, no witness found)",,0.0010013580322265625,0.223707914352417,1.3123431205749512,35.6953125,35.6953125,35.6953125
grid,10,25,grid_k10_N100_seed25,ok,100,180,0,99,0,18,20,19.213489294052124,1.2477155923843384,20.26325833797455,19.238902807235718,4.171129941940308,1,0.02541351318359375,0.02594238519668579,-0.19794654846191406,0.4277481496612509,0.9491733763227828,0.9584456064153601,0.9486214969249872,0.9473684210526315,LIGHT_EDGE_SUM,0.02541351318359375,closes BOTH legs at once,,ok,0.03613853454589844,0.03613853454589844,0.1554824709892273,0.5200901627540588,0.6240499019622803,both_aux,272942,,,,CERTIFIED,LIGHT_EDGE_SUM,,0.000993490219116211,0.13274478912353516,0.1389007568359375,35.6953125,35.6953125,35.6953125
grid,10,26,grid_k10_N100_seed26,ok,100,180,0,99,0,18,20,19.25310492515564,1.2491271495819092,20.386406779289246,19.344855666160583,4.153525114059448,1,0.09175074100494385,0.09181457757949829,-0.11582529544830322,0.42814574186640325,0.9529769963174914,0.9583913316316501,0.9518831086821937,0.9473684210526315,LIGHT_EDGE_SUM,0.09175074100494385,closes BOTH legs at once,,ok,0.13193023204803467,0.13193023204803467,0.3427729606628418,0.30911290645599365,0.6709991097450256,both_aux,301222,,,,CERTIFIED,LIGHT_EDGE_SUM,,0.0005772113800048828,0.09492325782775879,0.09872245788574219,35.6953125,35.6953125,35.6953125
grid,10,27,grid_k10_N100_seed27,ok,100,180,0,99,0,18,20,19.14002537727356,1.2494585514068604,20.166762709617615,19.144416451454163,4.195855617523193,1,0.004391074180603027,0.005682528018951416,-0.22272121906280518,0.42551821426352043,0.948279120894315,0.9587518916041458,0.9475857648090374,0.9473684210526315,LIGHT_EDGE_SUM,0.004391074180603027,closes BOTH legs at once,,ok,0.03912186622619629,0.03912186622619629,0.2935382127761841,0.4076736569404602,0.6849133372306824,both_aux,105341,,,,CERTIFIED,LIGHT_EDGE_SUM,,0.0006034374237060547,0.03392982482910156,0.03781914710998535,35.6953125,35.6953125,35.6953125
grid,10,28,grid_k10_N100_seed28,ok,100,180,0,99,0,18,20,19.442999720573425,1.249927043914795,20.353342294692993,19.32511591911316,4.176615118980408,1,-0.11788380146026611,-0.11785978078842163,-0.33958446979522705,0.4320918794427657,0.9421389872181434,0.9578580648917552,0.941624482747735,0.9473684210526315,OPEN,-0.11788380146026611,"neither certificate fires -- constructive search, then UNDETERMINED",0.5701824426651001,ok,0.0288238525390625,0.0288238525390625,0.3615192174911499,0.2684669494628906,0.6912471652030945,both_aux,829286,,,,UNDETERMINED,"cycle leg OPEN (neither certificate fired, no witness found)",,0.0005896091461181641,0.26050734519958496,2.524301290512085,35.6953125,35.6953125,35.6953125
grid,10,29,grid_k10_N100_seed29,ok,100,180,0,99,0,18,20,19.2592294216156,1.248480200767517,20.254228353500366,19.226277232170105,4.2007386684417725,1,-0.032952189445495605,-0.03177154064178467,-0.25348126888275146,0.42850386791556144,0.9464971375070295,0.9583425305391324,0.9457474910038847,0.9473684210526315,OPEN,-0.032952189445495605,"neither certificate fires -- constructive search, then UNDETERMINED",0.5821418762207031,ok,0.03380429744720459,0.03380429744720459,0.19343280792236328,0.25924384593963623,0.6414119601249695,both_aux,301294,,,,UNDETERMINED,"cycle leg OPEN (neither certificate fired, no witness found)",,0.0009870529174804688,0.14688611030578613,0.7894167900085449,35.6953125,35.6953125,35.6953125
grid,10,30,grid_k10_N100_seed30,ok,100,180,0,99,0,18,20,19.259318828582764,1.2497152090072632,20.372992157936096,19.3425555229187,4.175193548202515,1,0.0832366943359375,0.08327120542526245,-0.13604187965393066,0.428082394065378,0.9520426503833809,0.9583999724038683,0.9514628449722172,0.9473684210526315,LIGHT_EDGE_SUM,0.0832366943359375,closes BOTH legs at once,,ok,0.08877384662628174,0.08877384662628174,0.4296656847000122,0.2680234909057617,0.7864570617675781,both_aux,223793,,,,CERTIFIED,LIGHT_EDGE_SUM,,0.0009877681732177734,0.10782241821289062,0.11395883560180664,35.6953125,35.6953125,35.6953125
grid,10,31,grid_k10_N100_seed31,ok,100,180,0,99,0,18,20,19.385319113731384,1.248602271080017,20.229889154434204,19.208980441093445,4.197834372520447,1,-0.17633867263793945,-0.17517459392547607,-0.40403223037719727,0.43126710479772123,0.9392107569740299,0.9579687152622638,0.9387506784770561,0.9473684210526315,OPEN,-0.17633867263793945,"neither certificate fires -- constructive search, then UNDETERMINED",0.4427608251571655,ok,0.06488728523254395,0.06575179100036621,0.42620301246643066,0.06488728523254395,0.551499605178833,one_aux_T,376839,,,,UNDETERMINED,"cycle leg OPEN (neither certificate fired, no witness found)",,0.0009918212890625,0.16015362739562988,1.2934134006500244,35.6953125,35.6953125,35.6953125
grid,10,32,grid_k10_N100_seed32,ok,100,180,0,99,0,18,20,19.224047422409058,1.2477933168411255,20.248647928237915,19.22801399230957,4.155635833740234,1,0.003966569900512695,0.004006862640380859,-0.22319281101226807,0.42795654543254125,0.9479680701458868,0.9584171460089065,0.9475638951367864,0.9473684210526315,LIGHT_EDGE_SUM,0.003966569900512695,closes BOTH legs at once,,ok,0.08005785942077637,0.08005785942077637,0.3354043960571289,0.20035094022750854,0.6106360554695129,both_aux,247987,,,,CERTIFIED,LIGHT_EDGE_SUM,,0.0006124973297119141,0.07870888710021973,0.08257365226745605,35.6953125,35.6953125,35.6953125
grid,10,33,grid_k10_N100_seed33,ok,100,180,0,99,0,18,20,19.266905307769775,1.2496984004974365,20.25536048412323,19.225228905677795,4.254719495773315,1,-0.04167640209197998,-0.04072540998458862,-0.26124322414398193,0.42825678090944613,0.9461729397901465,0.9583761918419832,0.9453191605920475,0.9473684210526315,OPEN,-0.04167640209197998,"neither certificate fires -- constructive search, then UNDETERMINED",0.6271275281906128,ok,0.08537447452545166,0.08537447452545166,0.2988014221191406,0.1901131272315979,0.5835480093955994,both_aux,150615,,,,UNDETERMINED,"cycle leg OPEN (neither certificate fired, no witness found)",,0.0006320476531982422,0.04801130294799805,0.5878465175628662,35.6953125,35.6953125,35.6953125
grid,10,34,grid_k10_N100_seed34,ok,100,180,0,99,0,18,20,19.344419598579407,1.2498754262924194,20.25900900363922,19.228720784187317,4.140580773353577,1,-0.11569881439208984,-0.11512339115142822,-0.335286021232605,0.42991883634626427,0.9425513135899038,0.9581505109486865,0.9417022183242569,0.9473684210526315,OPEN,-0.11569881439208984,"neither certificate fires -- constructive search, then UNDETERMINED",0.6437999606132507,ok,0.026848912239074707,0.026848912239074707,0.1838986873626709,0.21999484300613403,0.6155478954315186,both_aux,735061,,,,UNDETERMINED,"cycle leg OPEN (neither certificate fired, no witness found)",,0.0009822845458984375,0.35254335403442383,2.6812922954559326,35.6953125,35.6953125,35.6953125
grid,10,35,grid_k10_N100_seed35,ok,100,180,0,99,0,18,20,19.29577350616455,1.2490812540054321,20.319502592086792,19.291043996810913,4.201586842536926,1,-0.004729509353637695,-0.004505813121795654,-0.22535216808319092,0.4291103615443738,0.9477491185847339,0.9582600706960902,0.9471362153933313,0.9473684210526315,OPEN,-0.004729509353637695,"neither certificate fires -- constructive search, then UNDETERMINED",0.5732770562171936,ok,0.012414336204528809,0.012414336204528809,0.15092921257019043,0.11668002605438232,0.5573338270187378,both_aux,155148,,,,UNDETERMINED,"cycle leg OPEN (neither certificate fired, no witness found)",,0.000997781753540039,0.050492286682128906,0.31273651123046875,35.6953125,35.6953125,35.6953125
grid,10,36,grid_k10_N100_seed36,ok,100,180,0,99,0,18,20,19.088157773017883,1.2471022605895996,20.291289806365967,19.258243203163147,4.1909027099609375,1,0.17008543014526367,0.17042040824890137,-0.04397022724151611,0.42516690215554104,0.9567272569144362,0.9588004378357141,0.9558099672362318,0.9473684210526315,LIGHT_EDGE_SUM,0.17008543014526367,closes BOTH legs at once,,ok,0.016897916793823242,0.016897916793823242,0.35733938217163086,0.3814265727996826,0.8135027885437012,both_aux,401830,,,,CERTIFIED,LIGHT_EDGE_SUM,,0.0005958080291748047,0.1256706714630127,0.1294994354248047,35.6953125,35.6953125,35.6953125
grid,10,37,grid_k10_N100_seed37,ok,100,180,0,99,0,18,20,19.276050329208374,1.248711347579956,20.287299156188965,19.25942885875702,4.178968787193298,1,-0.01662147045135498,-0.01648944616317749,-0.23746252059936523,0.4287987320013726,0.947215271216814,0.9583024112112346,0.9465515184222617,0.9473684210526315,OPEN,-0.01662147045135498,"neither certificate fires -- constructive search, then UNDETERMINED",0.5346570611000061,ok,0.017416954040527344,0.017416954040527344,0.1202821135520935,0.2681993842124939,0.5086096525192261,both_aux,132240,,,,UNDETERMINED,"cycle leg OPEN (neither certificate fired, no witness found)",,0.000997304916381836,0.06512689590454102,0.40906500816345215,35.6953125,35.6953125,35.6953125
grid,10,38,grid_k10_N100_seed38,ok,100,180,0,99,0,18,20,19.27806520462036,1.2478604316711426,20.23366892337799,19.208588004112244,4.142350435256958,1,-0.06947720050811768,-0.06945383548736572,-0.2922567129135132,0.4291359815955596,0.944612534388344,0.9582565924839213,0.9439541517758185,0.9473684210526315,OPEN,-0.06947720050811768,"neither certificate fires -- constructive search, then UNDETERMINED",0.41260236501693726,ok,0.09613800048828125,0.09613800048828125,0.15403521060943604,0.19930577278137207,0.4201584458351135,both_aux,88010,,,,UNDETERMINED,"cycle leg OPEN (neither certificate fired, no witness found)",,0.0010037422180175781,0.04376626014709473,0.47208714485168457,35.6953125,35.6953125,35.6953125
grid,10,39,grid_k10_N100_seed39,ok,100,180,0,99,0,18,20,19.064621329307556,1.2474948167800903,20.289960741996765,19.265362858772278,4.152047634124756,1,0.20074152946472168,0.2010452151298523,-0.022155404090881348,0.42450903008147833,0.9578456530749432,0.9588915623189491,0.9573437666167384,0.9473684210526315,LIGHT_EDGE_SUM,0.20074152946472168,closes BOTH legs at once,,ok,0.12432098388671875,0.12432098388671875,0.3249262571334839,0.18673992156982422,0.684195339679718,both_aux,79834,,,,CERTIFIED,LIGHT_EDGE_SUM,,0.0005922317504882812,0.025560855865478516,0.02937936782836914,35.6953125,35.6953125,35.6953125
grid,10,40,grid_k10_N100_seed40,ok,100,180,0,99,0,18,20,19.386563777923584,1.2489606142044067,20.408563017845154,19.378273725509644,4.133130669593811,1,-0.00829005241394043,-0.008210897445678711,-0.22696137428283691,0.43117105085088225,0.9474451958823581,0.9579816292180666,0.9469633088338906,0.9473684210526315,OPEN,-0.00829005241394043,"neither certificate fires -- constructive search, then UNDETERMINED",0.4472612142562866,ok,0.027154088020324707,0.027154088020324707,0.1798608899116516,0.1053992509841919,0.40759968757629395,both_aux,64355,,,,UNDETERMINED,"cycle leg OPEN (neither certificate fired, no witness found)",,0.0005812644958496094,0.021084070205688477,0.16568756103515625,35.6953125,35.6953125,35.6953125
grid,11,1,grid_k11_N121_seed1,ok,121,220,0,120,0,20,22,21.551995277404785,1.2497564554214478,22.368890643119812,21.335716605186462,4.237230896949768,1,-0.21627867221832275,-0.21577578783035278,-0.4328610897064209,0.43112390385967114,0.9435486073731931,0.9618072454475922,0.9428236151054138,0.9523809523809523,OPEN,-0.21627867221832275,"neither certificate fires -- constructive search, then UNDETERMINED",0.6512788534164429,ok,0.05591142177581787,0.05591142177581787,0.2723100781440735,0.21569722890853882,0.6320981979370117,both_aux,1871177,,,,UNDETERMINED,"cycle leg OPEN (neither certificate fired, no witness found)",,0.0007576942443847656,0.5827398300170898,5.610517740249634,35.6953125,35.6953125,35.6953125
grid,11,2,grid_k11_N121_seed2,ok,121,220,0,120,0,20,22,21.045514345169067,1.2454708814620972,22.247395634651184,21.224416613578796,4.061196446418762,1,0.178902268409729,0.17952728271484375,-0.04358959197998047,0.4224409148864059,0.9610078799073272,0.9628907942970664,0.9604768872189755,0.9523809523809523,LIGHT_EDGE_SUM,0.178902268409729,closes BOTH legs at once,,ok,0.18763458728790283,0.18763458728790283,0.2915504574775696,0.2052915096282959,0.7026588320732117,both_aux,81481,,,,CERTIFIED,LIGHT_EDGE_SUM,,0.0007255077362060547,0.026449918746948242,0.03183746337890625,35.6953125,35.6953125,35.6953125
grid,11,3,grid_k11_N121_seed3,ok,121,220,0,120,0,20,22,21.48463726043701,1.2499507665634155,22.371930599212646,21.340578198432922,4.153163313865662,1,-0.14405906200408936,-0.1428050398826599,-0.36265742778778076,0.4297096700757734,0.9466354251187977,0.9619807421804579,0.9459950355508272,0.9523809523809523,OPEN,-0.14405906200408936,"neither certificate fires -- constructive search, then UNDETERMINED",0.45237821340560913,ok,0.07723021507263184,0.07723021507263184,0.22404050827026367,0.21467798948287964,0.5187892913818359,both_aux,381188,,,,UNDETERMINED,"cycle leg OPEN (neither certificate fired, no witness found)",,0.0007264614105224609,0.12056231498718262,0.9237382411956787,35.6953125,35.6953125,35.6953125
grid,11,4,grid_k11_N121_seed4,ok,121,220,0,120,0,20,22,21.56089687347412,1.249603271484375,22.416961312294006,21.383819699287415,4.2391579151153564,1,-0.17707717418670654,-0.1759445071220398,-0.39353883266448975,0.431354842082448,0.9451859010336896,0.9617790222405204,0.9445591568041485,0.9523809523809523,OPEN,-0.17707717418670654,"neither certificate fires -- constructive search, then UNDETERMINED",0.6833130121231079,ok,0.010442376136779785,0.010442376136779785,0.35616421699523926,0.4130682945251465,0.713473916053772,both_aux,2385929,,,,UNDETERMINED,"cycle leg OPEN (neither certificate fired, no witness found)",,0.0007410049438476562,0.7401077747344971,4.548066854476929,35.6953125,35.6953125,35.6953125
grid,11,5,grid_k11_N121_seed5,ok,121,220,0,120,0,20,22,21.39048159122467,1.2497940063476562,22.191211581230164,21.174815893173218,4.153828501701355,1,-0.21566569805145264,-0.21549463272094727,-0.4490640163421631,0.4278801442994451,0.9431217630221772,0.962206888016464,0.9427787420693151,0.9523809523809523,OPEN,-0.21566569805145264,"neither certificate fires -- constructive search, then UNDETERMINED",0.4711725115776062,ok,0.002852916717529297,0.002852916717529297,0.2314157485961914,0.13801264762878418,0.4774048328399658,both_aux,1048021,,,,UNDETERMINED,"cycle leg OPEN (neither certificate fired, no witness found)",,0.0007412433624267578,0.323549747467041,2.670595169067383,35.6953125,35.6953125,35.6953125
grid,11,6,grid_k11_N121_seed6,ok,121,220,0,120,0,20,22,21.483917474746704,1.2489930391311646,22.381128072738647,21.351765036582947,4.2115384340286255,1,-0.13215243816375732,-0.1321033239364624,-0.3517824411392212,0.43002476398290285,0.947056331325157,0.9619419879840687,0.9465226416205519,0.9523809523809523,OPEN,-0.13215243816375732,"neither certificate fires -- constructive search, then UNDETERMINED",0.6493532061576843,ok,0.05494797229766846,0.05494797229766846,0.3377331495285034,0.30438846349716187,0.7446905970573425,both_aux,1495171,,,,UNDETERMINED,"cycle leg OPEN (neither certificate fired, no witness found)",,0.0007522106170654297,0.4649770259857178,4.621956825256348,35.6953125,35.6953125,35.6953125
grid,11,7,grid_k11_N121_seed7,ok,121,220,0,120,0,20,22,21.408139944076538,1.2488750219345093,22.19827902317047,21.175405144691467,4.164259552955627,1,-0.2327347993850708,-0.22988730669021606,-0.45873594284057617,0.4285484849980284,0.9426439527274959,0.9621240512507216,0.9420273116410491,0.9523809523809523,OPEN,-0.2327347993850708,"neither certificate fires -- constructive search, then UNDETERMINED",0.5720462203025818,ok,0.0687708854675293,0.0687708854675293,0.28990668058395386,0.15838515758514404,0.6111049056053162,both_aux,923082,,,,UNDETERMINED,"cycle leg OPEN (neither certificate fired, no witness found)",,0.0007405281066894531,0.29158544540405273,2.628350019454956,35.6953125,35.6953125,35.6953125
grid,11,8,grid_k11_N121_seed8,ok,121,220,0,120,0,20,22,21.435909748077393,1.249690294265747,22.31404435634613,21.290017247200012,4.221656441688538,1,-0.14589250087738037,-0.1457291841506958,-0.3715556859970093,0.4288244424726051,0.9463323510785446,0.9620899233174002,0.9458990609863825,0.9523809523809523,OPEN,-0.14589250087738037,"neither certificate fires -- constructive search, then UNDETERMINED",0.5132614970207214,ok,0.009513020515441895,0.009513020515441895,0.14018988609313965,0.19098520278930664,0.4958988428115845,both_aux,333439,,,,UNDETERMINED,"cycle leg OPEN (neither certificate fired, no witness found)",,0.0012521743774414062,0.12318706512451172,1.0346243381500244,35.6953125,35.6953125,35.6953125
grid,11,9,grid_k11_N121_seed9,ok,121,220,0,120,0,20,22,21.64937150478363,1.248544692993164,22.360665321350098,21.329209685325623,4.139288663864136,1,-0.3201618194580078,-0.3200719356536865,-0.5372508764266968,0.4334921213930098,0.9389592469403599,0.9615192500126301,0.9382966627532343,0.9523809523809523,OPEN,-0.3201618194580078,"neither certificate fires -- constructive search, then UNDETERMINED",0.3378039002418518,ok,0.05883955955505371,0.05883955955505371,0.20032769441604614,0.19876599311828613,0.4526486396789551,both_aux,1013304,,,,UNDETERMINED,"cycle leg OPEN (neither certificate fired, no witness found)",,0.0012242794036865234,0.46591615676879883,2.8106021881103516,35.6953125,35.6953125,35.6953125
grid,11,10,grid_k11_N121_seed10,ok,121,220,0,120,0,20,22,21.488603830337524,1.2467811107635498,22.43991982936859,21.40595316886902,4.1973278522491455,1,-0.08265066146850586,-0.08244770765304565,-0.2954651117324829,0.4308816448377522,0.9493370196907478,0.9618368846959519,0.9487178518693613,0.9523809523809523,OPEN,-0.08265066146850586,"neither certificate fires -- constructive search, then UNDETERMINED",0.6118862628936768,ok,0.08267438411712646,0.08267438411712646,0.2807539105415344,0.2639300227165222,0.6122595071792603,both_aux,1060146,,,,UNDETERMINED,"cycle leg OPEN (neither certificate fired, no witness found)",,0.001220703125,0.36307311058044434,3.359133720397949,35.6953125,35.6953125,35.6953125
grid,11,11,grid_k11_N121_seed11,ok,121,220,0,120,0,20,22,21.310990571975708,1.249700665473938,22.235546708106995,21.217941522598267,4.118894577026367,1,-0.0930490493774414,-0.09269213676452637,-0.32514452934265137,0.4263219017310378,0.9485309142592491,0.9624010314069124,0.9482226218723383,0.9523809523809523,OPEN,-0.0930490493774414,"neither certificate fires -- constructive search, then UNDETERMINED",0.4343215823173523,ok,0.024376392364501953,0.024376392364501953,0.0892978310585022,0.404127836227417,0.5177210569381714,both_aux,552815,,,,UNDETERMINED,"cycle leg OPEN (neither certificate fired, no witness found)",,0.0012197494506835938,0.2170255184173584,1.3070871829986572,35.6953125,35.6953125,35.6953125
grid,11,12,grid_k11_N121_seed12,ok,121,220,0,120,0,20,22,21.315887331962585,1.2489500045776367,22.219120740890503,21.19952964782715,4.0973368883132935,1,-0.11635768413543701,-0.11623597145080566,-0.34571659564971924,0.426676153045275,0.9476124713442576,0.9623567702482846,0.9471821614365293,0.9523809523809523,OPEN,-0.11635768413543701,"neither certificate fires -- constructive search, then UNDETERMINED",,witness,-0.04624819755554199,,,,,,,one_aux_T,120 109 98 97 86 87 76 65 64 75 74 63 62 73 72 71 70 81 82 83 94 93,1.00563776 1.00187421 1.01429892 1.10023928 1.0102433 1.0245831 1.00255859 1.04916692 1.01398981 1.06918406 1.02263272 1.04807806 1.00879657 1.05561137 1.01843703 1.12604976 1.01959109 1.13660991 1.01082778 1.0006814 1.061095,WITNESS,pure-path one_aux_T,,0.0007536411285400391,0.0014104843139648438,0.005587100982666016,35.6953125,35.6953125,35.6953125
grid,11,13,grid_k11_N121_seed13,ok,121,220,0,120,0,20,22,21.553173542022705,1.2492802143096924,22.304707288742065,21.276215314865112,4.221452951431274,1,-0.2769582271575928,-0.27672719955444336,-0.49774646759033203,0.43131183250853405,0.9407898371251276,0.9617842761963039,0.9401428594784937,0.9523809523809523,OPEN,-0.2769582271575928,"neither certificate fires -- constructive search, then UNDETERMINED",,witness,-0.05122643709182739,,,,,,,one_aux_T,120 119 118 117 106 95 96 97 98 87 76 65 64 53 42 41 30 19 18 7 6 5,1.0221051 1.11014605 1.03943443 1.07905746 1.00020432 1.0388552 1.06452942 1.0405345 1.02899897 1.07280004 1.08466864 1.06491983 1.04532433 1.09973967 1.02026546 1.00041616 1.01849043 1.01288474 1.10218334 1.02060199 1.07157409,WITNESS,pure-path one_aux_T,,0.0012402534484863281,0.00656437873840332,0.01340627670288086,35.6953125,35.6953125,35.6953125
grid,11,14,grid_k11_N121_seed14,ok,121,220,0,120,0,20,22,21.567508578300476,1.2494935989379883,22.203855633735657,21.184882879257202,4.058312177658081,1,-0.3826256990432739,-0.38253873586654663,-0.6131465435028076,0.4315249913371277,0.9359135400416592,0.9617582474456352,0.9354849151619433,0.9523809523809523,OPEN,-0.3826256990432739,"neither certificate fires -- constructive search, then UNDETERMINED",,witness,-0.00024878978729248047,,,,,,,one_aux_T,120 119 108 109 98 97 96 85 74 75 64 53 52 51 40 29 28 27 38 39 50 49,1.10995376 1.00350952 1.02473354 1.08251381 1.02026665 1.06722307 1.07853699 1.03789437 1.01192272 1.08327603 1.01879883 1.01917422 1.01151884 1.14306426 1.05356681 1.01870167 1.01176691 1.05714881 1.03691471 1.14104414 1.07146025,WITNESS,pure-path one_aux_T,,0.001215219497680664,0.005652189254760742,0.012523412704467773,35.6953125,35.6953125,35.6953125
grid,11,15,grid_k11_N121_seed15,ok,121,220,0,120,0,20,22,21.790882229804993,1.2494980096817017,22.48883616924286,21.44505262374878,4.197824001312256,1,-0.3458296060562134,-0.3454447388648987,-0.5515440702438354,0.43599273590191673,0.9382087563912489,0.9612185498880841,0.9372663036896364,0.9523809523809523,OPEN,-0.3458296060562134,"neither certificate fires -- constructive search, then UNDETERMINED",0.43798375129699707,ok,0.021709680557250977,0.021709680557250977,0.1909124255180359,0.08493572473526001,0.5011245608329773,both_aux,2282840,,,,UNDETERMINED,"cycle leg OPEN (neither certificate fired, no witness found)",,0.0012326240539550781,0.9682238101959229,7.187373638153076,35.6953125,35.6953125,35.6953125
grid,11,16,grid_k11_N121_seed16,ok,121,220,0,120,0,20,22,21.296679496765137,1.2492563724517822,22.252413153648376,21.233282566070557,4.1308205127716064,1,-0.06339693069458008,-0.06329411268234253,-0.2935227155685425,0.4261871295274728,0.9498882915709682,0.9624178895477595,0.9495458611526646,0.9523809523809523,OPEN,-0.06339693069458008,"neither certificate fires -- constructive search, then UNDETERMINED",0.5246697068214417,ok,0.02636885643005371,0.05512368679046631,0.2994874119758606,0.02636885643005371,0.5386458039283752,one_aux_T,819361,,,,UNDETERMINED,"cycle leg OPEN (neither certificate fired, no witness found)",,0.0012180805206298828,0.3828709125518799,3.136202335357666,35.6953125,35.6953125,35.6953125
grid,11,17,grid_k11_N121_seed17,ok,121,220,0,120,0,20,22,21.41023862361908,1.2494409084320068,22.209550738334656,21.18853461742401,4.159199357032776,1,-0.22170400619506836,-0.22166305780410767,-0.45012879371643066,0.4283963827166501,0.943030156092694,0.9621428806858816,0.9425190037927754,0.9523809523809523,OPEN,-0.22170400619506836,"neither certificate fires -- constructive search, then UNDETERMINED",0.5490009784698486,ok,0.035509705543518066,0.035509705543518066,0.18603885173797607,0.3497534394264221,0.6255002617835999,both_aux,1214491,,,,UNDETERMINED,"cycle leg OPEN (neither certificate fired, no witness found)",,0.0007596015930175781,0.38120293617248535,4.412317514419556,35.6953125,35.6953125,35.6953125
grid,11,18,grid_k11_N121_seed18,ok,121,220,0,120,0,20,22,21.353493571281433,1.249616265296936,22.24451506137848,21.22239339351654,4.0813552141189575,1,-0.13110017776489258,-0.13038355112075806,-0.35859477519989014,0.4272010169099267,0.947024726981077,0.9622913272258328,0.9465337915058363,0.9523809523809523,OPEN,-0.13110017776489258,"neither certificate fires -- constructive search, then UNDETERMINED",0.5094549655914307,ok,0.11624884605407715,0.14825725555419922,0.11624884605407715,0.36204975843429565,0.5360462665557861,one_aux_S,733640,,,,UNDETERMINED,"cycle leg OPEN (neither certificate fired, no witness found)",,0.0012166500091552734,0.24690961837768555,1.837526559829712,35.6953125,35.6953125,35.6953125
grid,11,19,grid_k11_N121_seed19,ok,121,220,0,120,0,20,22,21.08373522758484,1.2475794553756714,22.30084228515625,21.277666449546814,4.2123414278030396,1,0.1939312219619751,0.19408941268920898,-0.030472397804260254,0.42249283475969274,0.9615702705268715,0.9628841828637049,0.9611410890396076,0.9523809523809523,LIGHT_EDGE_SUM,0.1939312219619751,closes BOTH legs at once,,ok,0.11629235744476318,0.11629235744476318,0.4505534768104553,0.39268815517425537,0.8219883441925049,both_aux,266378,,,,CERTIFIED,LIGHT_EDGE_SUM,,0.0012557506561279297,0.13301491737365723,0.14009475708007812,35.6953125,35.6953125,35.6953125
grid,11,20,grid_k11_N121_seed20,ok,121,220,0,120,0,20,22,21.60936665534973,1.2490953207015991,22.345997095108032,21.321255445480347,4.116250991821289,1,-0.28811120986938477,-0.28766149282455444,-0.5124648809432983,0.432500352399288,0.940080435384042,0.961639473736449,0.9396831425458314,0.9523809523809523,OPEN,-0.28811120986938477,"neither certificate fires -- constructive search, then UNDETERMINED",,witness,-0.03514111042022705,,,,,,,one_aux_S,0 1 2 13 12 23 24 35 46 45 56 57 58 69 68 79 90 91 80 81 92 103,1.07001901 1.03042996 1.01790988 1.03351545 1.17561066 1.10770941 1.02384222 1.0424273 1.05883288 1.12041807 1.04511034 1.09282744 1.00618625 1.00614583 1.03863716 1.01557684 1.02073169 1.05728459 1.03682983 1.05387056 1.04062033,WITNESS,pure-path one_aux_S,,0.0012142658233642578,0.0011687278747558594,0.007943391799926758,35.6953125,35.6953125,35.6953125
grid,11,21,grid_k11_N121_seed21,ok,121,220,0,120,0,20,22,21.20906710624695,1.249707818031311,22.138278484344482,21.119093894958496,4.1904566287994385,1,-0.08997321128845215,-0.08835846185684204,-0.32049643993377686,0.42428051581804943,0.9489199884285615,0.9626575280610321,0.9483407571085053,0.9523809523809523,OPEN,-0.08997321128845215,"neither certificate fires -- constructive search, then UNDETERMINED",0.6407874226570129,ok,0.09792971611022949,0.09792971611022949,0.4299445152282715,0.22065913677215576,0.6865013241767883,both_aux,528758,,,,UNDETERMINED,"cycle leg OPEN (neither certificate fired, no witness found)",,0.0012378692626953125,0.25273919105529785,1.481675386428833,35.6953125,35.6953125,35.6953125
grid,11,22,grid_k11_N121_seed22,ok,121,220,0,120,0,20,22,21.280523419380188,1.2493863105773926,22.30148494243622,21.27970802783966,4.128263354301453,1,-0.0008153915405273438,-0.00023949146270751953,-0.2284247875213623,0.4258195251384175,0.9527057591982416,0.9624639260278026,0.9523444606388732,0.9523809523809523,OPEN,-0.0008153915405273438,"neither certificate fires -- constructive search, then UNDETERMINED",0.477230429649353,ok,0.012129902839660645,0.012129902839660645,0.23494839668273926,0.05622190237045288,0.44475382566452026,both_aux,46334,,,,UNDETERMINED,"cycle leg OPEN (neither certificate fired, no witness found)",,0.0012230873107910156,0.02407526969909668,0.4486839771270752,35.6953125,35.6953125,35.6953125
grid,11,23,grid_k11_N121_seed23,ok,121,220,0,120,0,20,22,21.553622841835022,1.2494386434555054,22.30823266506195,21.280582785606384,4.106170296669006,1,-0.2730400562286377,-0.2714911699295044,-0.49482882022857666,0.4312661320892342,0.9409189194091917,0.9617898600082284,0.940316245176164,0.9523809523809523,OPEN,-0.2730400562286377,"neither certificate fires -- constructive search, then UNDETERMINED",0.3658813238143921,ok,0.02161872386932373,0.02161872386932373,0.30821603536605835,0.15357482433319092,0.5521382689476013,both_aux,1639549,,,,UNDETERMINED,"cycle leg OPEN (neither certificate fired, no witness found)",,0.0007250308990478516,0.5146305561065674,3.6693115234375,35.6953125,35.6953125,35.6953125
grid,11,24,grid_k11_N121_seed24,ok,121,220,0,120,0,20,22,21.729142546653748,1.24909245967865,22.32681977748871,21.300881028175354,4.191172361373901,1,-0.42826151847839355,-0.4280881881713867,-0.651415228843689,0.4348986013462113,0.9340961726882233,0.9613496946030292,0.9336103951921058,0.9523809523809523,OPEN,-0.42826151847839355,"neither certificate fires -- constructive search, then UNDETERMINED",,witness,-0.03171098232269287,,,,,,,one_aux_S,0 1 2 3 14 15 16 27 26 37 38 49 60 59 70 81 80 79 78 77 88 89,1.08256721 1.14368451 1.14105308 1.02160764 1.02053618 1.11380148 1.07686055 1.02559209 1.02402246 1.03542769 1.00914061 1.1006335 1.08310938 1.01866198 1.02091205 1.08481407 1.03875923 1.0447458 1.03029883 1.00786078 1.14668489,WITNESS,pure-path one_aux_S,,0.0007467269897460938,0.0026369094848632812,0.008002519607543945,35.6953125,35.6953125,35.6953125
grid,11,25,grid_k11_N121_seed25,ok,121,220,0,120,0,20,22,21.406583428382874,1.2499114274978638,22.31183099746704,21.284766793251038,4.125870585441589,1,-0.12181663513183594,-0.12046229839324951,-0.3446638584136963,0.42816200727190046,0.947534798947705,0.9621719212808579,0.9469613185860108,0.9523809523809523,OPEN,-0.12181663513183594,"neither certificate fires -- constructive search, then UNDETERMINED",0.5368998646736145,ok,0.08639895915985107,0.08639895915985107,0.24731600284576416,0.32184940576553345,0.7225295305252075,both_aux,2285214,,,,UNDETERMINED,"cycle leg OPEN (neither certificate fired, no witness found)",,0.0012111663818359375,0.9097042083740234,5.747857093811035,35.6953125,35.6953125,35.6953125
grid,11,26,grid_k11_N121_seed26,ok,121,220,0,120,0,20,22,21.394203424453735,1.2491271495819092,22.376946687698364,21.338846921920776,4.201996803283691,1,-0.055356502532958984,-0.05337041616439819,-0.2663838863372803,0.4281830602996363,0.9508500224760261,0.9621693113783991,0.9499167111303264,0.9523809523809523,OPEN,-0.055356502532958984,"neither certificate fires -- constructive search, then UNDETERMINED",0.7084936499595642,ok,0.20973265171051025,0.20973265171051025,0.3681238889694214,0.3414369821548462,0.6795879006385803,both_aux,1193898,,,,UNDETERMINED,"cycle leg OPEN (neither certificate fired, no witness found)",,0.0007452964782714844,0.38625097274780273,3.471254348754883,35.6953125,35.6953125,35.6953125
grid,11,27,grid_k11_N121_seed27,ok,121,220,0,120,0,20,22,21.39969289302826,1.2494585514068604,22.16969585418701,21.15236186981201,4.168147444725037,1,-0.24733102321624756,-0.24568802118301392,-0.4794555902481079,0.42817932753616994,0.9418017846843881,0.9621697741030292,0.9413736282748767,0.9523809523809523,OPEN,-0.24733102321624756,"neither certificate fires -- constructive search, then UNDETERMINED",0.5565322637557983,ok,0.06418609619140625,0.06418609619140625,0.22508567571640015,0.43875283002853394,0.6249156594276428,both_aux,945819,,,,UNDETERMINED,"cycle leg OPEN (neither certificate fired, no witness found)",,0.0007350444793701172,0.2994706630706787,3.1573829650878906,35.6953125,35.6953125,35.6953125
grid,11,28,grid_k11_N121_seed28,ok,121,220,0,120,0,20,22,21.79548490047455,1.249927043914795,22.305413126945496,21.27897572517395,4.1718140840530396,1,-0.5165091753005981,-0.5161880850791931,-0.7399988174438477,0.4359351413065414,0.9303600442852125,0.9612254368538161,0.9298114384411376,0.9523809523809523,OPEN,-0.5165091753005981,"neither certificate fires -- constructive search, then UNDETERMINED",0.3987739682197571,ok,0.04915320873260498,0.04915320873260498,0.252882719039917,0.18853986263275146,0.5782366991043091,both_aux,2272157,,,,UNDETERMINED,"cycle leg OPEN (neither certificate fired, no witness found)",,0.0007469654083251953,0.7140414714813232,4.0617756843566895,35.6953125,35.6953125,35.6953125
grid,11,29,grid_k11_N121_seed29,ok,121,220,0,120,0,20,22,21.305152654647827,1.2489392757415771,22.315385103225708,21.283079743385315,4.210922479629517,1,-0.022072911262512207,-0.02034592628479004,-0.2387068271636963,0.4264649424608246,0.9521975298205405,0.9623831506433563,0.9513942511546919,0.9523809523809523,OPEN,-0.022072911262512207,"neither certificate fires -- constructive search, then UNDETERMINED",0.6787745952606201,ok,0.13237333297729492,0.13237333297729492,0.18608766794204712,0.3367000222206116,0.7049278020858765,both_aux,738469,,,,UNDETERMINED,"cycle leg OPEN (neither certificate fired, no witness found)",,0.0012478828430175781,0.3569910526275635,2.6314268112182617,35.6953125,35.6953125,35.6953125
grid,11,30,grid_k11_N121_seed30,ok,121,220,0,120,0,20,22,21.55648148059845,1.2497152090072632,22.32375991344452,21.296364784240723,4.224444389343262,1,-0.26011669635772705,-0.2598867416381836,-0.48243677616119385,0.4312278774642241,0.9414489656999934,0.9617945349810472,0.9408888084876958,0.9523809523809523,OPEN,-0.26011669635772705,"neither certificate fires -- constructive search, then UNDETERMINED",,witness,-0.030826270580291748,,,,,,,one_aux_T,120 119 108 107 106 95 84 83 94 105 104 115 114 113 112 101 102 91 90 79 68 67,1.00551677 1.15897906 1.01526296 1.04427171 1.0585891 1.10918665 1.02658439 1.02327442 1.02895391 1.06709862 1.05726957 1.05430102 1.02693522 1.18834162 1.0336014 1.0136857 1.03907359 1.01328456 1.04791915 1.01153338 1.00398481,WITNESS,pure-path one_aux_T,,0.0012366771697998047,0.005628824234008789,0.01243138313293457,35.6953125,35.6953125,35.6953125
grid,11,31,grid_k11_N121_seed31,ok,121,220,0,120,0,20,22,21.405672788619995,1.248602271080017,22.227648615837097,21.209068059921265,4.136869788169861,1,-0.19660472869873047,-0.19591647386550903,-0.42662644386291504,0.4285927009027562,0.9439999147266867,0.9621185800694434,0.9436336170082357,0.9523809523809523,OPEN,-0.19660472869873047,"neither certificate fires -- constructive search, then UNDETERMINED",0.5086180567741394,ok,0.050169944763183594,0.050169944763183594,0.26468974351882935,0.20415514707565308,0.6479595899581909,both_aux,976143,,,,UNDETERMINED,"cycle leg OPEN (neither certificate fired, no witness found)",,0.0011963844299316406,0.33478713035583496,2.9126830101013184,35.6953125,35.6953125,35.6953125
grid,11,32,grid_k11_N121_seed32,ok,121,220,0,120,0,20,22,21.308591604232788,1.2477933168411255,22.241079926490784,21.221208095550537,4.0970155000686646,1,-0.08738350868225098,-0.08735871315002441,-0.3153049945831299,0.42692550353965975,0.9488737662756038,0.9623256597414085,0.9484753733184367,0.9523809523809523,OPEN,-0.08738350868225098,"neither certificate fires -- constructive search, then UNDETERMINED",0.3936442732810974,ok,0.010059595108032227,0.010059595108032227,0.17211198806762695,0.1213686466217041,0.550416111946106,both_aux,547874,,,,UNDETERMINED,"cycle leg OPEN (neither certificate fired, no witness found)",,0.0012128353118896484,0.26705241203308105,1.2933509349822998,35.6953125,35.6953125,35.6953125
grid,11,33,grid_k11_N121_seed33,ok,121,220,0,120,0,20,22,21.564777970314026,1.2496984004974365,22.230092883110046,21.208256721496582,4.130936026573181,1,-0.35652124881744385,-0.3551371693611145,-0.584383487701416,0.43139964734151587,0.9371381136453952,0.9617735500418896,0.9366356455217667,0.9523809523809523,OPEN,-0.35652124881744385,"neither certificate fires -- constructive search, then UNDETERMINED",0.3324589133262634,ok,0.05288010835647583,0.08950293064117432,0.05288010835647583,0.09057825803756714,0.32174527645111084,one_aux_S,385984,,,,UNDETERMINED,"cycle leg OPEN (neither certificate fired, no witness found)",,0.0007338523864746094,0.12279510498046875,0.896263599395752,35.6953125,35.6953125,35.6953125
grid,11,34,grid_k11_N121_seed34,ok,121,220,0,120,0,20,22,21.54857039451599,1.2498754262924194,22.2552387714386,21.226372838020325,4.2159857749938965,1,-0.3221975564956665,-0.3211122751235962,-0.543207049369812,0.4310143623360292,0.9389038287157704,0.9618206432094998,0.9381408051186426,0.9523809523809523,OPEN,-0.3221975564956665,"neither certificate fires -- constructive search, then UNDETERMINED",0.41737478971481323,ok,0.007303953170776367,0.007303953170776367,0.2386123538017273,0.08077037334442139,0.40039515495300293,both_aux,721154,,,,UNDETERMINED,"cycle leg OPEN (neither certificate fired, no witness found)",,0.0012407302856445312,0.3526480197906494,2.555440664291382,35.6953125,35.6953125,35.6953125
grid,11,35,grid_k11_N121_seed35,ok,121,220,0,120,0,20,22,21.275754690170288,1.2490812540054321,22.260745644569397,21.23523259162903,4.145785331726074,1,-0.040522098541259766,-0.040484845638275146,-0.26409029960632324,0.4258280760748204,0.9511785499394245,0.9624628542589384,0.9505670343619111,0.9523809523809523,OPEN,-0.040522098541259766,"neither certificate fires -- constructive search, then UNDETERMINED",0.6152007579803467,ok,0.00916910171508789,0.00916910171508789,0.3043029308319092,0.2881302833557129,0.6669571399688721,both_aux,723363,,,,UNDETERMINED,"cycle leg OPEN (neither certificate fired, no witness found)",,0.0012426376342773438,0.23012137413024902,1.8508787155151367,35.6953125,35.6953125,35.6953125
grid,11,36,grid_k11_N121_seed36,ok,121,220,0,120,0,20,22,21.478947281837463,1.2471022605895996,22.328091382980347,21.295044779777527,4.1949321031570435,1,-0.18390250205993652,-0.18360871076583862,-0.3979581594467163,0.43057710583578646,0.9450307143675822,0.9618741909218304,0.9442266775108248,0.9523809523809523,OPEN,-0.18390250205993652,"neither certificate fires -- constructive search, then UNDETERMINED",0.5086308121681213,ok,0.0011268854141235352,0.0011268854141235352,0.12983882427215576,0.2042948603630066,0.5715082287788391,both_aux,1578033,,,,UNDETERMINED,"cycle leg OPEN (neither certificate fired, no witness found)",,0.0012359619140625,0.6417479515075684,6.2133567333221436,35.6953125,35.6953125,35.6953125
grid,11,37,grid_k11_N121_seed37,ok,121,220,0,120,0,20,22,21.296737790107727,1.248711347579956,22.283724665641785,21.256644368171692,4.126910090446472,1,-0.040093421936035156,-0.03976178169250488,-0.26172447204589844,0.42637431443586843,0.9512222817350718,0.9623944781798279,0.9505879917996661,0.9523809523809523,OPEN,-0.040093421936035156,"neither certificate fires -- constructive search, then UNDETERMINED",0.5281656980514526,ok,0.001071929931640625,0.001071929931640625,0.25574374198913574,0.36202389001846313,0.6620690226554871,both_aux,714291,,,,UNDETERMINED,"cycle leg OPEN (neither certificate fired, no witness found)",,0.0012145042419433594,0.3476417064666748,1.7067315578460693,35.6953125,35.6953125,35.6953125
grid,11,38,grid_k11_N121_seed38,ok,121,220,0,120,0,20,22,21.36466908454895,1.2478604316711426,22.23267924785614,21.207645058631897,4.125852346420288,1,-0.15702402591705322,-0.1560267210006714,-0.37985026836395264,0.4280260144144736,0.9460257263510446,0.9621887862336407,0.9453812328553302,0.9523809523809523,OPEN,-0.15702402591705322,"neither certificate fires -- constructive search, then UNDETERMINED",0.3902584910392761,ok,0.06805837154388428,0.06805837154388428,0.1857454776763916,0.25079238414764404,0.4808802008628845,both_aux,444152,,,,UNDETERMINED,"cycle leg OPEN (neither certificate fired, no witness found)",,0.001216888427734375,0.22000598907470703,1.416454553604126,35.6953125,35.6953125,35.6953125
grid,11,39,grid_k11_N121_seed39,ok,121,220,0,120,0,20,22,21.144755005836487,1.2474948167800903,22.256307244300842,21.23379397392273,4.161794662475586,1,0.08903896808624268,0.08989459276199341,-0.13594257831573486,0.42374434589662724,0.9568806344714429,0.9627253066878438,0.9563913567200701,0.9523809523809523,LIGHT_EDGE_SUM,0.08903896808624268,closes BOTH legs at once,,ok,0.002917170524597168,0.002917170524597168,0.31127214431762695,0.1970694661140442,0.6691669225692749,both_aux,321473,,,,CERTIFIED,LIGHT_EDGE_SUM,,0.001230001449584961,0.15639662742614746,0.16310691833496094,35.6953125,35.6953125,35.6953125
grid,11,40,grid_k11_N121_seed40,ok,121,220,0,120,0,20,22,21.513556957244873,1.2496964931488037,22.42581796646118,21.397752285003662,4.178456902503967,1,-0.11580467224121094,-0.11578470468521118,-0.3374354839324951,0.43037563670836065,0.9476400059159861,0.9618989000383,0.947254409882265,0.9523809523809523,OPEN,-0.11580467224121094,"neither certificate fires -- constructive search, then UNDETERMINED",0.4103025794029236,ok,0.1427748203277588,0.1427748203277588,0.21837323904037476,0.2077561616897583,0.44361722469329834,both_aux,338181,,,,UNDETERMINED,"cycle leg OPEN (neither certificate fired, no witness found)",,0.0007491111755371094,0.10701322555541992,1.094444990158081,35.6953125,35.6953125,35.6953125
grid,12,1,grid_k12_N144_seed1,ok,144,264,0,143,0,22,24,23.626693964004517,1.2497564554214478,24.288405418395996,23.261925101280212,4.215454459190369,1,-0.3647688627243042,-0.3637431859970093,-0.5880450010299683,0.42965996697545344,0.9423396971006454,0.9651546221073083,0.9417541483923801,0.9565217391304348,OPEN,-0.3647688627243042,"neither certificate fires -- constructive search, then UNDETERMINED",0.4951855540275574,ok,0.01074528694152832,0.01074528694152832,0.33705800771713257,0.06110566854476929,0.5577732920646667,both_aux,4698082,,,,UNDETERMINED,"cycle leg OPEN (neither certificate fired, no witness found)",,0.0014882087707519531,1.773291826248169,14.047450542449951,35.6953125,35.6953125,35.6953125
grid,12,2,grid_k12_N144_seed2,ok,144,264,0,143,0,22,24,23.652814626693726,1.2472456693649292,24.266619086265564,23.244890093803406,4.2037880420684814,1,-0.4079245328903198,-0.4078245162963867,-0.6334412097930908,0.43100087015111455,0.9404547061377011,0.9650037693876632,0.9400252379827927,0.9565217391304348,OPEN,-0.4079245328903198,"neither certificate fires -- constructive search, then UNDETERMINED",0.3508993983268738,ok,0.011083364486694336,0.026351213455200195,0.011083364486694336,0.038384854793548584,0.3274303078651428,one_aux_S,863525,,,,UNDETERMINED,"cycle leg OPEN (neither certificate fired, no witness found)",,0.0009000301361083984,0.2768533229827881,4.196731805801392,35.6953125,35.6953125,35.6953125
grid,12,3,grid_k12_N144_seed3,ok,144,264,0,143,0,22,24,23.760277032852173,1.2499507665634155,24.378034353256226,23.3466819524765,4.253724217414856,1,-0.4135950803756714,-0.41234105825424194,-0.6321934461593628,0.4320220529052245,0.9404996187370803,0.9648895136098612,0.9398715677107271,0.9565217391304348,OPEN,-0.4135950803756714,"neither certificate fires -- constructive search, then UNDETERMINED",0.46641403436660767,ok,0.022144794464111328,0.022144794464111328,0.044606685638427734,0.21364843845367432,0.43554216623306274,both_aux,1948302,,,,UNDETERMINED,"cycle leg OPEN (neither certificate fired, no witness found)",,0.0015132427215576172,0.6548633575439453,9.072202444076538,35.6953125,35.6953125,35.6953125
grid,12,4,grid_k12_N144_seed4,ok,144,264,0,143,0,22,24,23.522757530212402,1.249603271484375,24.396058082580566,23.367814898490906,4.225993752479553,1,-0.15494263172149658,-0.15486377477645874,-0.37630271911621094,0.427822283989059,0.9506986250928545,0.9653628989879034,0.9502212024960994,0.9565217391304348,OPEN,-0.15494263172149658,"neither certificate fires -- constructive search, then UNDETERMINED",0.594635546207428,ok,0.019226908683776855,0.019226908683776855,0.2913767695426941,0.2967248558998108,0.6511069536209106,both_aux,1023717,,,,UNDETERMINED,"cycle leg OPEN (neither certificate fired, no witness found)",,0.0008959770202636719,0.32228970527648926,4.030351161956787,35.6953125,35.6953125,35.6953125
grid,12,5,grid_k12_N144_seed5,ok,144,264,0,143,0,22,24,23.20557451248169,1.2497940063476562,24.200395822525024,23.184809684753418,4.1623475551605225,1,-0.020764827728271484,-0.020572125911712646,-0.2549726963043213,0.4219890782477581,0.9559641007257067,0.9660360328593662,0.9556658237071511,0.9565217391304348,OPEN,-0.020764827728271484,"neither certificate fires -- constructive search, then UNDETERMINED",0.5905286073684692,ok,0.051947951316833496,0.051947951316833496,0.2767190933227539,0.2533290982246399,0.55316162109375,both_aux,528789,,,,UNDETERMINED,"cycle leg OPEN (neither certificate fired, no witness found)",,0.0009021759033203125,0.1640300750732422,1.9153401851654053,35.6953125,35.6953125,35.6953125
grid,12,6,grid_k12_N144_seed6,ok,144,264,0,143,0,22,24,23.34639072418213,1.2489930391311646,24.366888999938965,23.340168952941895,4.087823390960693,1,-0.006221771240234375,-0.004628300666809082,-0.2284947633743286,0.4248220546970045,0.9567352478802996,0.9657068073632044,0.9562668278031341,0.9565217391304348,OPEN,-0.006221771240234375,"neither certificate fires -- constructive search, then UNDETERMINED",0.8175243735313416,ok,0.021772384643554688,0.021772384643554688,0.5594022274017334,0.27446162700653076,0.8173640370368958,both_aux,2654568,,,,UNDETERMINED,"cycle leg OPEN (neither certificate fired, no witness found)",,0.0014538764953613281,1.0873749256134033,11.502982378005981,35.6953125,35.6953125,35.6953125
grid,12,7,grid_k12_N144_seed7,ok,144,264,0,143,0,22,24,23.61393439769745,1.2488750219345093,24.221850275993347,23.201467394828796,4.087445974349976,1,-0.41246700286865234,-0.4119688868522644,-0.6409591436386108,0.42973101214649806,0.9402652848548146,0.9651466058483219,0.93981407626184,0.9565217391304348,OPEN,-0.41246700286865234,"neither certificate fires -- constructive search, then UNDETERMINED",0.3358171582221985,ok,0.007498204708099365,0.027359843254089355,0.09205305576324463,0.007498204708099365,0.41687631607055664,one_aux_T,1327956,,,,UNDETERMINED,"cycle leg OPEN (neither certificate fired, no witness found)",,0.0014638900756835938,0.43545103073120117,5.007319450378418,35.6953125,35.6953125,35.6953125
grid,12,8,grid_k12_N144_seed8,ok,144,264,0,143,0,22,24,23.60215163230896,1.249690294265747,24.305220365524292,23.282683849334717,4.154626727104187,1,-0.31946778297424316,-0.31899362802505493,-0.546621561050415,0.4292363792527484,0.9439726378405755,0.9652024719718968,0.9435747042953412,0.9565217391304348,OPEN,-0.31946778297424316,"neither certificate fires -- constructive search, then UNDETERMINED",0.4757358431816101,ok,0.014159560203552246,0.014159560203552246,0.20170044898986816,0.105771005153656,0.5400637984275818,both_aux,2259004,,,,UNDETERMINED,"cycle leg OPEN (neither certificate fired, no witness found)",,0.0014753341674804688,0.9820542335510254,8.583042860031128,35.6953125,35.6953125,35.6953125
grid,12,9,grid_k12_N144_seed9,ok,144,264,0,143,0,22,24,23.59111189842224,1.2487990856170654,24.351225972175598,23.320729613304138,4.082221031188965,1,-0.270382285118103,-0.2698323130607605,-0.4886850118637085,0.429341789428136,0.9462019949408932,0.9651905556668089,0.9455588589277205,0.9565217391304348,OPEN,-0.270382285118103,"neither certificate fires -- constructive search, then UNDETERMINED",0.4261224865913391,ok,0.007974624633789062,0.007974624633789062,0.3850882649421692,0.14618593454360962,0.5617552995681763,both_aux,2504174,,,,UNDETERMINED,"cycle leg OPEN (neither certificate fired, no witness found)",,0.0008685588836669922,0.7841160297393799,8.051591157913208,35.6953125,35.6953125,35.6953125
grid,12,10,grid_k12_N144_seed10,ok,144,264,0,143,0,22,24,23.546251893043518,1.2467811107635498,24.438220381736755,23.408865094184875,4.245861053466797,1,-0.13738679885864258,-0.13709861040115356,-0.3548126220703125,0.42921895740827487,0.9513914196768771,0.9652044420229321,0.95094066149758,0.9565217391304348,OPEN,-0.13738679885864258,"neither certificate fires -- constructive search, then UNDETERMINED",0.6477382183074951,ok,0.07551395893096924,0.07551395893096924,0.26606643199920654,0.34658360481262207,0.6516790390014648,both_aux,5145597,,,,UNDETERMINED,"cycle leg OPEN (neither certificate fired, no witness found)",,0.0015392303466796875,1.8200569152832031,12.257755994796753,35.6953125,35.6953125,35.6953125
grid,12,11,grid_k12_N144_seed11,ok,144,264,0,143,0,22,24,23.497875094413757,1.249700665473938,24.249868154525757,23.23297679424286,4.149215221405029,1,-0.26489830017089844,-0.26488250494003296,-0.4977076053619385,0.42733642586290843,0.9460023818749413,0.9654182639386876,0.9457385946225128,0.9565217391304348,OPEN,-0.26489830017089844,"neither certificate fires -- constructive search, then UNDETERMINED",,witness,-0.0015589594841003418,,,,,,,one_aux_S,0 1 13 25 24 36 37 49 50 38 39 27 28 16 17 29 30 31 32 20 19 18 6 5,1.03214252 1.00717223 1.05882525 1.08483016 1.00421929 1.0067358 1.02322531 1.16536891 1.07324374 1.00449049 1.00851262 1.01366699 1.02077925 1.06928623 1.1074872 1.07717741 1.0223093 1.00614655 1.00826871 1.05055404 1.03692281 1.06882715 1.09224832,WITNESS,pure-path one_aux_S,,0.0015201568603515625,0.0030853748321533203,0.010454177856445312,35.6953125,35.6953125,35.6953125
grid,12,12,grid_k12_N144_seed12,ok,144,264,0,143,0,22,24,23.362557649612427,1.2489500045776367,24.23369061946869,23.214480996131897,4.116506099700928,1,-0.14807665348052979,-0.14769035577774048,-0.3778170347213745,0.4251308838330426,0.9508469378372258,0.9656711829829053,0.95045910933467,0.9565217391304348,OPEN,-0.14807665348052979,"neither certificate fires -- constructive search, then UNDETERMINED",0.4192700982093811,ok,0.10707008838653564,0.10707008838653564,0.22762370109558105,0.1970837116241455,0.561577558517456,both_aux,1544499,,,,UNDETERMINED,"cycle leg OPEN (neither certificate fired, no witness found)",,0.0014538764953613281,0.6554548740386963,3.06915545463562,35.6953125,35.6953125,35.6953125
grid,12,13,grid_k12_N144_seed13,ok,144,264,0,143,0,22,24,23.66741383075714,1.249870777130127,24.31655502319336,23.288525104522705,4.200695991516113,1,-0.37888872623443604,-0.3768347501754761,-0.6007295846939087,0.43036110510234177,0.9418086655906571,0.9650756262272178,0.9412088998846149,0.9565217391304348,OPEN,-0.37888872623443604,"neither certificate fires -- constructive search, then UNDETERMINED",0.5412664413452148,ok,0.08225691318511963,0.08225691318511963,0.40461742877960205,0.12952333688735962,0.619644820690155,both_aux,8596243,,,,UNDETERMINED,"cycle leg OPEN (neither certificate fired, no witness found)",,0.0014700889587402344,2.9892468452453613,20.469943284988403,35.6953125,35.6953125,35.6953125
grid,12,14,grid_k12_N144_seed14,ok,144,264,0,143,0,22,24,23.538819193840027,1.2496545314788818,24.19458293914795,23.176459550857544,4.142826080322266,1,-0.3623596429824829,-0.36227548122406006,-0.5938907861709595,0.4280968459845135,0.9422039190488749,0.9653316674223298,0.941796919119625,0.9565217391304348,OPEN,-0.3623596429824829,"neither certificate fires -- constructive search, then UNDETERMINED",,witness,-4.1604042053222656e-05,,,,,,,one_aux_S,0 12 13 14 26 38 39 27 28 29 41 53 52 51 63 75 74 86 85 73 61 60 48 36,1.09023666 1.10536623 1.00770509 1.03955996 1.10749638 1.03691471 1.05714881 1.01176691 1.01870167 1.05356681 1.01652098 1.01917422 1.01151884 1.06045508 1.01897275 1.01192272 1.03789437 1.20950758 1.00692475 1.00407183 1.0193001 1.08735573 1.01339078,WITNESS,pure-path one_aux_S,,0.0008738040924072266,0.0008056163787841797,0.0053594112396240234,35.6953125,35.6953125,35.6953125
grid,12,15,grid_k12_N144_seed15,ok,144,264,0,143,0,22,24,23.785852432250977,1.2494980096817017,24.445601224899292,23.404677987098694,4.2065616846084595,1,-0.3811744451522827,-0.38094228506088257,-0.5897492170333862,0.43264379061807473,0.9420922732669282,0.9648202141926138,0.9411932305462825,0.9565217391304348,OPEN,-0.3811744451522827,"neither certificate fires -- constructive search, then UNDETERMINED",0.49676477909088135,ok,0.0664825439453125,0.0664825439453125,0.23026102781295776,0.20910751819610596,0.5653522610664368,both_aux,5262504,,,,UNDETERMINED,"cycle leg OPEN (neither certificate fired, no witness found)",,0.0008835792541503906,1.6524827480316162,13.489943981170654,35.6953125,35.6953125,35.6953125
grid,12,16,grid_k12_N144_seed16,ok,144,264,0,143,0,22,24,23.42165958881378,1.2492563724517822,24.27619218826294,23.25706160068512,4.129984498023987,1,-0.1645979881286621,-0.16449517011642456,-0.3947237730026245,0.4261018450164911,0.95011098970982,0.9655595160569974,0.9497996896844856,0.9565217391304348,OPEN,-0.1645979881286621,"neither certificate fires -- constructive search, then UNDETERMINED",0.3775622844696045,ok,0.030318140983581543,0.030318140983581543,0.10028982162475586,0.15610933303833008,0.4080672860145569,both_aux,1333449,,,,UNDETERMINED,"cycle leg OPEN (neither certificate fired, no witness found)",,0.0014545917510986328,0.6254308223724365,2.9465749263763428,35.6953125,35.6953125,35.6953125
grid,12,17,grid_k12_N144_seed17,ok,144,264,0,143,0,22,24,23.69217598438263,1.2494409084320068,24.20383369922638,23.18291938304901,4.09395158290863,1,-0.5092566013336182,-0.5086767077445984,-0.7377831935882568,0.4309595927792591,0.9364630573506321,0.9650083991223225,0.9359615757122506,0.9565217391304348,OPEN,-0.5092566013336182,"neither certificate fires -- constructive search, then UNDETERMINED",,witness,-0.06632059812545776,,,,,,,one_aux_T,143 131 119 118 117 105 106 94 95 83 82 81 69 68 80 79 78 90 91 103 104 116 115 127,1.10606253 1.0539099 1.00992179 1.04251528 1.03975236 1.01975453 1.06614494 1.08338499 1.00063026 1.06496918 1.0425185 1.09771419 1.02585113 1.01085651 1.01594925 1.05268717 1.08007777 1.03711081 1.01090872 1.01677549 1.19169271 1.00974083 1.09385312,WITNESS,pure-path one_aux_T,,0.0014562606811523438,0.007932901382446289,0.015207529067993164,35.6953125,35.6953125,35.6953125
grid,12,18,grid_k12_N144_seed18,ok,144,264,0,143,0,22,24,23.504509329795837,1.249776840209961,24.2647123336792,23.24259066581726,4.125496745109558,1,-0.26191866397857666,-0.26120203733444214,-0.4895738363265991,0.42743102342115136,0.9463142863545352,0.9654074744035119,0.9458628952267282,0.9565217391304348,OPEN,-0.26191866397857666,"neither certificate fires -- constructive search, then UNDETERMINED",0.3759838938713074,ok,0.07946145534515381,0.07946145534515381,0.2118735909461975,0.1786295771598816,0.49757444858551025,both_aux,1458376,,,,UNDETERMINED,"cycle leg OPEN (neither certificate fired, no witness found)",,0.0014393329620361328,0.716411828994751,6.926315546035767,35.6953125,35.6953125,35.6953125
grid,12,19,grid_k12_N144_seed19,ok,144,264,0,143,0,22,24,23.542061924934387,1.2475794553756714,24.299752950668335,23.277342081069946,4.16725766658783,1,-0.2647198438644409,-0.26430559158325195,-0.48988842964172363,0.42886796478162076,0.9461691847187136,0.9652441661400574,0.9457660845814435,0.9565217391304348,OPEN,-0.2647198438644409,"neither certificate fires -- constructive search, then UNDETERMINED",0.42067819833755493,ok,0.03505462408065796,0.03654789924621582,0.03505462408065796,0.19197016954421997,0.3946986198425293,one_aux_S,571147,,,,UNDETERMINED,"cycle leg OPEN (neither certificate fired, no witness found)",,0.001461029052734375,0.28459763526916504,3.2392220497131348,35.9140625,35.9140625,35.9140625
grid,12,20,grid_k12_N144_seed20,ok,144,264,0,143,0,22,24,23.406574368476868,1.2490953207015991,24.326640129089355,23.303033351898193,4.131831526756287,1,-0.10354101657867432,-0.10306656360626221,-0.32902956008911133,0.42588230895362456,0.9526990053001504,0.9655847196013377,0.9522904820617989,0.9565217391304348,OPEN,-0.10354101657867432,"neither certificate fires -- constructive search, then UNDETERMINED",0.5841744542121887,ok,0.018070101737976074,0.018070101737976074,0.15952205657958984,0.47521334886550903,0.649408757686615,both_aux,1879767,,,,UNDETERMINED,"cycle leg OPEN (neither certificate fired, no witness found)",,0.0014634132385253906,0.9122524261474609,9.251713514328003,35.9140625,35.9140625,35.9140625
grid,12,21,grid_k12_N144_seed21,ok,144,264,0,143,0,22,24,23.703452467918396,1.249707818031311,24.14007592201233,23.124120831489563,4.1821712255477905,1,-0.579331636428833,-0.578625500202179,-0.8130843639373779,0.43107262437149113,0.9335518932721361,0.9649957234322374,0.9331435706901962,0.9565217391304348,OPEN,-0.579331636428833,"neither certificate fires -- constructive search, then UNDETERMINED",0.2855913043022156,ok,0.03445112705230713,0.03445112705230713,0.12384819984436035,0.07908660173416138,0.33064568042755127,both_aux,2073527,,,,UNDETERMINED,"cycle leg OPEN (neither certificate fired, no witness found)",,0.0015106201171875,0.7149255275726318,6.474474668502808,35.9140625,35.9140625,35.9140625
grid,12,22,grid_k12_N144_seed22,ok,144,264,0,143,0,22,24,23.56491231918335,1.2493863105773926,24.26648187637329,23.248448371887207,4.185410857200623,1,-0.3164639472961426,-0.31578922271728516,-0.5478167533874512,0.42866340421549987,0.9439574716870012,0.9652673475936066,0.9436761727587166,0.9565217391304348,OPEN,-0.3164639472961426,"neither certificate fires -- constructive search, then UNDETERMINED",,witness,-0.019403398036956787,,,,,,,one_aux_T,143 131 119 107 95 94 106 105 104 103 91 90 89 101 113 114 126 125 137 138 139 140 128 127,1.00538814 1.16876745 1.08853471 1.08578527 1.01323557 1.04679608 1.01918614 1.01340115 1.00946319 1.02015483 1.06442785 1.08900034 1.00869679 1.05099404 1.01214492 1.01441574 1.03731358 1.01144338 1.05625069 1.00086093 1.15706789 1.06820261 1.00795519,WITNESS,pure-path one_aux_T,,0.0015101432800292969,0.006440639495849609,0.013749837875366211,35.9140625,35.9140625,35.9140625
grid,12,23,grid_k12_N144_seed23,ok,144,264,0,143,0,22,24,23.901526927947998,1.2494386434555054,24.33036458492279,23.305904507637024,4.233044981956482,1,-0.5956224203109741,-0.5954377055168152,-0.8206009864807129,0.4347684649703025,0.9331133642665834,0.9645848921404401,0.9326853626906204,0.9565217391304348,OPEN,-0.5956224203109741,"neither certificate fires -- constructive search, then UNDETERMINED",0.34275078773498535,ok,6.592273712158203e-05,6.592273712158203e-05,0.02842158079147339,0.03787451982498169,0.3824312090873718,both_aux,5024810,,,,UNDETERMINED,"cycle leg OPEN (neither certificate fired, no witness found)",,0.0014815330505371094,2.427597761154175,14.902744054794312,35.9140625,35.9140625,35.9140625
grid,12,24,grid_k12_N144_seed24,ok,144,264,0,143,0,22,24,23.569458603858948,1.24909245967865,24.35301411151886,23.32762610912323,4.199730157852173,1,-0.24183249473571777,-0.24153107404708862,-0.4655369520187378,0.4288469677111629,0.9471408166005697,0.96524654457632,0.946707426365313,0.9565217391304348,OPEN,-0.24183249473571777,"neither certificate fires -- constructive search, then UNDETERMINED",0.565986692905426,ok,0.018208980560302734,0.018208980560302734,0.3089803457260132,0.2802175283432007,0.6063589453697205,both_aux,3687576,,,,UNDETERMINED,"cycle leg OPEN (neither certificate fired, no witness found)",,0.0014843940734863281,1.2683765888214111,9.31303071975708,35.9140625,35.9140625,35.9140625
grid,12,25,grid_k12_N144_seed25,ok,144,264,0,143,0,22,24,23.53490376472473,1.2499114274978638,24.308062434196472,23.28370690345764,4.161032676696777,1,-0.25119686126708984,-0.2506679892539978,-0.47675275802612305,0.42793766398453925,0.9467806109357473,0.9653497695731826,0.9463124235961414,0.9565217391304348,OPEN,-0.25119686126708984,"neither certificate fires -- constructive search, then UNDETERMINED",0.5037742853164673,ok,0.03179597854614258,0.03179597854614258,0.11481493711471558,0.2736020088195801,0.5452976822853088,both_aux,2436877,,,,UNDETERMINED,"cycle leg OPEN (neither certificate fired, no witness found)",,0.0014731884002685547,1.1641857624053955,8.320324420928955,35.9140625,35.9140625,35.9140625
grid,12,26,grid_k12_N144_seed26,ok,144,264,0,143,0,22,24,23.547317385673523,1.2493425607681274,24.313876509666443,23.287023186683655,4.112959265708923,1,-0.26029419898986816,-0.25953346490859985,-0.4827834367752075,0.4283583390377888,0.9465078237498522,0.9653019596788927,0.9459482603844086,0.9565217391304348,OPEN,-0.26029419898986816,"neither certificate fires -- constructive search, then UNDETERMINED",0.5139416456222534,ok,0.12346327304840088,0.12346327304840088,0.495597779750824,0.21917062997817993,0.7372555732727051,both_aux,6953293,,,,UNDETERMINED,"cycle leg OPEN (neither certificate fired, no witness found)",,0.0014679431915283203,3.110370397567749,19.08838415145874,35.9140625,35.9140625,35.9140625
grid,12,27,grid_k12_N144_seed27,ok,144,264,0,143,0,22,24,23.568725109100342,1.2494585514068604,24.175349712371826,23.162160754203796,4.175539970397949,1,-0.4065643548965454,-0.40634745359420776,-0.642833948135376,0.4287079733741563,0.9402603294729823,0.9652622949899845,0.9400215830119382,0.9565217391304348,OPEN,-0.4065643548965454,"neither certificate fires -- constructive search, then UNDETERMINED",0.4651392698287964,ok,0.09346544742584229,0.09346544742584229,0.12926548719406128,0.17773014307022095,0.4361830949783325,both_aux,1091761,,,,UNDETERMINED,"cycle leg OPEN (neither certificate fired, no witness found)",,0.0014805793762207031,0.5293698310852051,7.490917444229126,35.9140625,35.9140625,35.9140625
grid,12,28,grid_k12_N144_seed28,ok,144,264,0,143,0,22,24,23.94652819633484,1.249927043914795,24.335512042045593,23.30964946746826,4.280173182487488,1,-0.6368787288665771,-0.636845052242279,-0.8609431982040405,0.4354168347977019,0.9315568637888297,0.964513538143312,0.9310822121828969,0.9565217391304348,OPEN,-0.6368787288665771,"neither certificate fires -- constructive search, then UNDETERMINED",0.42814451456069946,ok,0.10497939586639404,0.15599751472473145,0.11377710103988647,0.10497939586639404,0.3829968571662903,one_aux_T,3979293,,,,UNDETERMINED,"cycle leg OPEN (neither certificate fired, no witness found)",,0.001516103744506836,1.9248754978179932,11.623103141784668,35.9140625,35.9140625,35.9140625
grid,12,29,grid_k12_N144_seed29,ok,144,264,0,143,0,22,24,23.73301362991333,1.2489392757415771,24.315048456192017,23.287097334861755,4.213551044464111,1,-0.4459162950515747,-0.44493812322616577,-0.6669044494628906,0.4318758196525222,0.939147247195063,0.9649058418770209,0.9385497850962565,0.9565217391304348,OPEN,-0.4459162950515747,"neither certificate fires -- constructive search, then UNDETERMINED",,witness,-0.05586665868759155,,,,,,,one_aux_S,0 1 13 25 26 27 39 38 37 49 48 60 61 62 63 75 87 99 111 110 122 134 133 121,1.01251173 1.06630075 1.1521759 1.04535508 1.01104546 1.05010486 1.02558982 1.04090405 1.06134617 1.03440273 1.15370262 1.04069698 1.00886154 1.05886245 1.01619041 1.06838512 1.05441487 1.05187261 1.0449332 1.04941392 1.06503427 1.04689467 1.03629553,WITNESS,pure-path one_aux_S,,0.0014910697937011719,0.0030450820922851562,0.01033329963684082,35.9140625,35.9140625,35.9140625
grid,12,30,grid_k12_N144_seed30,ok,144,264,0,143,0,22,24,23.45514440536499,1.2497152090072632,24.307634234428406,23.281872749328613,4.121369361877441,1,-0.17327165603637695,-0.1728510856628418,-0.39722537994384766,0.42655435407699926,0.9499834093167803,0.9655076482067885,0.9494555662299594,0.9565217391304348,OPEN,-0.17327165603637695,"neither certificate fires -- constructive search, then UNDETERMINED",0.4416205883026123,ok,0.009933114051818848,0.009933114051818848,0.37001436948776245,0.21791893243789673,0.6363426446914673,both_aux,2926373,,,,UNDETERMINED,"cycle leg OPEN (neither certificate fired, no witness found)",,0.0014777183532714844,0.9755027294158936,7.5726025104522705,35.9140625,35.9140625,35.9140625
grid,12,31,grid_k12_N144_seed31,ok,144,264,0,143,0,22,24,23.384679675102234,1.248602271080017,24.2376766204834,23.22047257423401,4.258874416351318,1,-0.1642071008682251,-0.1641649603843689,-0.39560532569885254,0.4256519509260931,0.9501036808769536,0.9656111934989909,0.9498050483789565,0.9565217391304348,OPEN,-0.1642071008682251,"neither certificate fires -- constructive search, then UNDETERMINED",0.7241814136505127,ok,0.10820460319519043,0.10820460319519043,0.37064945697784424,0.2712945342063904,0.7004024982452393,both_aux,1340864,,,,UNDETERMINED,"cycle leg OPEN (neither certificate fired, no witness found)",,0.0009288787841796875,0.42186594009399414,5.7211408615112305,35.9140625,35.9140625,35.9140625
grid,12,32,grid_k12_N144_seed32,ok,144,264,0,143,0,22,24,23.372581839561462,1.2477933168411255,24.207741618156433,23.191075205802917,4.157602310180664,1,-0.18150663375854492,-0.18146562576293945,-0.4126335382461548,0.42570755479999833,0.9494214190356539,0.965604800600233,0.9490935892504517,0.9565217391304348,OPEN,-0.18150663375854492,"neither certificate fires -- constructive search, then UNDETERMINED",0.5094562768936157,ok,0.011068940162658691,0.038218021392822266,0.11039108037948608,0.011068940162658691,0.4389786124229431,one_aux_T,424506,,,,UNDETERMINED,"cycle leg OPEN (neither certificate fired, no witness found)",,0.001481771469116211,0.21041154861450195,2.948030471801758,35.9140625,35.9140625,35.9140625
grid,12,33,grid_k12_N144_seed33,ok,144,264,0,143,0,22,24,23.432172656059265,1.2496984004974365,24.197622060775757,23.181426525115967,4.109864830970764,1,-0.25074613094329834,-0.25066858530044556,-0.4842489957809448,0.4261423222873797,0.946611049742984,0.9655548719533593,0.9462860632172115,0.9565217391304348,OPEN,-0.25074613094329834,"neither certificate fires -- constructive search, then UNDETERMINED",0.40674304962158203,ok,0.01715266704559326,0.01715266704559326,0.16282671689987183,0.3272615075111389,0.49008822441101074,both_aux,1038444,,,,UNDETERMINED,"cycle leg OPEN (neither certificate fired, no witness found)",,0.0014483928680419922,0.508469820022583,5.094159364700317,35.9140625,35.9140625,35.9140625
grid,12,34,grid_k12_N144_seed34,ok,144,264,0,143,0,22,24,23.414963841438293,1.2498754262924194,24.261270880699158,23.236188888549805,4.167563438415527,1,-0.17877495288848877,-0.17871999740600586,-0.4035683870315552,0.4257690470018845,0.9497985330197064,0.9655977326519333,0.9492186260439551,0.9565217391304348,OPEN,-0.17877495288848877,"neither certificate fires -- constructive search, then UNDETERMINED",0.6788913011550903,ok,0.1654071807861328,0.1654071807861328,0.39490461349487305,0.29074180126190186,0.7106907963752747,both_aux,3052919,,,,UNDETERMINED,"cycle leg OPEN (neither certificate fired, no witness found)",,0.001512765884399414,1.4903767108917236,9.964569091796875,35.9140625,35.9140625,35.9140625
grid,12,35,grid_k12_N144_seed35,ok,144,264,0,143,0,22,24,23.610039114952087,1.2490812540054321,24.261993885040283,23.23993408679962,4.127721667289734,1,-0.3701050281524658,-0.36923426389694214,-0.5971264839172363,0.4295891851281913,0.9419790010937498,0.9651626112913355,0.9415275452002297,0.9565217391304348,OPEN,-0.3701050281524658,"neither certificate fires -- constructive search, then UNDETERMINED",,witness,-0.005788028240203857,,,,,,,one_aux_S,0 12 13 14 2 3 15 16 17 29 30 31 19 7 8 9 21 33 34 46 47 59 58 57,1.1146239 1.08346665 1.06503212 1.00022304 1.02419639 1.22708154 1.01946938 1.03625667 1.0280112 1.04219425 1.01308572 1.0284586 1.01090753 1.00025654 1.00721788 1.02543855 1.05048275 1.13555193 1.02921021 1.07897031 1.06001294 1.01134646 1.02551305,WITNESS,pure-path one_aux_S,,0.001466512680053711,0.0034148693084716797,0.010767221450805664,35.9140625,35.9140625,35.9140625
grid,12,36,grid_k12_N144_seed36,ok,144,264,0,143,0,22,24,23.488320112228394,1.2471022605895996,24.307704210281372,23.281096816062927,4.178416728973389,1,-0.2072232961654663,-0.20556026697158813,-0.4277181625366211,0.4280526737588625,0.9486443511623263,0.9653366893309089,0.9480829241496505,0.9565217391304348,OPEN,-0.2072232961654663,"neither certificate fires -- constructive search, then UNDETERMINED",0.43236255645751953,ok,0.0478968620300293,0.0478968620300293,0.07966077327728271,0.16598141193389893,0.4753240942955017,both_aux,1268899,,,,UNDETERMINED,"cycle leg OPEN (neither certificate fired, no witness found)",,0.0014829635620117188,0.4534294605255127,4.338054656982422,35.9140625,35.9140625,35.9140625
grid,12,37,grid_k12_N144_seed37,ok,144,264,0,143,0,22,24,23.60600781440735,1.248711347579956,24.252169489860535,23.22785258293152,4.187684416770935,1,-0.3781552314758301,-0.3767016530036926,-0.60254967212677,0.4296430705462252,0.9417583667890362,0.9651565289769023,0.9411987881886084,0.9565217391304348,OPEN,-0.3781552314758301,"neither certificate fires -- constructive search, then UNDETERMINED",0.3828693628311157,ok,0.027995049953460693,0.15212130546569824,0.027995049953460693,0.31604963541030884,0.4104122519493103,one_aux_S,2070177,,,,UNDETERMINED,"cycle leg OPEN (neither certificate fired, no witness found)",,0.0014643669128417969,0.9738008975982666,5.060260057449341,35.9140625,35.9140625,35.9140625
grid,12,38,grid_k12_N144_seed38,ok,144,264,0,143,0,22,24,23.243446707725525,1.2478604316711426,24.216503739356995,23.19859790802002,4.115237236022949,1,-0.04484879970550537,-0.044539451599121094,-0.27480340003967285,0.4233327213852418,0.9550417388699519,0.9658793362310742,0.9546761070074691,0.9565217391304348,OPEN,-0.04484879970550537,"neither certificate fires -- constructive search, then UNDETERMINED",0.4730978012084961,ok,0.04250675439834595,0.05479776859283447,0.04250675439834595,0.10605251789093018,0.4182512164115906,one_aux_S,100036,,,,UNDETERMINED,"cycle leg OPEN (neither certificate fired, no witness found)",,0.0008785724639892578,0.03293871879577637,0.33745336532592773,35.9140625,35.9140625,35.9140625
grid,12,39,grid_k12_N144_seed39,ok,144,264,0,143,0,22,24,23.430163979530334,1.2491830587387085,24.2644624710083,23.24366044998169,4.0884352922439575,1,-0.18650352954864502,-0.1864892840385437,-0.4148845672607422,0.42628157905469266,0.9493072242767747,0.9655389012575505,0.948907849590708,0.9565217391304348,OPEN,-0.18650352954864502,"neither certificate fires -- constructive search, then UNDETERMINED",0.3956006169319153,ok,0.13486534357070923,0.1432119607925415,0.30932164192199707,0.13486534357070923,0.5392053127288818,one_aux_T,1833311,,,,UNDETERMINED,"cycle leg OPEN (neither certificate fired, no witness found)",,0.0008690357208251953,0.5766901969909668,4.573732614517212,35.9140625,35.9140625,35.9140625
grid,12,40,grid_k12_N144_seed40,ok,144,264,0,143,0,22,24,23.550260424613953,1.2496964931488037,24.374348044395447,23.348910450935364,4.138801455497742,1,-0.20134997367858887,-0.20119500160217285,-0.42560887336730957,0.42829054446643766,0.9487433247522323,0.9653096582117809,0.9483436713076427,0.9565217391304348,OPEN,-0.20134997367858887,"neither certificate fires -- constructive search, then UNDETERMINED",,witness,-0.02043938636779785,,,,,,,one_aux_T,143 142 130 129 117 105 93 81 82 70 69 68 67 66 65 77 76 88 87 86 74 73 61 62,1.02614498 1.03539062 1.02020729 1.00372398 1.00368214 1.08814955 1.07124794 1.02402627 1.02512765 1.07023728 1.04252994 1.14551091 1.03028929 1.05097055 1.05979455 1.01689613 1.01716292 1.05698562 1.01770997 1.05188215 1.08102727 1.0861721 1.00990391,WITNESS,pure-path one_aux_T,,0.0014357566833496094,0.0062406063079833984,0.013517618179321289,35.9140625,35.9140625,35.9140625
